EpRewMean,ev_tdlam_before,loss_pol_surr,TimeElapsed,loss_pol_entpen,loss_ent,TimestepsSoFar,EpLenMean,EpisodesSoFar,loss_kl,loss_vf_loss,EpThisIter
51.0289922056,-0.00852966308594,-0.0287777,2.1093685626983643,0.0,1.38747,2046,5.64,363,0.0181154,640.237,363
55.062998704,0.454988598824,-0.0497737,3.9999871253967285,0.0,1.31479,4090,6.07,701,0.0305722,400.336,338
64.0747896274,0.267761111259,-0.0374144,5.843730926513672,0.0,1.26005,6141,7.03,997,0.0166201,418.347,296
74.2814843882,0.230116486549,-0.0301537,7.703100681304932,0.0,1.19865,8190,8.13,1253,0.0175786,523.645,256
81.1338720765,0.299154102802,-0.02483,9.54684591293335,0.0,1.1399,10232,8.87,1484,0.0147484,539.271,231
88.7556238836,0.384881675243,-0.0270843,11.390588998794556,0.0,1.09175,12287,9.69,1697,0.0167549,533.146,213
103.166534543,0.401953518391,-0.0258824,13.205421447753906,0.0,1.02871,14324,11.24,1879,0.0146292,744.542,182
118.535140592,0.447032630444,-0.0227445,15.043487071990967,0.0,0.978145,16381,12.9,2041,0.0110854,890.908,162
125.797229951,0.459412455559,-0.0216764,16.84401798248291,0.0,0.917532,18429,13.67,2187,0.0137239,1029.3,146
146.78527118,0.485459148884,-0.0189979,18.672293424606323,0.0,0.872539,20468,15.96,2314,0.00904285,1218.42,127
173.906576133,0.440521597862,-0.0174166,20.469542264938354,0.0,0.830078,22508,18.89,2423,0.00961051,1785.13,109
177.076050329,0.483013927937,-0.0159664,22.281825065612793,0.0,0.780333,24562,19.25,2529,0.00620569,1591.65,106
191.759859817,0.47451967001,-0.0201948,24.078338623046875,0.0,0.751104,26618,20.81,2628,0.0115214,1857.87,99
188.069195986,0.485711634159,-0.016411,25.891127347946167,0.0,0.71529,28661,20.43,2728,0.00892024,1769.85,100
230.502463874,0.506526350975,-0.0169627,27.688268423080444,0.0,0.670757,30716,25.02,2808,0.00801333,2349.92,80
236.45476228,0.532780766487,-0.0143723,29.48525071144104,0.0,0.641897,32753,25.66,2887,0.00786086,2298.65,79
233.683201352,0.545931309462,-0.0140485,31.282249927520752,0.0,0.604157,34794,25.36,2967,0.00674295,2166.03,80
255.022237751,0.568572580814,-0.0125028,33.078954458236694,0.0,0.5867,36850,27.66,3036,0.00448269,2663.03,69
260.891952692,0.561792880297,-0.0132134,34.8601233959198,0.0,0.554026,38902,28.28,3109,0.00859203,2402.08,73
264.098474723,0.612833052874,-0.013329,36.67206525802612,0.0,0.51599,40948,28.64,3181,0.0100546,2365.6,72
281.116500163,0.638481259346,-0.011485,38.45331168174744,0.0,0.49981,42993,30.47,3243,0.00517789,2532.63,62
309.278264946,0.618388295174,-0.0125464,40.25018095970154,0.0,0.477886,45040,33.51,3303,0.00661059,2713.45,60
309.297765721,0.663144350052,-0.00765034,42.03142476081848,0.0,0.467783,47090,33.52,3365,0.0139137,2228.59,62
313.775187811,0.673204481602,-0.0119492,43.84391927719116,0.0,0.440989,49148,34.0,3425,0.00705686,2310.45,60
331.030863086,0.663891285658,-0.0113127,45.62612271308899,0.0,0.420934,51184,35.83,3478,0.00785133,2887.84,53
369.451372995,0.667236477137,-0.00844876,47.40913152694702,0.0,0.397391,53180,39.93,3527,0.0102292,2966.5,49
381.799752614,0.639547944069,-0.0168209,49.19636249542236,0.0,0.364263,55250,41.26,3576,0.00904037,3415.4,49
407.327571907,0.657846182585,-0.00666484,50.984992027282715,0.0,0.335165,57328,44.01,3621,0.0111287,3674.27,45
421.730982008,0.681015014648,-0.0116226,52.765751361846924,0.0,0.303636,59380,45.56,3665,0.00444887,3439.36,44
432.213688788,0.692992717028,-0.00983561,54.546995639801025,0.0,0.290079,61388,46.69,3708,0.00755764,3505.78,43
446.493589526,0.704742223024,-0.00947467,56.328240394592285,0.0,0.281825,63447,48.22,3748,0.0037123,3511.9,40
445.078286821,0.754718363285,-0.00579922,58.109484910964966,0.0,0.25966,65533,48.06,3795,0.0156382,2513.71,47
420.34892072,0.704175174236,-0.0128009,59.90590524673462,0.0,0.237286,67558,45.4,3839,0.0056326,3224.52,44
449.267718757,0.710609674454,-0.0103141,61.68715023994446,0.0,0.211733,69578,48.52,3875,0.00469244,3798.0,36
484.928341016,0.710148125887,-0.00894203,63.46839427947998,0.0,0.174773,71657,52.35,3911,0.0101864,3794.59,36
541.483857051,0.717879146338,-0.0108204,65.24963879585266,0.0,0.160472,73676,58.42,3944,0.00606888,3894.21,33
581.16938707,0.686600029469,-0.0149622,67.03088474273682,0.0,0.147529,75635,62.69,3972,0.00655009,4765.15,28
636.228209817,0.72545877099,-0.0116691,68.81212854385376,0.0,0.131117,77804,68.61,3998,0.00921027,4923.61,26
660.937976637,0.646800786257,-0.0148745,70.59337306022644,0.0,0.125849,79862,71.28,4026,0.00789067,5464.55,28
677.452777739,0.664972037077,-0.00805089,72.37461757659912,0.0,0.113893,81905,73.05,4057,0.0072192,4406.58,31
660.956952263,0.715405493975,-0.0012416,74.15586185455322,0.0,0.0965776,83949,71.27,4086,0.0158759,4853.96,29
648.872756653,0.767169699073,-0.0125351,75.93047189712524,0.0,0.0900505,85979,69.95,4114,0.00697849,3883.3,28
706.793055892,0.660534381866,-0.0114439,77.70366764068604,0.0,0.0783664,88015,76.17,4134,0.012398,6018.72,20
735.147606554,0.673384338617,-0.0161015,79.50029730796814,0.0,0.0634427,90081,79.21,4160,0.00946945,4776.15,26
779.482820648,0.696066349745,-0.017551,81.2740306854248,0.0,0.0761799,91994,83.98,4183,0.00853317,5038.5,23
829.4789016,0.610984236002,-0.00916763,83.05431604385376,0.0,0.0487241,94180,89.37,4205,0.0130676,6495.93,22
900.638882353,0.679989725351,-0.0129621,84.8209319114685,0.0,0.0412201,96154,97.02,4218,0.00961964,6583.64,13
947.643574992,0.609950304031,-0.0109831,86.60931134223938,0.0,0.0187185,98129,102.08,4232,0.0120683,7284.05,14
1019.68041737,0.647953927517,-0.00855105,88.37493181228638,0.0,-0.00604403,99787,109.82,4246,0.011,6975.46,14
1151.46848531,0.690287292004,-0.0133274,90.15617561340332,0.0,-0.0227518,102235,123.98,4257,0.00769895,6649.82,11
1290.98942907,0.640102267265,-0.0103472,91.92179417610168,0.0,-0.0416875,104418,138.97,4268,0.00780695,7121.25,11
1401.49801681,0.791710972786,-0.0104226,93.68878483772278,0.0,-0.0450693,106451,150.83,4277,0.00386156,6126.28,9
1522.83723406,0.631683647633,-0.0203687,95.46901774406433,0.0,-0.054567,108380,163.86,4283,0.0156043,6813.45,6
1585.77547279,0.62202078104,-0.0087734,97.23545479774475,0.0,-0.0658404,110313,170.61,4292,0.00926686,7185.37,9
1755.12792217,0.5415148139,-0.00853607,99.00161361694336,0.0,-0.0983372,112516,188.8,4297,0.00517559,7407.43,5
1884.79743368,0.722640395164,-0.00929029,100.78170490264893,0.0,-0.105869,114453,202.73,4305,0.00523055,6298.12,8
1949.8783079,0.673668444157,-0.0108809,102.54706716537476,0.0,-0.114479,116545,209.72,4313,0.0044583,6629.99,8
2067.68943176,0.711803406477,-0.0152341,104.38371443748474,0.0,-0.131051,118781,222.37,4320,0.00938652,6728.37,7
2183.80204799,0.699290394783,-0.0083858,106.1420202255249,0.0,-0.143098,120776,234.84,4324,0.00659823,6183.18,4
2307.7756808,0.490076839924,-0.0121893,107.93867754936218,0.0,-0.142112,122498,248.15,4326,0.0162056,6748.97,2
2483.09739372,0.666684657335,-0.0147287,109.70026898384094,0.0,-0.143302,124643,266.97,4330,0.00602465,6220.2,4
2621.95546235,0.702255547047,-0.0121535,111.4843213558197,0.0,-0.151388,126878,281.88,4336,0.00764515,5771.81,6
2765.63390707,0.702643722296,-0.000908018,113.25012040138245,0.0,-0.164006,128985,297.31,4343,0.0115957,5759.49,7
2747.55870391,0.776406109333,-0.00443882,115.04080271720886,0.0,-0.175717,130323,295.36,4347,0.0162377,5685.04,4
2932.91457972,0.143133103848,-0.00155242,116.81179666519165,0.0,-0.183544,132956,315.26,4350,0.0190223,7089.46,3
3100.97973348,0.521418273449,0.00132326,118.57741641998291,0.0,-0.177319,135065,333.31,4354,0.0243055,6438.16,4
3245.31014049,0.567076981068,-0.00483804,120.34303665161133,0.0,-0.161288,137115,348.8,4357,0.0283232,5948.09,3
3292.51848305,0.594271272421,-0.0130702,122.12581372261047,0.0,-0.18257,139072,353.86,4365,0.0139485,6449.08,8
3416.96129509,0.266046643257,-0.00171756,123.89127945899963,0.0,-0.179681,141218,367.21,4369,0.0174554,7050.22,4
3507.89814245,0.584556937218,-0.0101602,125.67223834991455,0.0,-0.20349,143295,376.97,4374,0.00800855,5909.55,5
3605.34895946,0.451914191246,-0.0106449,127.43797516822815,0.0,-0.198558,145193,387.42,4377,0.00822478,5889.9,3
3768.71272575,0.334309697151,-0.00847738,129.21926498413086,0.0,-0.211773,147408,404.95,4380,0.0209571,6225.65,3
3813.31415727,0.237018346786,-0.00858197,130.9849202632904,0.0,-0.220735,148911,409.72,4382,0.0093004,5853.65,2
3933.49711422,0.00117880105972,-0.00509181,132.76578497886658,0.0,-0.224491,150911,422.61,4384,0.011025,5834.78,2
4085.47417833,0.29656213522,-0.00559178,134.5314028263092,0.0,-0.234876,152747,438.92,4386,0.004015,5627.15,2
4211.81971268,-0.00396573543549,-0.00322365,136.31264805793762,0.0,-0.236937,154747,452.47,4388,0.02091,5817.55,2
4321.09604623,0.520905703306,-0.0165471,138.0781807899475,0.0,-0.241123,157490,464.18,4393,0.0117259,5541.36,5
4386.15573818,0.429078161716,-0.0101209,139.8594274520874,0.0,-0.248583,159567,471.15,4396,0.0102543,5431.25,3
4449.37074459,0.64878448844,-0.00540405,141.62504601478577,0.0,-0.25971,161105,477.93,4399,0.0253791,4388.33,3
4581.92705458,0.727872639894,-0.0158815,143.40628957748413,0.0,-0.244735,163359,492.15,4403,0.011985,4267.88,4
4735.64772576,0.123643934727,-0.0171282,145.17191076278687,0.0,-0.253701,165756,508.63,4406,0.0176563,5807.7,3
4834.96960219,0.715158075094,-0.00360794,146.95265173912048,0.0,-0.27331,167378,519.28,4409,0.01386,4259.41,3
4959.94265007,0.0866875648499,-0.00149525,148.73476004600525,0.0,-0.287281,169378,532.67,4411,0.0172613,5011.1,2
5105.99661837,-0.0282570123672,-0.00577516,150.51584315299988,0.0,-0.291311,171378,548.33,4413,0.00561197,5178.79,2
5221.63831332,0.457279682159,0.00427531,152.2814621925354,0.0,-0.315003,173677,560.72,4416,0.0282511,4889.53,3
5328.28779274,0.310416519642,-0.00636108,154.04708123207092,0.0,-0.308972,175957,572.13,4419,0.00726429,5229.11,3
5441.2311481,-0.00494277477264,-0.00715598,155.82832527160645,0.0,-0.302703,177957,584.22,4421,0.0099719,5209.11,2
5518.56550383,0.391721010208,-0.000397434,157.60957098007202,0.0,-0.334406,180025,592.49,4424,0.030885,5246.04,3
5544.68797289,0.129624426365,-0.00942871,159.35956597328186,0.0,-0.358182,182025,595.27,4426,0.00840325,4442.48,2
5550.37569702,0.561284989119,-0.0101669,161.1474642753601,0.0,-0.356366,183374,595.86,4429,0.00679073,4344.65,3
5599.1947987,-0.0363290309906,-0.00127585,162.90615844726562,0.0,-0.361196,185374,601.08,4431,0.0265669,4965.47,2
5758.49123302,2.68220901489e-06,-0.00596274,164.68740344047546,0.0,-0.34385,188374,618.14,4434,0.0113559,5749.69,3
5915.3962846,-0.0010666847229,-0.00521988,166.45302295684814,0.0,-0.342082,190374,634.96,4436,0.0134248,4972.05,2
5976.01691448,0.630996525288,0.00851902,168.23426914215088,0.0,-0.351663,191782,641.46,4438,0.054918,2678.63,2
6087.11392205,-0.0150227546692,-0.00358348,169.9928114414215,0.0,-0.340258,193782,653.36,4440,0.0272105,4864.33,2
6167.25053666,0.592179268599,-0.0110064,171.76641082763672,0.0,-0.351939,196516,661.93,4447,0.0127101,6724.67,7
6201.70724136,0.0520288348198,-0.00619865,173.54737663269043,0.0,-0.345621,198516,665.6,4449,0.0154949,4730.97,2
6201.97066558,-0.00831973552704,-0.00220934,175.313081741333,0.0,-0.335101,200516,665.6,4451,0.0177838,4799.33,2
6341.66195724,-0.0184453725815,-0.00405407,177.07857012748718,0.0,-0.330078,202516,680.58,4453,0.00938703,4732.4,2
6375.45545713,0.199619889259,-0.013571,178.84425830841064,0.0,-0.323904,204533,684.18,4456,0.0139359,5206.0,3
6441.40261603,0.138209700584,-0.00365721,180.62582755088806,0.0,-0.318723,206696,691.24,4459,0.0116352,5138.78,3
6555.75213749,0.697491288185,-0.0121651,182.39147448539734,0.0,-0.325243,208808,703.51,4463,0.00684941,3137.04,4
6529.94612213,0.79892206192,-0.0165276,184.15632724761963,0.0,-0.308124,210146,700.74,4466,0.0218322,2831.01,3
6614.50592737,-0.101147890091,-0.00506783,185.9219455718994,0.0,-0.308813,212146,709.8,4468,0.0120595,4799.57,2
6740.48505682,0.443100094795,-0.0094941,187.703191280365,0.0,-0.312234,214636,723.31,4472,0.00916179,6210.44,4
6811.23520258,0.249515235424,0.00064189,189.46881008148193,0.0,-0.310403,216761,730.89,4475,0.0277536,5511.58,3
6851.13048593,0.194286227226,-0.00732768,191.23443245887756,0.0,-0.314712,219004,735.16,4478,0.0134077,5690.18,3
6715.25674692,0.670605689287,-0.0067475,193.00004959106445,0.0,-0.322905,220466,720.58,4481,0.00867825,3872.17,3
6639.28281929,0.532317638397,-0.011756,194.77004551887512,0.0,-0.330537,223154,712.43,4485,0.0126686,3967.79,4
6465.68575135,0.609690248966,-0.0113897,196.54766869544983,0.0,-0.352225,225127,693.8,4489,0.00728227,5462.56,4
6533.35915605,0.313488125801,-0.00370757,198.3235764503479,0.0,-0.361281,226691,701.06,4491,0.0329343,4259.47,2
6614.01966553,0.403771102428,-0.00617618,200.07821345329285,0.0,-0.341105,228945,709.71,4494,0.00607533,5404.82,3
6620.3997696,0.581749886274,-0.00990085,201.8640456199646,0.0,-0.342705,230607,710.4,4496,0.0211912,3315.38,2
6647.09481929,0.707744985819,-0.00949851,203.62642002105713,0.0,-0.367563,233387,713.27,4501,0.00897269,4852.4,5
6662.63704118,0.831923663616,-0.00285324,205.39105868339539,0.0,-0.38653,234852,714.93,4503,0.0210833,2151.24,2
6660.33664665,0.448093891144,-0.0049666,207.1567463874817,0.0,-0.364009,237224,714.68,4506,0.0126165,5352.86,3
6760.93346921,-0.000868797302246,-0.00280657,208.93829035758972,0.0,-0.352494,239224,725.47,4508,0.0225769,4883.49,2
6635.3314667,0.616315156221,-0.0141788,210.70359063148499,0.0,-0.368621,241578,712.0,4512,0.0054153,5600.37,4
6473.42195388,0.747436463833,-0.011296,212.48486828804016,0.0,-0.360509,243141,694.64,4516,0.0157576,5369.75,4
6435.57709449,0.688947290182,-0.00833337,214.25021862983704,0.0,-0.369073,245017,690.6,4519,0.0079859,3755.55,3
6212.79023749,0.530051022768,-0.000222428,216.03170013427734,0.0,-0.391837,247699,666.74,4525,0.0217422,7265.06,6
6212.64885081,-0.178976297379,-0.0071402,217.78134536743164,0.0,-0.395561,249699,666.74,4527,0.0129725,5084.06,2
6160.64500829,0.529943287373,-0.0110198,219.57835459709167,0.0,-0.405295,251491,661.17,4531,0.019494,5549.76,4
6160.6250074,-0.106587529182,-0.0122369,221.34397435188293,0.0,-0.408484,253491,661.17,4533,0.011099,5174.04,2
6160.62038761,-0.0997302532196,-0.00693132,223.1252191066742,0.0,-0.402211,255491,661.17,4535,0.00660369,5142.31,2
6161.8220614,-0.000392556190491,0.000650205,224.8908395767212,0.0,-0.40207,257491,661.29,4537,0.0154402,5100.5,2
6215.96364078,-0.00435101985931,-0.00706246,226.6564600467682,0.0,-0.384207,259491,667.09,4539,0.0141063,5134.42,2
6215.86635003,-0.00727200508118,-0.00101878,228.4377043247223,0.0,-0.380616,261491,667.09,4541,0.017233,5166.91,2
6392.53742492,-0.0116672515869,-0.00948623,230.22043180465698,0.0,-0.389671,263491,686.04,4543,0.0174779,5212.47,2
6563.05920011,0.440320491791,-0.00648538,231.98467564582825,0.0,-0.389885,265948,704.32,4546,0.00982296,5345.23,3
6563.01012237,-0.0109652280807,-0.00594833,233.76690983772278,0.0,-0.390417,267948,704.32,4548,0.00593974,5279.09,2
6461.21438145,0.288681268692,-0.0103468,235.53266024589539,0.0,-0.403732,269857,693.41,4551,0.0229357,6121.53,3
6444.9278697,0.264716386795,-0.0095064,237.31310772895813,0.0,-0.405447,271682,691.66,4553,0.0123124,4385.36,2
6489.92163501,0.521754831076,-0.00694002,239.07958316802979,0.0,-0.403972,274182,696.49,4556,0.00817552,5645.08,3
6440.55201254,0.331692397594,-0.0111949,240.859454870224,0.0,-0.432938,275815,691.19,4559,0.0135923,6616.08,3
6471.84611909,0.71290820837,-0.00755959,242.62507343292236,0.0,-0.427727,278261,694.53,4563,0.0166139,5457.69,4
6596.43955067,-0.00114011764526,-0.00851106,244.40632033348083,0.0,-0.425162,280261,707.88,4565,0.0102872,5553.43,2
6627.04986822,-0.00629949569702,-0.00413337,246.17193865776062,0.0,-0.416512,282261,711.15,4567,0.019491,5474.33,2
6627.03607218,-0.0596140623093,-0.00906666,247.93755841255188,0.0,-0.412812,284261,711.15,4569,0.0065894,5565.46,2
6709.62250059,0.231340646744,-0.00203707,249.70317840576172,0.0,-0.402609,286636,720.0,4572,0.0123381,7515.08,3
6708.04957485,0.226569414139,-0.00686442,251.50004935264587,0.0,-0.394748,288618,719.82,4574,0.0181942,4848.51,2
6730.16781247,0.735363453627,-0.0116344,253.26566815376282,0.0,-0.385315,290223,722.19,4577,0.0139292,3582.86,3
6770.33753059,0.82865332067,-0.0110833,255.0312864780426,0.0,-0.396236,291883,726.49,4579,0.00951094,1938.05,2
6842.20678391,-0.0163646936417,-0.0101169,256.79690647125244,0.0,-0.391115,294883,734.17,4582,0.0187676,7642.73,3
6892.30940646,-0.163225054741,-0.00736467,258.5781526565552,0.0,-0.387865,296883,739.53,4584,0.0112745,5685.9,2
6991.34378537,0.388538241386,-0.00275117,260.35962867736816,0.0,-0.401386,298564,750.15,4586,0.0300268,3125.48,2
7054.78418377,-0.0170249938965,-0.00527758,262.1296594142914,0.0,-0.382065,300564,756.94,4588,0.00877728,5743.91,2
7027.31919745,0.480096757412,-0.00604893,263.89868211746216,0.0,-0.388422,303089,753.98,4592,0.0326659,6697.82,4
6731.8043496,0.813605010509,-0.00814512,265.6874620914459,0.0,-0.388038,304834,722.24,4599,0.0054136,4523.02,7
6845.92693024,0.179794311523,-0.0125561,267.4530825614929,0.0,-0.389046,306834,734.47,4601,0.00966785,3986.22,2
6888.4034141,0.612539768219,-0.0065429,269.2351288795471,0.0,-0.383485,308754,739.02,4603,0.0111168,3582.18,2
6886.77238512,0.387270152569,-0.00151844,271.00051712989807,0.0,-0.382441,311108,738.84,4606,0.012007,7252.36,3
6817.35137484,0.155913710594,-0.00762473,272.7740683555603,0.0,-0.379778,312363,731.39,4608,0.013382,4970.78,2
6879.88089618,0.350583076477,0.000746162,274.54713010787964,0.0,-0.369363,315386,738.08,4612,0.0423391,8455.85,4
6866.25013792,0.628372341394,-0.0172734,276.32837677001953,0.0,-0.383977,316568,736.62,4615,0.0196494,3222.95,3
6937.85991871,0.194598555565,-0.00306098,278.0864996910095,0.0,-0.397217,318795,744.29,4618,0.0420764,7733.6,3
6970.47585083,-0.0257105827332,-0.00916613,279.85957050323486,0.0,-0.392621,320795,747.78,4620,0.0135826,5746.0,2
7092.08342077,0.472612559795,-0.0107111,281.6251895427704,0.0,-0.394872,322623,760.82,4622,0.0193436,3944.83,2
7263.96964999,0.00401383638382,-0.0092163,283.40643644332886,0.0,-0.390522,325623,779.24,4625,0.0134807,7992.34,3
7224.98639105,0.314469754696,-0.0122881,285.17205357551575,0.0,-0.393311,327204,775.05,4627,0.0136407,4482.07,2
7283.00149547,-0.0225427150726,-0.0046043,286.943959236145,0.0,-0.382511,329204,781.26,4629,0.00785634,5786.05,2
7431.03189556,-0.0834065675735,-0.00954844,288.7189874649048,0.0,-0.367955,331204,797.13,4631,0.0117912,5893.71,2
7431.09194749,-0.0271784067154,-0.00262806,290.48460721969604,0.0,-0.387861,333204,797.13,4633,0.0158691,5806.8,2
7431.09356769,-0.0142520666122,-0.00649067,292.2587671279907,0.0,-0.364904,335204,797.13,4635,0.0124143,5809.16,2
7338.40376987,0.407125592232,-0.00862715,294.01606464385986,0.0,-0.380411,337211,787.2,4638,0.0130015,5537.99,3
7231.21542488,0.42677628994,-0.0133504,295.7815456390381,0.0,-0.39727,339062,775.71,4641,0.00841031,5154.71,3
7231.26124223,-0.00283062458038,-0.00977513,297.5636234283447,0.0,-0.398415,341062,775.71,4643,0.0112654,5826.07,2
7281.90888049,-0.00249457359314,-0.00489177,299.3289246559143,0.0,-0.395114,344062,781.14,4646,0.00783321,8600.57,3
7281.97255384,-0.0180715322495,-0.00285271,301.09383058547974,0.0,-0.409386,346062,781.14,4648,0.022471,5806.1,2
7298.16220251,0.394507527351,-0.0113692,302.85950779914856,0.0,-0.417016,348144,782.87,4651,0.0132704,6067.83,3
7314.51383964,-0.0264996290207,-0.00785005,304.6305351257324,0.0,-0.416752,350144,784.62,4653,0.00966682,5800.72,2
7361.16319469,-0.00528228282928,-0.00493572,306.3910400867462,0.0,-0.418835,352144,789.62,4655,0.00862862,5820.31,2
7361.13996787,-0.0131825208664,-0.00529524,308.16832733154297,0.0,-0.412335,354144,789.62,4657,0.0109107,5819.22,2
7481.96281704,0.26594555378,-0.013053,309.93774032592773,0.0,-0.421759,356073,802.58,4659,0.0105156,3592.16,2
7465.78682662,0.46021258831,-0.0127528,311.70335960388184,0.0,-0.439101,357900,800.85,4661,0.0154739,3761.22,2
7610.67984195,-0.00175547599792,-0.00628664,313.4689793586731,0.0,-0.441944,359900,816.39,4663,0.00993923,5884.13,2
7560.47251881,0.608353346586,-0.0121765,315.2345986366272,0.0,-0.443838,362363,811.02,4666,0.0145484,4576.81,3
7447.05834933,0.39906591177,-0.0094017,317.0158438682556,0.0,-0.45622,364147,798.86,4669,0.0120632,6848.1,3
7447.08812231,-0.00467896461487,-0.00558735,318.78146505355835,0.0,-0.452036,366147,798.86,4671,0.0189616,5880.94,2
7507.06369715,-0.0230151414871,-0.00746363,320.5522310733795,0.0,-0.444231,368147,805.29,4673,0.0102797,5894.35,2
7501.34183063,0.598332107067,-0.00516893,322.3292987346649,0.0,-0.43898,369995,804.68,4675,0.0129052,3138.83,2
7622.95518557,-0.0580762624741,-0.00609545,324.1011755466461,0.0,-0.454042,371995,817.72,4677,0.0136143,6031.05,2
7654.60747989,-0.00644874572754,0.000527092,325.8752329349518,0.0,-0.466655,373995,821.12,4679,0.0226538,5907.24,2
7654.57983906,-0.00591623783112,-0.00546231,327.65647768974304,0.0,-0.46577,375995,821.12,4681,0.00836642,5906.85,2
7654.53610354,-0.00210738182068,-0.00901703,329.4220972061157,0.0,-0.455674,377995,821.12,4683,0.0113102,5918.11,2
7684.34081797,-0.0029833316803,-0.00767,331.203341960907,0.0,-0.458863,379995,824.31,4685,0.0278051,5920.23,2
7684.23509863,0.00215250253677,-0.00794954,332.97526955604553,0.0,-0.451951,381995,824.31,4687,0.0228413,5692.35,2
7703.76725452,0.329472661018,-0.0106103,334.7504930496216,0.0,-0.42749,384241,826.41,4690,0.0138228,5827.57,3
7751.40498534,0.00128161907196,-0.00797631,336.5159170627594,0.0,-0.432444,386241,831.52,4692,0.0141476,5895.24,2
7953.38568812,0.461390137672,-0.00861398,338.2990882396698,0.0,-0.441322,388919,853.18,4696,0.007304,7859.24,4
8118.14566874,-0.0104835033417,-0.00492522,340.06271862983704,0.0,-0.443835,390919,870.85,4698,0.0362806,5554.4,2
7959.23060708,0.589300602674,-0.00814347,341.8439643383026,0.0,-0.447214,393214,853.8,4702,0.0208135,6247.92,4
7904.41818008,0.505162119865,-0.00840089,343.60958433151245,0.0,-0.440452,394545,847.91,4704,0.00961325,3075.91,2
8001.85477772,0.454430162907,-0.0117553,345.4028596878052,0.0,-0.433534,397197,858.34,4707,0.0128763,5868.98,3
8001.9977673,0.0052255988121,-0.00870194,347.17728424072266,0.0,-0.428138,399197,858.34,4709,0.012628,6194.41,2
8093.18423155,0.00467300415039,-0.00510082,348.95330572128296,0.0,-0.418838,401197,868.11,4711,0.0492691,5452.75,2
8097.34680484,-0.000117659568787,-0.00827503,350.7199442386627,0.0,-0.400386,403197,868.54,4713,0.0164092,5939.01,2
8263.04018369,-0.065612077713,-0.00558222,352.51580238342285,0.0,-0.396078,405197,886.29,4715,0.0190117,5912.7,2
8301.64586409,0.478532135487,-0.0102584,354.2719404697418,0.0,-0.407598,406837,890.42,4717,0.0101766,4385.11,2
8102.15580054,0.42007035017,-0.0158269,356.0552785396576,0.0,-0.437064,409523,869.0,4722,0.0141471,9288.11,5
8015.96473159,0.332963883877,-0.00881229,357.82937121391296,0.0,-0.430948,411597,859.74,4725,0.017743,6379.7,3
8055.30750603,-0.00635731220245,-0.0103132,359.61681389808655,0.0,-0.41925,413597,863.93,4727,0.0159823,5855.15,2
8055.49756908,-0.0153628587723,-0.00617528,361.37538266181946,0.0,-0.419716,415597,863.93,4729,0.0181881,5867.32,2
7989.27639805,0.445280492306,-0.0134798,363.1617262363434,0.0,-0.429949,416886,856.82,4731,0.0132513,4988.68,2
7989.49652551,-0.00109219551086,-0.00453654,364.92226099967957,0.0,-0.414443,418886,856.82,4733,0.0117372,5898.55,2
7991.44033752,0.220930814743,-0.00461866,366.70449137687683,0.0,-0.422525,421643,856.99,4736,0.0090376,7508.58,3
8060.05860589,-0.067929983139,-0.0100774,368.46962094306946,0.0,-0.412104,423643,864.32,4738,0.00762547,5885.74,2
8081.60653403,-0.059966802597,-0.00687365,370.2351117134094,0.0,-0.387952,425643,866.6,4740,0.00950855,5926.05,2
8167.70354748,-0.0205149650574,-0.00818202,372.0000569820404,0.0,-0.351079,427643,875.81,4742,0.0126657,5887.31,2
8167.86591454,-0.0167557001114,-0.00472866,373.7796232700348,0.0,-0.355941,429643,875.81,4744,0.0187778,5895.14,2
8017.55571593,0.470488846302,-0.0115224,375.547415971756,0.0,-0.354232,432031,859.69,4748,0.0156244,5703.78,4
7905.87702105,0.579055339098,-0.00597638,377.31413173675537,0.0,-0.368009,433914,847.7,4752,0.0188329,4918.32,4
7628.23178683,0.732111603022,-0.0137308,379.07856607437134,0.0,-0.387006,435935,817.91,4757,0.00956412,7160.54,5
7516.04754398,0.682964593172,-0.0114698,380.8556225299835,0.0,-0.407379,437659,805.86,4760,0.0170454,4427.53,3
7532.3766308,-0.050234913826,-0.00763791,382.6253128051758,0.0,-0.409346,439659,807.59,4762,0.0196256,5876.59,2
7451.03244041,0.446047008038,-0.00831864,384.3833878040314,0.0,-0.412607,442247,798.84,4766,0.00769698,8707.61,4
7532.82681162,-0.0390831232071,-0.00294872,386.15633821487427,0.0,-0.406409,444247,807.6,4768,0.0200227,5812.71,2
7564.66537863,-0.00825679302216,-0.0024561,387.9227590560913,0.0,-0.404323,446247,811.0,4770,0.0196501,5829.92,2
7564.75684381,-0.109499335289,-0.00782095,389.6877279281616,0.0,-0.400041,448247,811.0,4772,0.0103583,5985.98,2
7579.08947554,-0.00577116012573,0.00173856,391.4533476829529,0.0,-0.399431,450247,812.52,4774,0.040882,5847.46,2
7579.12574248,-0.0661556720734,0.000241402,393.23459219932556,0.0,-0.376507,452247,812.52,4776,0.0201971,5844.55,2
7381.14327057,0.552361935377,-0.00995049,395.0002119541168,0.0,-0.382475,454124,791.29,4780,0.0123492,4335.21,4
7243.53225525,0.551599651575,-0.00965122,396.7658314704895,0.0,-0.38255,456650,776.55,4784,0.0205877,6860.05,4
7152.13512008,0.19331163168,-0.0109485,398.53145265579224,0.0,-0.376109,458669,766.74,4787,0.0108,7118.03,3
7149.76734468,0.432083189487,-0.00230777,400.312695980072,0.0,-0.386841,460643,766.48,4789,0.0382118,4469.72,2
7220.16385389,-0.0434612035751,-0.0078313,402.0786190032959,0.0,-0.385513,462643,774.02,4791,0.0115994,5859.82,2
7220.24958349,-0.016429066658,-0.00961079,403.8593125343323,0.0,-0.388137,464643,774.02,4793,0.0213024,5836.19,2
7276.36307631,0.385023415089,-0.0093958,405.6405575275421,0.0,-0.384039,466921,780.02,4796,0.00825417,6121.86,3
7242.7624602,0.442106664181,-0.00994445,407.40617752075195,0.0,-0.386243,468819,776.4,4799,0.00869899,5288.72,3
7242.48077168,0.328660845757,-0.0139005,409.1717972755432,0.0,-0.379621,470850,776.36,4802,0.0186469,3907.73,3
7304.94699117,-0.0627255439758,-0.00858658,410.9530420303345,0.0,-0.389845,472850,783.05,4804,0.00779653,5872.82,2
7323.43793931,0.28442722559,-0.00724785,412.71866154670715,0.0,-0.399615,474700,785.03,4806,0.00969469,5331.41,2
7323.48641966,0.00985968112946,-0.0117456,414.5005249977112,0.0,-0.410462,476700,785.03,4808,0.0137822,5769.66,2
7323.50673677,-0.0262142419815,-0.0103202,416.2669048309326,0.0,-0.400909,478700,785.03,4810,0.0152091,5904.35,2
7323.53527061,-0.0017466545105,-0.00548565,418.0468997955322,0.0,-0.394309,480700,785.03,4812,0.0148302,5897.95,2
7311.34832302,0.440929174423,-0.0117837,419.81252002716064,0.0,-0.396037,482570,783.73,4814,0.0075183,3626.07,2
7201.93625366,0.330039441586,-0.0101437,421.59376430511475,0.0,-0.39503,485038,772.01,4818,0.0109644,8478.77,4
7246.96213065,-0.059463262558,-0.0103761,423.35938334465027,0.0,-0.404591,487038,776.83,4820,0.00796403,5922.46,2
7417.96654558,-0.0278943777084,-0.00758793,425.1406297683716,0.0,-0.394635,489038,795.15,4822,0.0344604,5902.82,2
7264.69409426,0.470515489578,-0.0151842,426.9062478542328,0.0,-0.390745,491472,778.75,4827,0.00934368,8507.17,5
7168.97822415,0.428996562958,-0.00710032,428.6874942779541,0.0,-0.397242,492737,768.51,4830,0.0242882,4324.81,3
7085.02991617,0.499430775642,-0.00688135,430.45311307907104,0.0,-0.413104,494840,759.54,4833,0.0169612,5984.9,3
7084.88927387,-0.122015714645,-0.010254,432.2343575954437,0.0,-0.414717,496840,759.54,4835,0.0115881,5869.69,2
7107.42954208,-0.00487673282623,-0.00790366,433.9999761581421,0.0,-0.40466,498840,761.97,4837,0.00889372,5854.11,2
7107.29040418,-0.022518157959,-0.00720828,435.79444766044617,0.0,-0.385562,500840,761.97,4839,0.0136318,5876.57,2
7107.22655157,-0.071391582489,-0.00688106,437.5624701976776,0.0,-0.394667,502840,761.97,4841,0.0171123,5986.39,2
7107.13059337,-0.0109652280807,-0.0079883,439.32951402664185,0.0,-0.374363,505840,761.97,4844,0.00786126,8635.62,3
7061.06258506,0.48606723547,-0.00652627,441.0939607620239,0.0,-0.371378,507734,757.03,4848,0.0245372,7287.61,4
7146.80280287,0.207420349121,-0.0137598,442.8912432193756,0.0,-0.401286,509539,766.22,4850,0.0102994,5397.92,2
7240.3936356,-0.0014556646347,-0.0116506,444.6566684246063,0.0,-0.39744,511539,776.25,4852,0.012047,5826.53,2
7357.42436301,0.398361265659,-0.00476235,446.4380609989166,0.0,-0.407379,513533,788.8,4854,0.0216534,4462.8,2
7464.1543545,-0.166300654411,-0.00771946,448.2040436267853,0.0,-0.411721,515533,800.24,4856,0.0075871,6002.03,2
7504.12386942,0.509213030338,-0.0117726,449.9843490123749,0.0,-0.39057,517387,804.52,4858,0.0102535,3281.51,2
7623.2695454,0.000860095024109,-0.00770714,451.7499670982361,0.0,-0.403127,519387,817.28,4860,0.0130119,5874.35,2
7623.31388496,-0.00310885906219,-0.00723522,453.5312132835388,0.0,-0.4061,521387,817.28,4862,0.00929483,5892.44,2
7675.57104926,8.21352005005e-05,-0.00511288,455.29683113098145,0.0,-0.400929,523387,822.88,4864,0.0146036,5885.04,2
7755.142248,0.0517268776894,-0.0110668,457.06245136260986,0.0,-0.409617,525387,831.4,4866,0.0124542,4670.84,2
7755.17854859,-0.0401173830032,-0.00694301,458.8280725479126,0.0,-0.406582,527387,831.4,4868,0.0188796,5912.63,2
7755.20167428,-0.000701785087585,-0.00799625,460.610196352005,0.0,-0.398701,530387,831.4,4871,0.00880589,6830.15,3
7550.67492529,0.690986007452,-0.0178614,462.37564730644226,0.0,-0.419783,532197,809.5,4875,0.00578603,3759.69,4
7481.52858321,0.552036374807,-0.0129212,464.1572208404541,0.0,-0.434192,533988,802.08,4878,0.0145555,6376.67,3
7636.11204565,-0.0110795497894,-0.0080157,465.921795129776,0.0,-0.440854,535988,818.64,4880,0.00861289,5903.63,2
7685.56813024,0.0074200630188,-0.01127,467.68741512298584,0.0,-0.450165,537988,823.92,4882,0.009682,5752.67,2
7697.15680883,0.423273205757,-0.00613556,469.4530358314514,0.0,-0.459935,540165,825.15,4885,0.0146664,6007.14,3
7482.12770558,0.615428864956,-0.0130159,471.2203109264374,0.0,-0.466762,541852,802.09,4890,0.0307205,7500.04,5
7482.14723029,-0.0388306379318,-0.0101034,473.0001816749573,0.0,-0.453178,543852,802.09,4892,0.0127555,5874.03,2
7482.07421654,-0.201508045197,-0.0126477,474.7700848579407,0.0,-0.456749,545852,802.09,4894,0.0163362,5932.7,2
7496.12596225,0.287999808788,-0.0107592,476.5351753234863,0.0,-0.465907,548282,803.61,4897,0.0139107,7478.06,3
7598.89819657,-0.0567245483398,-0.0136396,478.29748487472534,0.0,-0.472574,550282,814.63,4899,0.0153558,5860.18,2
7621.20421805,0.497502267361,-0.00488481,480.06247878074646,0.0,-0.474666,552553,817.03,4902,0.0197743,3241.12,3
7621.13703441,-0.0786309242249,-0.00763788,481.8280973434448,0.0,-0.478431,554553,817.03,4904,0.0100304,5899.64,2
7635.07584779,-0.056410908699,-0.00715621,483.60934138298035,0.0,-0.48422,556553,818.53,4906,0.0173594,5973.25,2
7619.74258561,0.336423933506,-0.00986878,485.37496161460876,0.0,-0.486235,558390,816.9,4908,0.0113861,3620.85,2
7561.87238219,0.288140714169,-0.0168964,487.1405816078186,0.0,-0.483909,560771,810.71,4911,0.0160258,5993.95,3
7574.00566537,-0.0762364864349,-0.011794,488.9062006473541,0.0,-0.475379,562771,812.01,4913,0.0165558,5885.69,2
7573.97099607,-0.00672018527985,-0.0148078,490.68744564056396,0.0,-0.468666,564771,812.01,4915,0.0133899,5895.37,2
7649.5790294,0.29434877634,-0.0117633,492.4530658721924,0.0,-0.478612,566633,820.12,4917,0.00957971,5162.23,2
7613.35294309,0.389279127121,-0.0119023,494.21868443489075,0.0,-0.461749,568663,816.25,4920,0.0140133,6034.31,3
7613.22901052,0.0749019980431,-0.0105474,495.9843044281006,0.0,-0.471906,570663,816.25,4922,0.0133759,4520.78,2
7688.88760563,-0.0122935771942,-0.00693992,497.76554894447327,0.0,-0.468431,572663,824.36,4924,0.0043493,5917.56,2
7771.77982187,-0.0393409729004,-0.0110722,499.5311698913574,0.0,-0.478816,574663,833.25,4926,0.0195374,5801.83,2
7940.80484831,-0.00215625762939,-0.00711397,501.29678869247437,0.0,-0.472601,576663,851.37,4928,0.0164516,5918.7,2
8014.42135291,-0.0597182512283,-0.008718,503.0794823169708,0.0,-0.496886,578663,859.26,4930,0.0262548,5933.05,2
8039.95889609,-0.00585293769836,-0.00904167,504.87689781188965,0.0,-0.467707,580663,862.0,4932,0.0127994,5924.56,2
8098.10230431,-0.00100815296173,-0.0096682,506.6414089202881,0.0,-0.465625,583663,868.23,4935,0.0111294,8730.33,3
8098.11681738,-0.0010507106781,-0.0104702,508.4221110343933,0.0,-0.473954,585663,868.23,4937,0.0130828,5872.84,2
8098.12122111,-0.00116837024689,-0.00659901,510.1877317428589,0.0,-0.451917,587663,868.23,4939,0.0192587,5904.31,2
8038.37187424,0.355465769768,-0.014835,511.96154284477234,0.0,-0.437064,589023,861.83,4941,0.0133573,4401.56,2
8038.32906551,-0.0169258117676,-0.00906591,513.735508441925,0.0,-0.427119,591023,861.83,4943,0.0165522,5927.87,2
8096.3699138,-0.000309824943542,-0.00656922,515.5158603191376,0.0,-0.423463,593023,868.05,4945,0.0135386,5928.39,2
8165.50902059,-0.00534236431122,-0.0130497,517.2814795970917,0.0,-0.405764,595023,875.46,4947,0.0231316,5837.59,2
8234.76344869,-0.00460088253021,-0.00992073,519.0627262592316,0.0,-0.392347,597023,882.89,4949,0.00523972,5930.15,2
8152.96331007,0.344464063644,-0.0161147,520.8439707756042,0.0,-0.380699,599946,874.13,4953,0.0107475,5251.37,4
8139.45663092,0.397724628448,-0.0142709,522.6252167224884,0.0,-0.381031,601802,872.69,4955,0.0147693,3530.62,2
8139.40237834,-0.0207139253616,-0.00775029,524.3950531482697,0.0,-0.380589,603802,872.69,4957,0.0105007,5966.77,2
8075.12691852,0.196650624275,-0.0111494,526.1720657348633,0.0,-0.377974,605969,865.82,4960,0.014507,7835.68,3
8075.03349576,-0.0065541267395,-0.00892372,527.9376847743988,0.0,-0.373885,607969,865.82,4962,0.0147092,5932.35,2
8058.70345921,0.45887440443,-0.0146529,529.7189309597015,0.0,-0.377967,609795,864.08,4964,0.0114789,3310.24,2
8046.33931413,0.077743947506,-0.0196855,531.5157990455627,0.0,-0.397883,611664,862.77,4966,0.0132307,4747.07,2
8046.32234847,-0.0136702060699,-0.00360867,533.2814190387726,0.0,-0.393524,613664,862.77,4968,0.01101,5951.02,2
7999.33877411,0.360927283764,-0.0151902,535.0470383167267,0.0,-0.393368,616283,857.74,4972,0.0124162,7992.45,4
8081.55698752,-0.10084438324,-0.00938551,536.8444902896881,0.0,-0.398348,618283,866.55,4974,0.00765689,6065.57,2
8098.24164383,0.191091120243,-0.0105911,538.597906589508,0.0,-0.401904,620485,868.33,4977,0.0170504,5844.52,3
7952.23899778,0.519739985466,-0.0161123,540.3756783008575,0.0,-0.412647,622257,852.69,4981,0.00871619,5938.81,4
7955.61049765,0.397881448269,-0.011474,542.1410071849823,0.0,-0.409492,624471,853.06,4984,0.0161064,6308.73,3
7925.25434521,0.447298169136,-0.0129762,543.9376294612885,0.0,-0.411446,626560,849.81,4987,0.0101236,6166.64,3
8092.86515478,-0.0723284482956,-0.00856769,545.7270691394806,0.0,-0.393675,628560,867.77,4989,0.00940144,5892.56,2
8179.6819817,-0.151465058327,-0.00996478,547.5000257492065,0.0,-0.403545,630560,877.08,4991,0.0167621,6023.08,2
8179.7385996,0.000606894493103,-0.00644366,549.2657170295715,0.0,-0.38625,632560,877.08,4993,0.00854969,5850.95,2
7815.23376057,0.711512982845,-0.0154753,551.046959400177,0.0,-0.387871,634083,838.01,4999,0.00602759,5258.76,6
7864.55843666,0.419391334057,-0.00661931,552.8125796318054,0.0,-0.381981,636882,843.29,5002,0.0107474,6645.3,3
7864.57516297,-0.125045657158,-0.0129921,554.5938227176666,0.0,-0.38867,638882,843.29,5004,0.0147812,5946.0,2
7864.6265116,-0.0108959674835,-0.0101113,556.3594441413879,0.0,-0.391351,640882,843.29,5006,0.0107324,5870.54,2
7797.5245163,0.444450497627,-0.00912318,558.1469752788544,0.0,-0.38792,642999,836.09,5009,0.0141761,4677.85,3
7855.29431304,-0.0516570806503,-0.00861911,559.9065654277802,0.0,-0.401167,644999,842.28,5011,0.00948709,5893.55,2
7813.4001144,0.490530669689,-0.0131321,561.6880972385406,0.0,-0.411308,646550,837.79,5013,0.00578599,4147.99,2
7738.70947523,0.0980190038681,-0.0122036,563.4538769721985,0.0,-0.401058,648749,829.78,5016,0.0141156,7219.91,3
7751.77137028,-0.00454902648926,-0.00582897,565.2256832122803,0.0,-0.404717,650749,831.16,5018,0.010864,5869.24,2
7842.33216154,-0.0507706403732,-0.00500681,566.9999222755432,0.0,-0.399975,652749,840.86,5020,0.0181896,5882.24,2
7772.36536903,0.431587934494,-0.0159938,568.7811667919159,0.0,-0.393302,654998,833.35,5023,0.01505,5301.73,3
7772.48323605,0.519533127546,-0.00493377,570.5467851161957,0.0,-0.385955,656998,833.35,5025,0.0271628,4004.59,2
7772.60214593,-0.0381072759628,-0.00796848,572.312406539917,0.0,-0.386574,658998,833.35,5027,0.0104433,5914.9,2
7772.69723113,0.434852838516,-0.00853453,574.0932812690735,0.0,-0.382753,660998,833.35,5029,0.00693331,3997.57,2
7772.84569854,0.0344232916832,-0.0117747,575.8589005470276,0.0,-0.369451,662998,833.35,5031,0.00892792,4499.92,2
7772.90847401,-0.0586711168289,-0.0123248,577.624520778656,0.0,-0.367674,664998,833.35,5033,0.0203103,5892.69,2
7737.17979234,0.156980335712,-0.0103328,579.3901402950287,0.0,-0.367923,667614,829.51,5036,0.0178288,7241.44,3
7717.43325308,0.423463344574,-0.00673113,581.1713852882385,0.0,-0.361184,669402,827.39,5038,0.014126,4251.79,2
7717.43336791,-0.043069601059,-0.0106225,582.9370048046112,0.0,-0.384159,671402,827.39,5040,0.0106582,5901.78,2
7718.99281984,0.545799285173,-0.0119071,584.7026238441467,0.0,-0.383081,673778,827.55,5043,0.0114768,4115.95,3
7719.02881111,-0.0282915830612,-0.00858067,586.468243598938,0.0,-0.398176,675778,827.55,5045,0.00874728,5971.68,2
7642.65430315,0.618938565254,-0.0108809,588.2509310245514,0.0,-0.397745,676959,819.36,5047,0.0130494,3797.67,2
7469.35147014,0.72678822279,-0.00818698,590.0163471698761,0.0,-0.399308,679871,800.77,5052,0.00988311,6587.59,5
7488.51271984,0.642185688019,-0.0140799,591.781528711319,0.0,-0.394006,681228,802.82,5054,0.0177014,4628.0,2
7482.16009674,0.445686876774,-0.0100856,593.5483298301697,0.0,-0.389971,684015,802.13,5057,0.00756504,6516.19,3
7532.66584166,0.628104329109,0.00144823,595.3129613399506,0.0,-0.386593,685723,807.54,5059,0.0202844,3751.36,2
7532.72866671,-0.010272026062,-0.0072105,597.0787537097931,0.0,-0.38812,687723,807.54,5061,0.0268752,5992.5,2
7549.0912115,-0.000837206840515,-0.00834965,598.8460099697113,0.0,-0.375707,689723,809.28,5063,0.0139595,5992.69,2
7549.21726575,-0.0010529756546,-0.00746968,600.6258914470673,0.0,-0.384956,691723,809.28,5065,0.00929616,5992.23,2
7471.05275735,0.221350908279,-0.00904174,602.391313791275,0.0,-0.380785,693754,800.9,5068,0.0148756,6487.79,3
7508.39325847,0.0212282538414,-0.0105162,604.1568040847778,0.0,-0.397134,695754,804.89,5070,0.0172561,4669.56,2
7600.06012313,-0.144420146942,-0.00672068,605.9378824234009,0.0,-0.398921,697754,814.71,5072,0.0149602,6062.71,2
7429.84675327,0.41561037302,-0.0128955,607.7035448551178,0.0,-0.417589,699929,796.46,5076,0.0123153,8150.82,4
7492.63647639,0.301299035549,-0.008345,609.4857964515686,0.0,-0.431269,702097,803.18,5079,0.0114137,7139.67,3
7634.76620567,-0.142620682716,-0.00675048,611.2506005764008,0.0,-0.435962,704097,818.4,5081,0.00691766,5903.65,2
7708.27866284,-0.0104748010635,-0.00758839,613.0160183906555,0.0,-0.420847,706097,826.26,5083,0.0149816,5888.9,2
7620.92385695,0.31087321043,-0.00871252,614.7813334465027,0.0,-0.414057,708159,816.88,5086,0.0109592,7188.79,3
7691.74359903,0.296367168427,-0.011956,616.5625791549683,0.0,-0.415279,710006,824.46,5088,0.0150728,4532.81,2
7515.77117502,0.503701895475,-0.0116012,618.3281986713409,0.0,-0.427344,712119,805.59,5092,0.0150043,8395.58,4
7556.77242709,-0.46165907383,-0.0117871,620.1094419956207,0.0,-0.457666,714119,809.97,5094,0.00821581,6307.87,2
7694.99145785,0.00175964832306,-0.00590919,621.875061750412,0.0,-0.437555,716119,824.77,5096,0.0118007,5820.29,2
7862.69247096,-0.00322365760803,-0.00720523,623.6563081741333,0.0,-0.428773,718119,842.73,5098,0.0264216,5853.6,2
7934.01361539,-0.0284509658813,-0.0119695,625.4336407184601,0.0,-0.425184,720119,850.36,5100,0.0090334,5754.6,2
7952.78095463,0.14137750864,-0.0126615,627.2059979438782,0.0,-0.417403,722119,852.37,5102,0.0171637,3070.98,2
7883.04598811,0.230672121048,-0.0088289,628.9771614074707,0.0,-0.437088,724371,844.89,5105,0.0129227,7898.64,3
7883.05760049,-0.00453460216522,-0.00587644,630.7427659034729,0.0,-0.417273,726371,844.89,5107,0.0100015,5875.59,2
7965.53860835,-0.0375708341599,-0.00769791,632.5171248912811,0.0,-0.424973,728371,853.72,5109,0.00744072,5884.82,2
7965.63813637,-0.0116655826569,-0.00525599,634.297215461731,0.0,-0.42916,730371,853.72,5111,0.0124529,5875.49,2
8007.61887706,-0.000789999961853,-0.00383911,636.0628838539124,0.0,-0.43281,732371,858.21,5113,0.0260226,5891.85,2
7975.41849973,0.317457854748,-0.0107413,637.843843460083,0.0,-0.416934,735224,854.75,5117,0.0142578,6795.57,4
7928.33480267,0.603523522615,-0.00777439,639.6094627380371,0.0,-0.408411,736720,849.71,5119,0.0075876,3347.78,2
7928.30930077,0.0149112939835,-0.0090061,641.3907108306885,0.0,-0.409169,738720,849.71,5121,0.0225774,5639.59,2
7881.74817908,0.710691034794,-0.0123029,643.1568870544434,0.0,-0.410527,740470,844.72,5124,0.0121524,4003.7,3
7881.70359242,-0.155789136887,-0.00919186,644.9458613395691,0.0,-0.435901,742470,844.72,5126,0.0258233,6081.81,2
7841.92922601,0.373250305653,-0.0123339,646.7213892936707,0.0,-0.433054,745045,840.47,5129,0.00938926,6062.71,3
7841.86491439,0.149791836739,-0.008483,648.5003535747528,0.0,-0.428778,747045,840.47,5131,0.0164506,6617.88,2
7841.87370876,-0.000164389610291,-0.00786291,650.2574644088745,0.0,-0.414555,749045,840.47,5133,0.0144968,5842.04,2
7877.72776521,-0.0806800127029,-0.00874541,652.0487809181213,0.0,-0.411594,751045,844.31,5135,0.00821692,5972.58,2
7819.64496881,0.363062083721,-0.0150248,653.8286709785461,0.0,-0.420937,753210,838.08,5138,0.0112192,4508.89,3
7819.71886383,-0.0543265342712,-0.00925439,655.5944106578827,0.0,-0.41203,755210,838.08,5140,0.00907945,5929.96,2
7832.85342642,0.25580739975,-0.00845465,657.3750500679016,0.0,-0.400061,757726,839.48,5143,0.0185782,7424.81,3
7832.88987586,-0.148329615593,-0.00614774,659.1475472450256,0.0,-0.392894,759726,839.48,5145,0.0103111,5953.22,2
7909.3781691,-0.00960969924927,-0.0108058,660.914651632309,0.0,-0.373953,761726,847.67,5147,0.0123523,5862.98,2
7950.69019278,-0.0016485452652,-0.00981647,662.6896646022797,0.0,-0.359818,763726,852.09,5149,0.0208681,5878.54,2
7953.11567256,0.464825868607,-0.0154397,664.4530394077301,0.0,-0.363707,765462,852.34,5153,0.011899,5688.75,4
7926.01795269,0.516221553087,-0.0132897,666.2342851161957,0.0,-0.390024,767958,849.43,5156,0.0142001,6784.93,3
7949.91877637,0.500106543303,-0.013319,667.9999041557312,0.0,-0.400811,769921,851.98,5158,0.0144898,4121.68,2
7950.06185396,-0.0509347915649,-0.0105487,669.7655229568481,0.0,-0.405367,771921,851.98,5160,0.00698977,5875.83,2
7950.18848893,-0.00196123123169,-0.00751756,671.5311431884766,0.0,-0.414723,773921,851.98,5162,0.0138541,5876.68,2
7950.28519293,0.149699747562,-0.00676692,673.2967655658722,0.0,-0.409064,775921,851.98,5164,0.00688158,3888.41,2
7864.91161263,0.802341133356,-0.0175478,675.0623841285706,0.0,-0.420568,778036,842.82,5168,0.0128167,3287.67,4
7850.94474387,0.299628078938,-0.0128973,676.835960149765,0.0,-0.419728,779886,841.32,5170,0.013595,4968.98,2
7851.07154043,-0.00332951545715,-0.00883157,678.6101005077362,0.0,-0.431711,781886,841.32,5172,0.0119889,5968.43,2
7930.10578172,0.20137411356,-0.0111225,680.3758020401001,0.0,-0.420009,783886,849.78,5174,0.0188719,6317.39,2
8021.55545553,-0.000776290893555,-0.00694634,682.1405463218689,0.0,-0.423408,785886,859.57,5176,0.0107475,5957.64,2
8099.27872259,-0.00202596187592,-0.0104564,683.906167268753,0.0,-0.413142,787886,867.89,5178,0.0124721,6110.52,2
8099.30453024,-0.00811886787415,-0.00795999,685.6933200359344,0.0,-0.418619,789886,867.89,5180,0.016219,5945.04,2
8099.31603145,-0.00156736373901,-0.00687998,687.4532594680786,0.0,-0.41531,791886,867.89,5182,0.0134417,5946.98,2
8099.23383365,-0.00509977340698,-0.0101675,689.2188792228699,0.0,-0.398752,793886,867.89,5184,0.0184492,5952.7,2
8186.82509323,-0.000128626823425,-0.00312467,690.9844999313354,0.0,-0.382496,795886,877.27,5186,0.0264982,5951.44,2
8201.13162581,-0.0245033502579,-0.00887972,692.7501187324524,0.0,-0.399863,797886,878.8,5188,0.0107696,5981.61,2
8218.16788271,-2.28881835938e-05,-0.0111406,694.5157382488251,0.0,-0.402453,799886,880.62,5190,0.0159631,5949.15,2
8349.07026904,0.229726135731,-0.0123807,696.2969830036163,0.0,-0.412554,802582,894.63,5193,0.0114995,7815.57,3
8331.08721888,0.389380931854,-0.0139203,698.0626037120819,0.0,-0.414174,804389,892.7,5195,0.0112884,3109.94,2
8258.686454,0.537573128939,-0.0122634,699.8438475131989,0.0,-0.417759,806613,884.94,5198,0.0125027,6521.96,3
8258.71018458,-0.0124872922897,-0.0124716,701.6094670295715,0.0,-0.416462,808613,884.94,5200,0.012962,5940.67,2
8258.87241933,-0.0462272167206,-0.0144884,703.3750865459442,0.0,-0.417981,810613,884.94,5202,0.0148098,5863.57,2
8236.64304024,0.313055992126,-0.00631352,705.1664471626282,0.0,-0.424258,812625,882.54,5205,0.018227,6249.32,3
8236.77255666,-0.0276952981949,-0.00884556,706.9422945976257,0.0,-0.431617,814625,882.54,5207,0.00953427,5930.84,2
8236.82134547,-0.0031806230545,-0.0120596,708.7045769691467,0.0,-0.433226,816625,882.54,5209,0.0102646,5938.87,2
8236.8988241,-0.000494599342346,-0.00748729,710.4845058917999,0.0,-0.441137,818625,882.54,5211,0.0161796,5941.41,2
8188.95663506,0.502141267061,-0.0116014,712.2623362541199,0.0,-0.44381,820963,877.39,5215,0.0201795,4099.26,4
8189.08819555,-0.0258145332336,-0.00631345,714.0365905761719,0.0,-0.464796,822963,877.39,5217,0.0197143,5865.27,2
8236.33078211,-0.00259709358215,-0.0109027,715.8136763572693,0.0,-0.455476,824963,882.43,5219,0.0113684,5943.84,2
8236.54837318,-0.0188391208649,-0.00857841,717.5786046981812,0.0,-0.459323,826963,882.43,5221,0.0132305,5933.94,2
8267.07188408,-0.0785527229309,-0.0120896,719.3452954292297,0.0,-0.462635,828963,885.68,5223,0.0106091,5982.52,2
8300.14805785,0.351276814938,-0.00935763,721.125424861908,0.0,-0.472573,831390,889.2,5226,0.0110512,6289.34,3
8190.96490383,0.604641437531,-0.015882,722.8907878398895,0.0,-0.482989,832794,877.49,5229,0.0157643,3415.03,3
8191.17058044,-0.0301939249039,-0.00951702,724.6720352172852,0.0,-0.475862,834794,877.49,5231,0.0180175,5816.73,2
8191.33458762,-0.0230319499969,-0.00761053,726.4376530647278,0.0,-0.468796,836794,877.49,5233,0.0237151,5953.55,2
8179.42585964,0.210774898529,-0.00742848,728.2188971042633,0.0,-0.462922,839664,876.19,5236,0.0271866,7859.42,3
8257.53029172,0.0263909697533,-0.0096154,729.9845235347748,0.0,-0.454119,841664,884.54,5238,0.0166415,5078.69,2
8257.70296603,-0.0780309438705,-0.00681377,731.7667739391327,0.0,-0.436876,843664,884.54,5240,0.0108148,5950.25,2
8303.04548889,-0.0399659872055,-0.00624091,733.5386483669281,0.0,-0.414279,845664,889.38,5242,0.0133658,5947.03,2
8303.187684,-0.0297694206238,-0.00935424,735.312962770462,0.0,-0.406729,847664,889.38,5244,0.0162456,5927.48,2
8257.48653893,0.29921746254,-0.0121856,737.0745739936829,0.0,-0.410012,849173,884.47,5246,0.0245656,4328.75,2
8257.61309157,-0.00158822536469,-0.00240994,738.8601756095886,0.0,-0.388572,851173,884.47,5248,0.0154996,5953.99,2
8312.00296062,0.209015607834,-0.0140336,740.625569820404,0.0,-0.378569,853846,890.28,5251,0.012391,7835.21,3
8371.58719617,0.360388040543,-0.00937005,742.4066212177277,0.0,-0.383614,855127,896.65,5253,0.00871083,5009.83,2
8418.82571073,-0.026663184166,-0.00831991,744.1639132499695,0.0,-0.373059,857127,901.69,5255,0.0188277,5942.02,2
8363.64568153,0.146365523338,-0.0166932,745.9537813663483,0.0,-0.382487,859497,895.76,5258,0.00957422,7686.93,3
8363.68254479,-0.00353741645813,-0.0082186,747.7221021652222,0.0,-0.381536,861497,895.76,5260,0.0227081,5917.98,2
8363.69864763,-0.0031543970108,-0.010093,749.5030517578125,0.0,-0.384897,863497,895.76,5262,0.0132986,5920.8,2
8363.71530275,-0.00467157363892,-0.00841949,751.2666375637054,0.0,-0.389587,865497,895.76,5264,0.0134741,5878.8,2
8387.43110779,0.260866224766,-0.00904287,753.0477147102356,0.0,-0.40099,867865,898.29,5268,0.00496345,7900.67,4
8401.52036698,-0.0514948368073,-0.00738101,754.8130996227264,0.0,-0.404838,869865,899.79,5270,0.00957656,5907.69,2
8401.59589914,-0.00750720500946,-0.00862148,756.5781111717224,0.0,-0.403789,871865,899.79,5272,0.0170034,5907.68,2
8401.70664376,-0.00834429264069,-0.00551004,758.3437309265137,0.0,-0.383568,873865,899.79,5274,0.00620129,5910.56,2
8401.79537521,-0.000362038612366,-0.012214,760.1249766349792,0.0,-0.41304,875865,899.79,5276,0.00729027,5913.47,2
8401.91120779,-0.016543507576,-0.00529599,761.890594959259,0.0,-0.393307,877865,899.79,5278,0.00910449,5927.15,2
8402.01542672,-0.00469100475311,-0.0143312,763.6718418598175,0.0,-0.422303,879865,899.79,5280,0.0114506,5923.06,2
8274.20988,0.278184890747,-0.0123528,765.4374611377716,0.0,-0.41748,882494,886.08,5284,0.00996352,7922.63,4
8183.80457192,0.473962426186,-0.0133917,767.2187068462372,0.0,-0.430559,884525,876.39,5287,0.0158793,4488.42,3
8148.76440628,0.478992700577,-0.0140354,768.9686999320984,0.0,-0.433806,886149,872.63,5289,0.00943647,3609.11,2
8148.84458897,-0.0461937189102,-0.011717,770.7499444484711,0.0,-0.449139,888149,872.63,5291,0.0112545,5624.97,2
8177.31520523,-0.0338184833527,-0.00894987,772.4999384880066,0.0,-0.449365,890149,875.67,5293,0.0259763,5938.52,2
8169.51065877,0.289460122585,-0.0131593,774.2655582427979,0.0,-0.439082,892871,874.82,5296,0.0132924,6799.21,3
8242.07818119,0.0331993699074,-0.0103953,776.048910856247,0.0,-0.455482,894871,882.58,5298,0.00840314,5667.46,2
8242.16467083,-0.111840605736,-0.00888955,777.8125703334808,0.0,-0.464359,896871,882.58,5300,0.0147794,5857.23,2
8154.50444467,0.249074041843,-0.0100537,779.5757341384888,0.0,-0.480834,898932,873.19,5303,0.0111026,7839.41,3
8246.86359688,-0.0161343812943,-0.00478279,781.3513624668121,0.0,-0.476483,900932,883.07,5305,0.0110514,5902.69,2
8246.9731383,-0.0040055513382,-0.00878221,783.110634803772,0.0,-0.484489,902932,883.07,5307,0.0119368,5905.38,2
8221.42089567,0.478848457336,-0.010341,784.8750159740448,0.0,-0.485528,904657,880.32,5309,0.00715644,3098.91,2
8221.52058191,-0.00246393680573,-0.00860715,786.6562612056732,0.0,-0.478259,906657,880.32,5311,0.0216839,5953.71,2
8286.77196131,0.84207546711,-0.0142153,788.4218809604645,0.0,-0.480708,908457,887.3,5313,0.0365955,1179.1,2
8358.15260586,-0.00149071216583,-0.0126691,790.1875007152557,0.0,-0.486578,910457,894.94,5315,0.0140353,5997.11,2
8358.18535477,-0.0210809707642,-0.003887,791.9531202316284,0.0,-0.483028,912457,894.94,5317,0.0251939,6010.2,2
8358.14884932,-0.00495266914368,-0.0045068,793.7343647480011,0.0,-0.487316,914457,894.94,5319,0.0138868,5914.37,2
8358.15696062,0.0140095949173,-0.0128947,795.5002770423889,0.0,-0.494263,917457,894.94,5322,0.0130176,6204.15,3
8241.37537705,0.442751467228,-0.0134688,797.2815866470337,0.0,-0.504485,919207,882.44,5325,0.00721808,4530.34,3
8378.33245126,-0.069895029068,-0.00886797,799.054806470871,0.0,-0.501126,921207,897.1,5327,0.00711895,5960.13,2
8444.0217305,-0.13070499897,-0.0144874,800.8287734985352,0.0,-0.515981,923207,904.13,5329,0.0144321,6159.12,2
8444.00669907,-0.0148595571518,-0.00960817,802.5941786766052,0.0,-0.506668,925207,904.13,5331,0.00959315,5959.78,2
8444.06000578,-0.00569891929626,-0.00574433,804.3754231929779,0.0,-0.497032,927207,904.13,5333,0.0238656,5954.13,2
8456.225813,-0.00241446495056,-0.00908775,806.1405680179596,0.0,-0.48882,929207,905.43,5335,0.0121996,5963.94,2
8456.19030809,-0.00623500347137,-0.00876674,807.9341421127319,0.0,-0.490416,931207,905.43,5337,0.00830757,5960.29,2
8456.16668525,-0.00526475906372,-0.00981114,809.7030718326569,0.0,-0.479743,933207,905.43,5339,0.00910959,5806.56,2
8456.16017946,-0.0072990655899,-0.0107744,811.4686918258667,0.0,-0.474911,935207,905.43,5341,0.0142464,5957.46,2
8425.12079577,0.259213089943,-0.0112937,813.2504696846008,0.0,-0.458516,937875,902.11,5344,0.0171069,6070.46,3
8447.89965766,0.299396753311,-0.014362,815.0270962715149,0.0,-0.470424,939628,904.55,5346,0.0111103,4267.29,2
8403.96031622,0.260774552822,-0.00978966,816.7979061603546,0.0,-0.464217,941158,899.85,5348,0.0263036,4636.41,2
8403.90770089,-0.0058000087738,0.000984859,818.5781903266907,0.0,-0.467146,943158,899.85,5350,0.0522295,5991.96,2
8501.68619971,-0.00152945518494,-0.00988071,820.35120677948,0.0,-0.472443,946158,910.31,5353,0.00903471,8825.17,3
8501.71609123,-0.00734996795654,-0.00753364,822.1253643035889,0.0,-0.47924,948158,910.31,5355,0.0228457,5961.74,2
8501.67488764,-0.00183355808258,-0.00667647,823.890608549118,0.0,-0.472714,950158,910.31,5357,0.0262785,5957.62,2
8547.83133699,0.24036026001,-0.0110193,825.6718542575836,0.0,-0.482111,952022,915.25,5359,0.0120588,5355.27,2
8547.83790008,-0.00210404396057,-0.00951542,827.4530987739563,0.0,-0.481449,954022,915.25,5361,0.0129134,5961.08,2
8547.84458288,-0.000775814056396,-0.00967572,829.2187175750732,0.0,-0.490432,956022,915.25,5363,0.0154713,5917.04,2
8547.81309246,-0.00126647949219,-0.00969969,830.9999623298645,0.0,-0.499588,958022,915.25,5365,0.0147822,5962.88,2
8448.42126453,0.513925999403,-0.0158895,832.7655818462372,0.0,-0.494311,960328,904.63,5370,0.00709614,3289.64,5
8188.15177952,0.680111050606,-0.0207331,834.5326869487762,0.0,-0.497791,962543,876.78,5375,0.015007,6520.16,5
8188.12621476,-0.0268149375916,-0.0157229,836.3125424385071,0.0,-0.494686,964543,876.78,5377,0.017518,5889.35,2
8188.1183395,-0.00351464748383,-0.00863252,838.0781621932983,0.0,-0.50472,966543,876.78,5379,0.00992865,5886.14,2
8188.1281795,-0.0113797187805,-0.0110916,839.8594071865082,0.0,-0.503519,968543,876.78,5381,0.0123675,5955.72,2
8255.82443877,-0.022544503212,-0.00534555,841.6254260540009,0.0,-0.488564,970543,884.03,5383,0.0154219,5941.68,2
8316.08593279,-0.0684471130371,-0.0119987,843.406670331955,0.0,-0.466901,972543,890.49,5385,0.0177786,5977.94,2
8287.25877667,0.678258866072,-0.0157459,845.1722536087036,0.0,-0.469719,974267,887.42,5388,0.00746275,2153.69,3
8322.39921496,-0.103072881699,-0.00783192,846.9615635871887,0.0,-0.482206,976267,891.18,5390,0.00872946,6039.52,2
8322.32737711,0.0238468647003,-0.0113857,848.7206010818481,0.0,-0.469227,978267,891.18,5392,0.0117049,5375.41,2
8322.26609922,-0.0541437864304,-0.011356,850.5167436599731,0.0,-0.487777,980267,891.18,5394,0.0121383,6002.59,2
8348.15863233,-0.0439919233322,-0.00843382,852.2821598052979,0.0,-0.493652,982267,893.96,5396,0.0165471,5978.23,2
8348.10609968,-0.0150960683823,-0.00847882,854.0467884540558,0.0,-0.479053,984267,893.96,5398,0.0081095,5984.43,2
8219.15259106,0.490486800671,-0.0143397,855.828031539917,0.0,-0.474039,986889,880.18,5402,0.010559,7639.53,4
8306.78628571,-0.0179049968719,-0.00812135,857.5936515331268,0.0,-0.465824,988889,889.57,5404,0.00736934,5943.89,2
8231.48837833,0.349846839905,-0.0123864,859.3592715263367,0.0,-0.49054,991085,881.53,5407,0.01845,6560.52,3
8037.33961801,0.440128684044,-0.0166015,861.1248910427094,0.0,-0.483231,992734,860.77,5411,0.0111661,7707.41,4
7720.46646535,0.584434092045,-0.0168267,862.9061353206635,0.0,-0.490139,995145,826.88,5417,0.014378,8691.78,6
7720.43210371,-0.128829240799,-0.0104891,864.6779978275299,0.0,-0.493832,997145,826.88,5419,0.0159599,5941.92,2
7594.01152088,0.704593926668,-0.0215454,866.4394068717957,0.0,-0.512544,998794,813.37,5422,0.0118439,4000.9,3
7626.64043068,-0.091672539711,-0.0139942,868.2192780971527,0.0,-0.507832,1000794,816.87,5424,0.0169561,6039.68,2
