#{"t_start": 1536326165.573852, "env_id": "Hopper-v2"}
r,l,t
7.798984,10,1.531417
11.008096,17,1.547042
10.067486,12,1.547042
7.974094,10,1.562667
115.512568,69,1.609541
15.298889,17,1.609541
6.788847,10,1.625166
10.716873,18,1.625166
11.416758,12,1.640791
11.079966,13,1.656417
12.413225,16,1.656417
6.760677,17,1.672041
12.485063,14,1.687666
7.47051,14,1.687666
12.618429,14,1.703292
9.324319,13,1.703292
26.406119,35,1.734541
6.195963,13,1.734541
6.50234,16,1.750166
4.250922,8,1.750166
23.047125,26,1.781416
9.122505,11,1.781416
9.392937,12,1.797041
8.402733,15,1.797041
20.860639,19,1.812667
10.955763,35,1.843918
7.737738,12,1.843918
13.925043,21,1.859542
16.75459,18,1.875166
7.427747,11,1.875166
12.855936,21,1.890793
11.988538,15,1.906419
9.495965,16,1.922043
38.434987,39,1.937666
8.299652,12,1.953291
22.699603,45,1.984541
40.519475,40,2.015791
10.099691,16,2.031416
10.710559,12,2.031416
16.798818,19,2.047041
13.911742,16,2.062666
4.289447,9,2.07829
11.633385,14,2.07829
7.233182,10,2.093915
7.226054,10,2.093915
5.303605,10,2.109541
6.292626,10,2.109541
12.416871,14,2.125165
7.101297,11,2.125165
9.102808,12,2.140791
9.62759,19,2.156415
12.546522,18,2.17204
44.986528,44,2.20329
19.685904,24,2.218915
5.32469,12,2.23454
12.05718,14,2.23454
18.824163,21,2.250165
8.794364,11,2.26579
21.095338,19,2.281415
9.559113,12,2.281415
25.14009,30,2.312665
12.482567,18,2.312665
9.130211,11,2.32829
21.277973,29,2.343915
6.604379,11,2.359539
10.93538,29,2.375164
6.514607,9,2.390789
17.039827,16,2.406414
6.739335,11,2.406414
9.522593,11,2.42204
20.086952,30,2.437665
9.361406,14,2.453289
10.546949,30,2.468914
10.700896,20,2.48454
8.079553,10,2.500164
9.972234,14,2.500164
9.972658,16,2.51579
12.472394,16,2.531414
10.245494,23,2.547039
76.355993,45,2.578289
10.806301,28,2.602156
22.673166,25,2.617784
12.622131,21,2.633408
9.007141,13,2.649033
6.430386,11,2.649033
10.509603,25,2.680283
14.254574,16,2.680283
5.331027,8,2.695908
12.067139,16,2.711532
71.225832,53,2.742782
9.290416,14,2.758408
27.107085,24,2.774033
14.511768,16,2.789658
4.884775,10,2.789658
29.040546,38,2.820907
8.58125,16,2.836533
11.707638,15,2.836533
21.554151,33,2.867782
16.550074,19,2.883408
14.326813,14,2.899032
11.498746,13,2.899032
12.750335,19,2.914658
92.297324,73,2.977157
5.376831,21,2.992783
13.626594,15,2.992783
6.669744,10,3.008407
13.448873,15,3.008407
9.400721,18,4.172006
39.823072,41,4.203256
6.869319,15,4.218881
48.879778,51,4.265755
7.779759,10,4.265755
9.562752,14,4.28138
5.492028,13,4.28138
51.674926,52,4.328256
12.139589,13,4.34388
28.244253,32,4.359505
8.623017,11,4.37513
39.139802,32,4.390755
11.553212,16,4.40638
34.329654,34,4.437631
11.716795,23,4.453255
68.403777,40,4.484509
16.962688,18,4.484509
12.614409,18,4.50013
46.430737,48,4.547005
66.267897,58,4.578254
71.565563,66,4.633244
82.973398,79,4.695742
78.52802,48,4.726992
11.87586,19,4.742617
7.740711,14,4.758242
21.939943,20,4.773868
133.087646,99,4.836368
31.000078,28,4.867617
110.332537,62,4.914492
16.296767,16,4.914492
7.176428,10,4.930117
80.716078,48,4.961366
13.615931,27,4.992617
6.300696,9,4.992617
10.975583,19,5.008241
8.15335,14,5.023867
37.836162,40,5.055116
54.323936,39,5.086366
9.81601,17,5.086366
25.394281,23,5.117616
11.49033,13,5.117616
9.12237,13,5.133241
26.325731,23,5.148867
35.665256,27,5.16449
66.281977,62,5.211366
27.090059,20,5.22699
96.794768,82,5.289491
9.390733,11,5.289491
95.291978,52,5.336365
25.183068,26,5.351991
15.688631,17,5.367615
7.487503,13,5.383241
7.604979,16,5.383241
28.57359,28,5.414491
27.085183,27,5.430115
12.742257,17,5.44574
14.302996,15,5.461365
27.815874,33,5.47699
22.787208,28,5.50824
17.792009,18,5.523865
11.102108,22,5.53949
10.600757,20,5.555115
22.302906,22,5.57074
160.918659,91,5.633241
22.856145,21,5.648865
20.769001,20,5.66449
94.102624,67,6.533083
29.017893,26,6.548707
12.262604,31,6.579474
123.718664,68,6.626774
26.027979,28,6.642398
28.370408,23,6.658022
35.886284,27,6.673648
127.025333,73,6.736147
19.604652,18,6.751772
48.584331,29,6.767397
79.155733,53,6.814272
10.994348,12,6.814272
29.596219,26,6.845522
139.058812,72,6.892398
56.597412,45,6.923647
31.555382,42,6.954897
11.748168,22,6.970521
38.120225,31,7.001772
54.312672,40,7.017396
7.43262,12,7.033021
63.817278,69,7.079896
8.580857,23,7.095522
18.466413,20,7.111147
28.071311,27,7.142396
6.056792,9,7.142396
84.667094,52,7.189271
21.104268,31,7.204896
116.763959,65,7.25177
35.362763,26,7.267395
19.195331,18,7.28302
128.897422,90,7.34552
70.620109,42,7.376771
19.394824,18,7.392395
65.170909,39,7.423645
10.394008,15,7.43927
10.899751,16,7.454895
10.769498,28,7.47052
20.627395,22,7.486144
7.160499,10,7.486144
11.821373,13,7.50177
13.14936,14,7.517396
92.438434,59,7.56427
18.228566,22,7.579895
8.593665,11,7.579895
213.437545,129,7.680779
20.408124,20,7.696405
117.457182,85,7.758905
73.424751,48,7.790155
57.159447,43,7.821405
125.377014,65,7.86828
22.861338,23,7.883904
8.789434,12,7.899529
176.980955,91,7.962028
74.215904,50,8.008904
11.589617,15,8.008904
18.800655,36,8.040155
127.905158,69,8.95655
128.365411,65,9.019049
97.026983,53,9.050299
13.47354,18,9.065924
14.082627,17,9.08155
167.116585,84,9.144049
194.617815,88,9.206548
163.778896,85,9.26905
22.255936,46,9.300298
71.517476,43,9.347172
88.56743,50,9.378423
11.181737,12,9.394047
35.959795,48,9.425298
62.87649,57,9.472172
98.252242,55,9.517911
168.809604,98,9.58041
28.112707,23,9.596035
83.47006,50,9.64291
10.965874,12,9.64291
204.644275,98,9.721035
46.211103,46,9.752285
120.45271,83,9.814785
107.143623,58,9.86166
71.135241,42,9.89291
79.174237,46,9.92416
60.726255,40,9.955409
8.474467,10,9.955409
49.480222,39,9.986659
55.595104,33,10.017909
38.54617,30,10.033535
14.524175,17,10.049159
36.179911,33,10.064784
13.321329,15,10.08041
83.099053,50,10.111659
245.663066,110,10.189785
15.919037,20,10.205409
53.14619,33,10.23666
32.868081,34,10.252285
170.193996,88,10.314783
120.590563,62,10.36166
15.571293,15,10.377285
67.891964,40,10.408534
122.003759,80,11.32204
54.40627,33,11.353416
192.337551,92,11.419503
49.97245,30,11.435129
196.701348,89,11.513254
69.844418,59,11.560128
181.69462,96,11.622627
145.716087,82,11.685128
94.094162,52,11.732002
192.229689,108,11.810128
69.618585,40,11.841377
168.626343,81,11.903877
133.108455,67,11.950752
98.666067,55,11.997627
196.149479,91,12.060127
111.101119,66,12.122627
155.663917,77,12.169501
21.174599,21,12.185127
85.609466,50,12.232
67.21515,44,12.263251
198.4715,94,12.341376
139.900547,75,12.403876
69.435997,45,12.435125
100.719568,55,12.482001
74.411465,51,12.516848
220.646785,114,12.600115
104.399984,62,12.646992
223.067226,106,12.740741
93.478498,52,12.771991
76.283478,44,12.803241
229.281064,109,13.782055
235.465191,106,13.875804
196.086834,97,13.953928
150.906489,75,14.000803
163.816565,77,14.063304
52.85677,32,14.094554
141.892568,72,14.141428
183.072694,88,14.219553
212.671212,98,14.282053
204.3164,88,14.360178
186.184677,94,14.422677
201.79942,87,14.500802
262.011683,129,14.601644
253.354337,112,14.68283
109.7881,57,14.714081
78.027964,44,14.760955
78.145168,46,14.792205
72.248422,43,14.823454
236.288902,106,14.901579
158.120828,77,14.964079
91.340733,52,15.010954
239.733913,100,15.073454
183.799673,90,15.151579
190.456887,98,15.21408
134.292859,68,15.276578
119.871423,64,15.327797
129.663944,67,16.241499
99.43538,58,16.288375
226.718585,97,16.350874
202.541977,95,16.428999
214.637573,97,16.500518
57.334347,34,16.53177
210.657702,93,16.594269
147.91728,76,16.656769
67.06383,40,16.688018
150.945641,75,16.750519
201.357429,89,16.813019
263.371851,111,16.906768
217.294421,97,16.984893
217.656245,94,17.063018
59.881649,36,17.094268
132.275978,75,17.141143
258.253743,119,17.234893
224.921723,98,17.313016
179.889622,94,17.391143
128.429992,70,17.453641
46.305358,27,17.469267
228.489803,97,17.547392
55.604699,34,17.578641
197.99812,92,17.64939
200.579766,103,17.727514
219.065214,102,18.70635
259.387778,108,18.784476
49.44381,30,18.815726
166.522615,79,18.878225
204.708124,92,18.940725
216.512531,94,19.01885
93.936959,52,19.0501
189.763078,90,19.128224
232.408878,101,19.206348
206.94423,97,19.284475
185.944465,89,19.346973
232.136398,107,19.425098
231.090306,100,19.501063
203.027931,91,19.57919
205.515756,97,19.657313
273.499917,119,19.751065
220.751698,95,19.829189
104.130225,59,19.876063
69.113433,43,19.907313
167.913945,84,19.969814
274.877484,115,20.063563
211.345365,93,20.141687
197.515351,89,20.219813
154.51083,74,20.266687
244.83377,114,21.289952
71.562812,42,21.336828
150.263194,75,21.383703
193.904767,88,21.461827
289.132955,115,21.546995
192.002977,88,21.629313
197.102919,89,21.691813
282.557976,118,21.801188
194.913303,89,21.879312
263.535215,114,21.957437
230.152732,97,22.051187
196.834728,98,22.129312
256.593483,115,22.223061
228.10329,99,22.301186
235.730567,106,22.379311
202.03093,98,22.457438
277.476263,120,22.563104
209.953465,93,22.641229
236.156623,102,22.719354
218.565701,106,22.797479
204.260593,106,22.891229
200.99205,94,23.852483
96.391685,54,23.899358
235.523452,104,23.977484
187.024798,85,24.039983
195.017273,94,24.118107
259.583054,109,24.196232
194.918252,92,24.274357
78.578488,46,24.305607
186.924185,98,24.383732
282.998862,138,24.498894
311.29366,126,24.595799
251.593805,112,24.675065
284.609624,124,24.768814
205.289086,92,24.846939
270.542601,119,24.940689
263.745845,114,25.024974
273.21636,121,25.118724
268.69622,119,25.196848
267.359354,121,25.290597
259.565607,112,26.290594
289.278809,120,26.384344
232.910567,103,26.462469
276.298561,111,26.548528
330.477867,129,26.660057
104.792194,57,26.706931
250.146834,113,26.800681
253.884825,112,26.894431
236.803579,107,26.988181
186.054991,90,27.05068
252.829599,131,27.160055
283.823401,120,27.253804
274.678998,110,27.347555
221.84841,106,27.425679
268.012398,116,27.516382
260.463943,109,27.610132
266.291941,116,27.688257
255.858671,111,27.766381
248.624738,110,27.828881
254.681601,110,28.680902
69.154709,40,28.696527
207.100011,96,28.774652
280.558135,116,28.852776
55.066987,33,28.868401
270.198429,112,28.946526
220.932627,107,29.024651
278.582635,119,29.102776
223.333829,99,29.1809
239.601659,104,29.2434
251.013086,111,29.321525
271.786069,117,29.39965
257.101887,110,29.477774
198.846649,91,29.547432
236.336998,104,29.612041
282.863007,122,29.690166
235.169146,109,29.768291
240.88416,107,29.846415
290.684375,128,29.940166
296.340089,124,30.018289
282.445423,120,30.84441
298.353347,120,30.93816
286.379928,123,31.016284
284.741633,125,31.110036
246.311891,104,31.172535
226.404287,99,31.25066
292.283226,115,31.328784
311.838968,121,31.406908
136.066877,69,31.453783
275.910354,113,31.53191
258.718465,116,31.618162
300.064452,126,31.696287
268.887035,126,31.790036
256.997449,110,31.852536
331.576814,147,31.961911
194.850938,92,32.024411
298.809507,134,32.118161
279.80734,111,32.18066
209.560733,105,32.995289
170.94781,89,33.057787
305.130864,131,33.151536
295.838111,125,33.229663
198.229014,91,33.292162
319.573666,140,33.385912
326.958306,130,33.47966
296.191882,120,33.54783
316.733521,129,33.643695
143.536018,75,33.69057
303.499078,118,33.768694
318.288248,150,33.878069
278.121198,114,33.956194
278.519613,114,34.018694
265.700769,122,34.112443
289.583481,115,34.174942
231.425914,109,34.253068
220.440276,101,34.331193
294.811329,121,35.159978
307.149005,125,35.253727
326.032963,122,35.331853
298.943425,116,35.409978
274.051073,109,35.488101
330.899964,132,35.578493
278.929499,120,35.656617
306.537427,126,35.73474
326.710349,124,35.82849
259.563674,111,35.890991
279.147398,114,35.969115
304.069702,123,36.047241
305.030423,121,36.125365
270.282585,121,36.203489
336.335952,129,36.297239
308.757145,125,36.375365
282.51271,118,37.195916
315.395918,128,37.27404
303.411941,126,37.36779
283.504121,124,37.445915
295.609624,116,37.531506
284.545879,117,37.60963
297.90768,116,37.687755
312.744735,128,37.76588
258.990567,108,37.844005
296.821377,117,37.922129
298.279581,122,38.000254
316.968866,124,38.094004
250.335416,104,38.156504
278.761879,109,38.234629
299.979183,120,38.312754
325.716653,130,38.406504
315.926587,124,38.484629
337.853104,135,39.335498
295.280422,119,39.413623
283.154605,122,39.501091
294.140965,119,39.579217
285.412339,119,39.672966
274.486492,112,39.735466
324.782466,129,39.829216
300.380581,123,39.90734
297.807826,117,39.985465
299.885092,123,40.079216
314.15971,125,40.15734
297.287377,118,40.235465
293.521668,116,40.313589
280.517784,115,40.391714
288.928018,113,40.469839
307.766177,127,40.547965
332.956806,130,40.633192
295.181981,117,40.726943
320.618216,124,41.547137
333.448326,129,41.640884
297.738111,119,41.719009
268.975374,117,41.797134
326.780417,131,41.890883
307.456109,120,41.969008
321.357925,131,42.062758
281.040303,115,42.140882
323.282559,126,42.219012
289.326102,124,42.312757
320.516685,130,42.390882
263.777273,107,42.469007
291.020686,116,42.547132
316.593788,124,42.633386
287.844878,120,42.711511
301.205215,122,42.789637
334.774324,125,43.647828
312.8197,132,43.725954
310.950206,123,43.819703
302.050551,121,43.897826
266.393069,114,43.975952
304.112785,120,44.054078
304.087298,123,44.132202
287.585969,118,44.210326
330.849652,126,44.28845
322.028677,125,44.3822
309.441088,118,44.460326
271.912588,114,44.531459
327.942127,132,44.625209
275.477108,117,44.703332
286.571424,116,44.781459
334.707451,133,44.859585
312.48873,126,44.953333
267.473953,114,45.758331
298.008412,122,45.836454
307.554634,123,45.91458
304.501827,121,46.006017
317.367197,130,46.084144
307.781832,131,46.177894
307.787364,121,46.256019
314.614942,127,46.334143
309.025453,123,46.427894
326.680463,119,46.500231
302.343548,123,46.593983
311.592012,120,46.672109
311.780436,119,46.750232
332.439667,130,46.843982
309.739002,126,46.922108
313.648818,121,47.000232
329.71686,126,47.093981
291.568954,120,47.913611
312.396494,123,47.991736
349.51311,130,48.085485
317.298877,123,48.16361
339.319633,125,48.25736
281.758232,113,48.319859
308.325896,122,48.413609
254.623304,109,48.476111
300.93502,127,48.562996
317.444919,129,48.656747
301.476767,122,48.734871
304.769812,123,48.812997
302.523972,113,48.89112
287.043099,117,48.969246
282.209669,111,49.04737
331.377192,128,49.14112
303.317326,127,49.946116
317.224085,119,50.039865
326.312862,129,50.117991
299.575813,119,50.196116
271.995767,115,50.289865
253.440284,106,50.352365
292.449309,116,50.430491
324.080038,126,50.516374
287.01528,113,50.594499
316.741915,126,50.672625
300.799473,123,50.766373
281.660725,112,50.844499
314.870764,129,50.922623
318.708856,122,51.000749
310.280505,127,51.094499
281.928421,118,51.172622
325.806723,132,51.266371
315.746298,126,52.562434
297.004574,119,52.644685
322.070644,123,52.72281
332.574898,129,52.81656
351.70932,142,52.910309
326.330928,128,53.004059
305.247466,118,53.082184
314.180059,127,53.160309
313.633885,126,53.254058
285.192163,120,53.332184
324.176147,123,53.425932
328.441822,126,53.500809
338.666206,128,53.594559
277.086492,112,53.672685
319.677443,138,53.766435
304.144534,133,53.860184
298.6356,116,53.938308
351.228708,128,54.82144
324.101563,126,54.899564
341.387493,130,54.993314
311.972132,125,55.071438
313.840337,124,55.165188
304.954525,126,55.258938
347.387168,142,55.352687
284.911357,118,55.430813
305.800294,125,55.516301
341.987651,131,55.612174
353.890206,128,55.705925
317.487789,121,55.78405
313.935529,130,55.877799
330.251579,138,55.971549
357.305517,133,56.065298
314.158455,124,56.143423
317.170982,130,56.985156
318.007261,128,57.078904
335.207309,129,57.172654
315.857631,130,57.266403
292.735788,123,57.344528
358.034585,136,57.453902
335.352452,128,57.532028
347.170417,132,57.633909
345.705878,130,57.727659
334.419543,126,57.821408
331.636436,132,57.915158
337.299517,133,58.008908
319.38355,125,58.087033
336.600052,133,58.196407
346.139795,131,58.290157
321.045282,129,59.222966
341.229038,128,59.316714
344.965979,127,59.410464
377.781069,142,59.501448
354.725812,131,59.595199
299.854103,126,59.68895
341.22971,131,59.782699
363.536956,130,59.876448
360.055912,137,59.985824
329.335248,129,60.079573
343.454722,129,60.173322
374.888707,136,60.267073
354.495028,136,60.360823
334.998052,130,60.454572
348.800379,131,60.548322
308.947376,127,60.633569
382.852083,140,61.563628
364.384167,135,61.657377
541.20878,189,61.798002
326.152391,128,61.891752
346.713087,125,61.969877
264.173025,104,62.048001
318.056484,126,62.141751
371.365186,130,62.235501
317.728115,127,62.329251
345.505714,131,62.423
344.446847,132,62.516749
313.465019,123,62.617654
319.329219,126,62.711404
339.667414,126,62.805153
330.707385,126,62.898903
305.734373,127,62.992652
309.670709,129,63.95361
372.52722,138,64.047361
354.465777,132,64.156735
302.812495,122,64.23486
545.31611,186,64.375485
342.922038,131,64.469233
367.463451,135,64.562984
338.200983,131,64.648325
316.087433,128,64.742075
372.248475,133,64.835825
332.496042,126,64.91395
355.282006,130,65.023324
361.61921,135,65.117075
364.157486,132,65.210824
340.076586,137,65.320199
343.531408,125,66.26668
501.722755,171,66.391679
349.994582,131,66.485429
357.882859,133,66.596903
342.520657,127,66.680124
479.458978,168,66.805125
360.704986,137,66.914498
353.305495,134,67.01532
286.430409,124,67.10907
360.244185,128,67.202821
351.566509,128,67.29657
348.477123,135,67.405945
374.36031,138,67.515318
377.911917,134,67.616075
352.845199,133,67.709825
325.529748,119,68.687468
351.819676,134,68.781216
348.866208,137,68.890592
332.127219,126,68.984341
334.661101,127,69.078091
365.403846,138,69.187466
354.206257,132,69.281215
341.600522,125,69.374965
340.453827,130,69.468714
387.056627,140,69.578089
354.164646,131,69.664328
315.423179,133,69.773703
335.536722,128,69.867451
336.015604,127,69.961201
343.760973,127,70.054952
367.75196,132,70.148701
401.120744,144,71.113711
425.126656,151,71.238711
339.353591,124,71.332459
365.424783,139,71.441835
360.695349,130,71.53177
365.818043,129,71.641145
368.390858,139,71.750519
359.883525,133,71.84427
382.667711,138,71.953644
320.720397,130,72.047393
324.767714,132,72.156768
371.017456,136,72.266143
330.239845,123,72.359894
392.537857,139,72.469267
352.490209,130,72.563018
546.088269,182,73.593608
370.341615,136,73.702981
369.056491,131,73.796732
391.192552,143,73.906106
383.618089,143,74.015481
353.950132,126,74.109231
371.849723,133,74.218606
327.438554,124,74.312355
350.627148,127,74.406105
332.540184,128,74.51548
364.106669,134,74.61639
517.236565,168,74.757015
340.637537,138,74.866389
230.840103,102,74.944514
348.291293,130,75.038264
354.325692,138,76.078456
421.841909,152,76.203457
367.066374,135,76.312832
381.838696,129,76.422205
393.868856,141,76.53158
365.011479,133,76.648217
403.627925,145,76.757591
296.958175,115,76.851342
401.331146,149,76.976341
397.949706,143,77.085715
368.763092,131,77.19509
595.101927,202,77.351339
377.962426,136,77.460714
362.436318,134,77.563165
408.431221,149,78.578787
466.705433,156,78.696492
441.60485,155,78.805867
346.766474,137,78.915241
578.301253,188,79.055866
367.315521,135,79.165241
413.58857,147,79.274615
390.104523,139,79.38399
370.858241,142,79.493364
387.364827,138,79.596885
224.4695,100,79.675012
365.927041,132,79.768762
527.150439,182,79.909387
362.175734,139,80.01876
362.646547,136,81.01611
391.207324,141,81.125484
408.482226,144,81.250483
373.445641,135,81.359859
353.928033,134,81.453608
384.521238,138,81.562983
378.11871,138,81.686713
655.646397,213,81.842965
388.667871,138,81.952338
479.083486,167,82.092962
383.485645,146,82.186713
361.080044,131,82.280462
593.764093,199,82.405463
417.57476,149,82.514838
426.934747,153,83.350078
430.428224,149,83.443827
431.739381,156,83.563223
401.884565,141,83.656973
451.723297,151,83.750725
364.956983,137,83.844473
383.407568,142,83.953848
624.716591,200,84.078847
547.374359,188,84.219472
388.186414,138,84.313222
229.151455,100,84.375721
417.334006,152,84.485097
347.129659,133,84.578846
382.576137,137,84.665106
375.387612,135,85.516365
357.132009,132,85.612259
395.863966,147,85.706009
565.485948,178,85.831009
555.66801,181,85.940384
398.859609,147,86.049758
388.797074,143,86.143508
374.572089,136,86.237257
398.843709,144,86.346631
390.144838,139,86.440382
355.603844,138,86.532739
343.409097,131,86.610863
777.71452,247,86.782738
457.101252,160,87.634633
414.272618,143,87.728383
479.030397,159,87.837757
403.38146,140,87.947132
552.528794,180,88.056507
569.513906,191,88.197131
520.663346,188,88.32213
557.629233,178,88.44713
453.298082,162,88.547675
373.755907,137,88.643561
567.849177,182,88.768562
559.622503,190,88.893563
495.827156,170,89.750162
352.769155,126,89.843914
664.07559,224,90.000161
378.545445,138,90.093911
613.594963,198,90.218911
517.945884,171,90.34391
379.454731,137,90.422035
674.132416,219,90.562702
552.550203,183,90.694771
373.817708,140,90.788521
598.592371,200,90.91352
398.035178,141,91.00727
600.828944,199,91.875705
719.584594,222,92.031955
462.134908,154,92.125704
654.092046,197,92.250705
374.403065,140,92.344454
374.857414,136,92.438204
660.44212,210,92.578828
535.052024,179,92.695339
605.880645,208,92.835963
411.466469,150,92.945338
482.211919,159,93.054713
633.900563,187,93.179713
624.848548,191,94.079755
399.407983,147,94.173505
781.536483,242,94.345379
628.636543,204,94.486004
542.719523,178,94.602869
678.295547,208,94.743495
364.688442,137,94.837245
756.029599,219,94.97787
648.074738,195,95.102871
385.051732,139,95.196619
712.118774,212,95.337244
613.943073,193,96.219587
402.898559,141,96.313336
834.834269,255,96.485211
661.799172,207,96.632961
720.167001,228,96.789212
637.100974,210,96.929836
542.217769,198,97.07046
722.20338,227,97.211086
658.124695,202,97.351709
615.782976,210,98.250727
674.675313,209,98.39135
630.016225,194,98.51635
598.568251,199,98.648485
783.341409,235,98.820358
800.170114,240,98.976608
672.856862,199,99.101607
676.707987,218,99.242233
661.210721,206,99.382857
620.427166,205,99.516585
811.095183,247,100.389544
716.242308,218,100.532792
623.223843,190,100.662935
672.169323,214,100.799275
649.360609,212,100.939898
344.378339,130,101.033648
582.064084,184,101.158647
615.268185,194,101.283647
705.40015,222,101.424273
707.834521,216,101.581033
921.524372,278,102.491254
828.570063,260,102.653131
706.622542,208,102.793756
894.420076,268,102.965631
645.349271,199,103.106254
619.721432,208,103.231254
684.753677,201,103.371878
757.331241,226,103.512503
654.019831,203,103.653128
653.823555,203,104.53211
892.869659,280,104.725735
882.624647,263,104.89761
652.865295,208,105.038234
662.310736,207,105.178857
638.537442,207,105.319482
905.002959,269,105.50118
782.2544,233,105.657433
611.318999,201,105.798056
816.40913,250,106.711416
665.279956,222,106.867666
664.937516,204,107.008291
655.505394,203,107.148915
663.301659,212,107.28954
726.173372,234,107.445789
694.521559,223,107.593869
620.764142,189,107.718868
835.920939,247,107.890743
605.247947,188,108.772887
626.723424,197,108.897887
818.872068,259,109.085386
615.531473,221,109.22601
660.415112,202,109.366634
494.80858,173,109.47601
496.149721,188,109.610176
790.661026,246,109.78205
769.815049,247,109.938299
688.933533,212,110.094549
644.694212,209,110.993281
731.258588,214,111.133905
758.142679,226,111.274531
710.22706,230,111.430783
851.880438,260,111.611871
663.432555,206,111.768121
779.437332,244,111.939995
842.438711,261,112.127494
817.982946,257,112.314994
665.889147,194,113.281193
544.726282,195,113.421818
790.791866,247,113.601837
673.432691,221,113.758089
642.607908,209,113.914337
847.611324,256,114.101837
642.53792,201,114.242461
760.641771,233,114.39871
812.599292,238,114.578251
599.122208,197,115.562623
782.112244,237,115.727002
912.73925,289,115.930126
809.496721,244,116.102
227.261522,101,116.180127
720.414658,226,116.336375
455.380425,163,116.461375
812.005846,247,116.64101
683.549929,201,116.781634
972.424254,291,117.854286
803.332377,253,118.041785
751.667393,224,118.21366
738.100824,215,118.369909
861.465948,252,118.546896
706.682091,207,118.706264
573.046334,176,118.831264
756.867464,229,119.003138
895.800998,267,119.190638
584.948609,182,120.128059
933.429201,281,120.331185
765.47714,237,120.500385
793.400129,244,120.687885
861.490076,255,120.875386
696.928568,202,121.031634
774.612865,232,121.203508
716.886231,217,121.359759
1081.249544,322,121.603269
591.110077,185,122.643731
784.070269,240,122.815606
859.70348,246,123.003106
871.542816,269,123.190605
853.854884,272,123.393729
689.427066,199,123.547738
666.620008,201,123.688362
937.524471,283,123.907112
532.258447,173,124.032111
827.552077,245,125.071492
964.043155,293,125.29024
699.816198,225,125.462116
798.054546,238,125.628532
798.245154,242,125.816031
1124.050804,343,126.081656
722.029016,226,126.253531
835.912935,246,126.44103
804.208407,239,127.517427
729.566085,225,127.689302
700.310676,246,127.876802
642.305946,193,128.017427
850.765964,277,128.220551
650.053369,195,128.376801
690.579879,213,128.53305
924.219165,281,128.744316
756.2168,226,129.916188
896.33081,268,130.119312
458.585747,148,130.244312
1018.293595,317,130.500073
876.971067,265,130.706389
683.387516,202,130.878263
798.030655,255,131.081388
742.686583,231,131.268887
774.687771,233,131.456386
682.753107,206,132.531141
898.58176,288,132.742442
837.686692,265,132.945567
833.361537,246,133.133066
884.913151,263,133.336191
850.256323,268,133.531793
782.117719,230,133.719293
958.158475,306,133.953667
951.752109,290,135.071279
783.209578,238,135.25878
975.207238,300,135.500343
672.518013,206,135.658799
967.987154,302,135.908799
682.064048,206,136.065049
985.122452,301,136.299422
826.454788,255,136.50117
675.804538,221,137.516793
740.24267,228,137.665575
773.431581,258,137.837448
1042.091178,314,138.071823
1174.580561,343,138.290571
963.761959,305,138.500475
758.678703,220,138.643242
890.78319,264,139.578742
928.196867,291,139.781867
1110.200431,338,140.000616
948.95643,295,140.203741
866.531358,245,140.375615
468.241741,165,140.484991
909.554039,291,140.680613
886.713687,274,140.868113
989.04162,293,141.79962
772.335949,239,141.971495
955.652705,284,142.158995
790.655506,233,142.315244
894.522595,283,142.500723
1001.180097,302,142.703849
801.745686,269,142.891348
876.049789,284,143.805735
934.942243,264,143.97761
839.00518,270,144.165108
861.38998,259,144.336984
906.83305,290,144.531349
915.704483,288,144.707342
991.967882,304,144.910466
688.036346,202,145.051092
851.747104,250,145.921814
877.981379,245,146.093688
940.278175,291,146.281188
1171.331691,347,146.515563
918.99582,292,146.713282
832.835651,249,146.875695
1018.428511,307,147.078819
812.515345,259,148.012121
1051.368948,323,148.230868
1175.16578,363,148.480867
766.516276,250,148.645005
877.926875,258,148.816881
912.318932,290,149.020004
971.538434,296,149.207503
899.73627,286,150.141423
1127.946035,335,150.360173
905.281858,249,150.532047
910.324649,271,150.712033
946.745191,276,150.899533
1123.361439,329,151.11828
995.576843,308,151.321405
946.25204,285,152.285357
981.806067,307,152.500357
1123.39799,324,152.719108
990.312286,283,152.906606
1004.402513,310,153.10973
927.121837,288,153.312855
810.948759,231,153.453479
900.711249,285,154.367924
916.113562,286,154.563546
967.053103,291,154.751045
879.926637,248,154.92292
683.645734,234,155.079169
968.709244,303,155.282294
1058.066073,324,155.485421
1165.573087,336,156.461302
960.134418,286,156.646995
959.568571,294,156.851065
1020.131298,295,157.054188
745.562483,207,157.194813
1217.649368,365,157.429188
817.33103,265,157.609826
1262.849458,363,158.578573
1170.818588,337,158.805473
986.348759,270,158.977346
1167.445432,341,159.211722
1192.675203,360,159.46172
1125.724112,338,159.687964
815.618246,271,159.875463
1022.376846,316,160.83572
1036.782073,319,161.05447
866.04372,256,161.226345
1378.703984,406,161.500263
970.668006,289,161.687764
899.635543,282,161.875264
910.312367,270,162.804294
1123.978289,339,163.038668
1006.939618,315,163.241792
1058.591367,326,163.460542
995.949569,280,163.656921
871.696301,247,163.81317
947.580625,274,164.00067
937.257626,290,164.946295
933.150978,289,165.133794
1222.096604,369,165.383793
944.148887,292,165.586918
895.277581,273,165.774417
933.17898,300,165.977542
1385.291464,416,166.258791
1007.713675,293,167.221657
1119.753971,331,167.471656
1079.568799,329,167.703371
888.342561,283,167.906495
1305.084316,380,168.17212
859.06627,272,168.364951
1057.815054,312,169.399106
977.1774,300,169.609293
853.00875,272,169.812417
1023.126727,316,170.031166
792.142387,232,170.20304
809.088236,230,170.35929
1639.553201,489,170.721279
1230.233525,356,171.80656
969.297998,277,172.009683
949.022955,260,172.197183
1736.473829,500,172.562586
1251.739216,383,172.846986
892.642707,284,173.050111
926.938013,291,174.094225
1584.648466,460,174.422347
1309.947352,393,174.697157
1491.354562,427,175.015516
1196.795241,375,175.273875
1250.262681,367,176.438162
1031.410812,316,176.664051
690.685024,242,176.851551
1141.56283,331,177.102572
1331.336922,386,177.383821
1083.747666,314,177.628528
1027.949217,293,178.703972
1543.981869,444,179.032097
1199.56019,345,179.29772
1395.382009,392,179.586292
1641.150046,468,179.93004
786.296947,217,180.08629
722.469743,211,181.156907
1541.128639,454,181.51628
1201.400577,346,181.774425
1390.875121,399,182.071299
1311.634572,394,182.368173
1278.782622,367,182.643236
1146.191975,326,183.765868
1488.372813,454,184.109617
1238.898099,349,184.375241
1587.310884,444,184.711744
1611.719518,460,185.088392
1234.84925,375,186.353424
1735.880066,472,186.707545
1778.557526,526,187.113794
979.479817,274,187.316918
1382.952606,407,187.625175
1233.911723,361,188.78914
1485.525387,420,189.117264
1265.677483,378,189.398514
928.854581,289,189.609236
1120.137987,328,189.874859
1490.352308,431,191.148849
1791.505187,534,191.563064
1018.312309,275,191.781813
1987.136821,552,192.205408
1239.407495,354,192.471032
978.679579,263,193.431402
1640.42178,476,193.743901
1889.99914,557,194.118901
1189.578089,330,194.337651
1948.29141,564,194.721648
1518.178409,444,195.782413
1408.262607,415,196.063662
1392.308536,405,196.344911
700.566502,239,196.50116
1352.203001,390,196.77388
1328.085571,367,197.749834
1515.521317,440,198.04671
2024.625014,589,198.437334
1779.855571,517,198.77262
1579.423319,456,199.797096
1299.088429,386,200.047095
1105.399659,303,200.25022
944.903162,295,200.453344
1078.159254,310,200.649016
1273.155068,376,200.899013
899.884196,289,201.102138
1807.200244,518,202.171898
1367.503054,394,202.437521
1519.027141,446,202.725898
1245.474559,363,202.975898
1061.862673,317,203.179021
848.126363,235,204.078137
1212.300945,340,204.296886
1371.012805,394,204.562511
1657.210843,473,204.88311
1260.8833,360,205.117485
1868.102274,532,206.234857
1176.777853,338,206.469232
1287.827572,355,206.69611
1868.344073,551,207.07111
1329.578929,397,207.352355
1759.77851,507,208.423857
1002.028933,292,208.618464
989.075039,269,208.790339
2011.282386,586,209.180963
1268.247262,364,209.430961
987.608487,304,210.363446
1257.781968,359,210.610445
1996.948908,568,210.985444
1370.464781,395,211.251067
1766.174291,501,211.579191
1495.811256,435,212.594139
1526.82161,437,212.878419
1244.597426,356,213.128417
504.170965,166,213.237793
1814.791156,531,213.594381
1318.198874,379,214.609299
1221.690311,354,214.859298
1522.570397,440,215.156173
2278.730391,657,215.600792
1358.503286,393,215.866418
1939.44144,559,216.984465
1330.369599,380,217.250088
1050.961983,286,217.437589
1648.215134,477,217.764907
1286.81978,364,217.99928
1497.863922,434,219.06244
1485.477733,424,219.359315
2914.705143,838,219.914288
2083.154851,600,221.06251
1162.893916,321,221.296885
1694.225715,478,221.617547
689.390852,234,221.773797
1137.707791,310,221.992546
1528.084662,435,222.305046
1794.416506,511,223.494366
1012.202721,303,223.703609
1364.03125,402,223.984857
1274.202753,351,224.234857
1085.140506,305,224.453606
1727.913073,514,225.641167
1263.370081,360,225.90679
1251.523866,338,226.156788
1399.158603,375,226.422414
797.124414,221,226.594376
734.667311,207,226.743042
1158.961758,322,227.798749
1726.489844,486,228.158123
940.145921,281,228.361248
1475.455235,431,228.665266
1567.344527,451,228.993391
1588.061796,452,230.087136
1293.417644,373,230.337138
1217.072316,324,230.598152
751.242924,210,230.754404
1158.160365,317,230.988778
1114.430418,307,231.223152
1293.228403,351,231.496475
1506.151021,423,232.665244
854.589288,284,232.868368
931.880426,289,233.087117
1038.893596,292,233.305867
2290.207173,645,233.783803
1295.390189,375,234.953685
1064.669292,302,235.188058
809.015854,231,235.375559
658.472057,196,235.516183
961.674021,265,235.726436
1053.859885,303,235.960811
1066.480621,293,236.17956
1557.277652,432,237.383644
2725.040923,768,237.953931
1106.990525,299,238.188306
902.230672,243,238.375805
1615.842864,445,238.709607
1275.704707,356,239.906682
938.122811,263,240.125433
992.119848,277,240.344182
1254.075614,350,240.632615
808.362677,220,240.80449
1538.968918,446,241.132615
1444.297602,397,242.313058
1902.816747,530,242.711804
306.152459,122,242.805553
1018.062067,283,243.008677
301.933799,119,243.102427
752.067975,214,243.258677
1279.119318,358,243.531795
292.725497,119,243.625545
1038.073196,300,244.773195
1453.477783,391,245.070071
294.326956,117,245.163819
1004.077672,273,245.366942
1565.694294,431,245.688262
1313.107299,374,245.969511
783.623727,219,246.12576
1466.362056,415,247.352455
1650.179892,478,247.721589
782.576106,213,247.909089
1071.330964,302,248.127839
1371.488659,398,248.424713
1426.123931,383,249.598787
1691.116108,472,249.945584
1949.148831,563,250.351834
1534.908208,426,250.657444
1666.532426,469,251.001193
1067.187815,299,252.040981
1259.757367,361,252.306605
1416.518078,389,252.597412
1111.590243,312,252.831787
1582.070486,431,253.144286
1156.141964,319,254.250771
1889.666064,530,254.634921
1427.128814,397,254.931795
1604.028426,459,255.259918
1016.397411,276,255.463042
983.314336,260,255.643595
1002.873227,274,256.672458
1784.289644,487,257.031831
1123.413328,304,257.266206
883.500297,254,257.453706
1492.647594,421,257.758716
1463.794396,408,258.071215
1915.454276,547,259.316501
1615.592501,446,259.640862
637.310759,184,259.781487
699.583054,197,259.922112
1128.705516,318,260.156486
1853.064992,543,261.367747
1284.23954,356,261.641132
2000.135586,552,262.031755
1111.867791,301,262.23488
1410.994975,394,262.500504
656.708356,185,262.618002
822.969832,219,263.500559
1275.313262,364,263.734935
1457.112802,396,264.000558
1367.237795,393,264.266183
1304.030741,357,264.500556
1704.006195,483,265.547968
1611.264208,455,265.860467
1452.138507,407,266.126091
1882.27205,504,266.46984
1082.222629,290,266.664465
1267.574277,363,267.625394
2610.746747,736,268.125392
1537.477298,422,268.406641
2828.308538,781,268.914738
999.635212,265,269.845876
709.806793,200,269.9865
642.489107,185,270.1115
1481.467441,410,270.377124
982.775674,269,270.564622
1850.403878,526,270.931113
1499.947854,432,271.957284
1103.670182,317,272.176033
1502.821203,411,272.441657
1624.171473,453,272.750622
1417.271811,401,273.016247
1096.429232,313,273.960875
1384.881072,382,274.230513
1312.675695,382,274.480511
1294.28137,376,274.723775
1700.450197,471,275.036276
1045.093376,290,275.223774
1615.527672,456,276.281132
1186.864498,307,276.484255
916.494244,239,276.631995
1762.733876,496,276.975744
1938.203704,538,277.33512
2165.974539,592,278.531665
1311.688586,359,278.794215
1014.924276,262,278.981715
1623.100975,453,279.294215
1285.106012,357,279.559838
1691.340847,458,280.690147
948.744393,257,280.877646
1106.40425,319,281.112021
2559.76895,715,281.625346
1356.416113,362,281.89097
2217.335916,611,283.191172
951.091373,252,283.363046
1148.752395,317,283.593908
900.211051,246,283.765781
1513.994695,408,284.04703
1249.539157,346,285.08646
1426.683105,387,285.352083
318.326541,121,285.445833
577.084082,170,285.562791
1662.450753,456,285.890915
738.583423,207,286.03154
882.061194,233,286.203416
2217.048194,603,287.460557
957.685237,246,287.640814
2027.982269,555,288.062687
1622.871788,443,288.390811
1300.399099,349,288.633387
2138.344607,590,289.954535
1524.667261,432,290.282658
1041.557551,287,290.501408
1276.90861,346,290.77528
1600.963785,443,291.11903
1426.688845,385,292.284139
1478.960194,401,292.594726
1479.798532,408,292.8916
693.409547,198,293.047851
1019.166047,283,293.2666
1035.710535,290,293.48535
1096.754298,292,293.712246
2142.291088,586,295.06612
1311.923674,353,295.331742
915.111087,247,295.532012
894.751294,239,295.703887
2398.718743,646,296.203886
2033.295063,566,297.501645
1949.255002,518,297.894402
1341.410482,356,298.160025
1832.113806,497,298.546866
1314.308811,342,299.726876
2295.903884,629,300.226875
1122.680176,300,300.461249
1539.326733,400,300.782208
1275.030449,356,301.047832
1142.557772,319,302.196668
1253.106921,334,302.462291
737.538569,210,302.627693
1081.521583,298,302.862067
1672.897488,441,303.205817
748.470886,211,303.362065
898.55433,236,303.547029
1170.53805,311,304.742039
1623.923279,424,305.030638
1360.175331,356,305.29626
1322.577801,365,305.54626
1537.797081,402,305.81901
1573.842268,439,306.852679
1276.802221,353,307.087054
1504.059492,411,307.352677
1726.229313,467,307.658852
1836.089472,502,307.986976
2165.966525,582,309.109467
1599.171543,426,309.390715
1174.283034,323,309.601955
1154.4047,303,309.805081
2124.00453,574,310.195705
950.44232,265,311.082664
2840.557146,773,311.591933
1339.374102,365,311.841934
1566.172835,429,312.123184
1338.693487,359,313.127627
3335.706756,898,313.720187
1038.273979,275,313.907687
1359.312215,366,314.14206
2574.607991,703,315.353037
1238.037764,333,315.579244
1428.443572,380,315.846992
1275.61743,331,316.065742
1601.345723,441,316.362616
1288.06981,348,317.375348
990.836915,255,317.54722
2494.765572,663,317.992824
1261.654962,338,318.211575
1572.650361,421,318.477197
1943.49075,527,319.547806
1611.0944,429,319.837172
1898.175476,479,320.149669
2293.761414,619,320.562757
1347.392617,361,321.531953
2314.419648,631,321.953824
1281.290657,324,322.172574
2110.356003,570,322.563199
1018.95869,284,322.74219
1721.04612,462,323.79691
971.233061,256,323.968784
1012.427493,257,324.140659
1293.839425,357,324.390658
1966.203459,546,324.758186
2229.959763,586,325.891034
1242.399662,326,326.109783
1355.348283,344,326.328533
1310.270237,346,326.562907
1164.753113,309,326.776078
1133.409869,307,326.979202
1522.347373,393,328.000103
760.94408,208,328.125103
1166.8874,303,328.328226
1323.258986,335,328.546976
659.33298,189,328.680081
740.921409,204,328.820706
663.259279,188,328.945704
811.904015,220,329.086329
1104.446935,299,330.015548
1786.33025,478,330.328047
2045.748574,554,330.695625
1240.71319,316,330.914374
1172.678527,303,331.117499
1032.782262,270,331.289374
639.788821,182,332.187474
1254.779554,316,332.406225
1015.185852,270,332.602174
824.02041,219,332.7428
686.41408,193,332.883426
1177.589254,304,333.086549
1080.662611,285,333.289675
1698.086613,445,334.376065
1092.146862,305,334.600911
3278.551521,860,335.211323
1859.503282,485,335.562851
971.106949,244,336.602377
1182.369807,307,336.821128
1391.898666,363,337.086753
1616.391631,407,337.383626
1310.317651,340,337.625753
992.149077,260,337.813252
918.539625,235,337.985127
2452.907145,645,339.243257
1304.500429,358,339.493256
1669.560888,426,339.796055
952.733287,269,339.983554
1129.937756,291,340.202305
1799.179818,462,341.350233
1331.077335,351,341.600232
852.25601,222,341.756482
1340.120067,351,342.006481
1142.810536,308,342.209605
671.601599,193,342.334605
1244.228638,319,342.563211
1475.969125,405,343.727582
2172.864435,581,344.165081
976.120059,251,344.35258
1412.667723,358,344.628134
1233.456745,319,344.862508
1909.563014,519,346.15752
1860.994057,482,346.516894
778.99541,211,346.680251
1239.469621,343,346.93025
954.53801,246,347.120084
1026.133462,265,347.323209
778.95315,213,348.370081
2098.780019,547,348.784347
1369.82243,358,349.065598
1427.834036,362,349.346846
1751.835285,454,349.703505
1279.299829,346,350.85324
1311.011012,355,351.118864
854.020565,260,351.306363
1616.522005,416,351.612978
1006.034553,264,351.800478
1055.373353,268,352.003603
1815.664354,493,353.28141
2138.398643,575,353.727046
1392.320356,366,354.008296
1192.511903,326,354.27392
1750.555854,487,354.65809
733.390388,207,355.74436
1042.533831,278,355.947486
2489.097046,669,356.463109
1165.639668,299,356.692161
1308.57474,345,356.957787
843.757656,261,357.16091
914.438023,240,358.281709
716.143619,199,358.437962
927.428619,244,358.635605
2099.767571,566,359.08873
955.524689,245,359.276229
1237.164828,327,359.541856
1155.321873,318,359.791853
1336.332646,356,360.830966
1297.682489,337,361.049715
673.067722,190,361.174714
2222.897297,585,361.578657
1757.013378,469,361.891156
896.610778,243,362.774294
3538.901978,1000,363.430544
2368.421965,627,363.859982
1302.404962,343,364.078732
1096.463137,285,364.977483
3440.192499,1000,365.656701
1100.538032,281,365.8442
1062.080533,289,366.0317
1724.80652,459,367.102322
2408.735094,626,367.515465
1114.279681,284,367.707086
2069.561347,533,368.06646
1153.780099,349,368.28521
3543.922779,1000,369.695676
1653.236818,441,369.99255
1057.443612,271,370.180049
763.293355,210,370.320674
1391.685193,368,371.345017
1298.450325,359,371.580785
3549.855249,1000,372.258761
2174.559849,566,373.345373
2215.107168,576,373.712269
1172.596996,302,373.915394
869.470783,227,374.071643
1091.11339,282,374.259143
944.270416,246,374.415393
1050.196391,280,374.600288
1205.542984,311,375.563134
1262.988279,347,375.799649
1164.649756,301,376.002775
1360.662067,352,376.221523
823.756975,223,376.377773
1042.85013,270,376.549615
1802.480938,479,377.594083
168.63817,83,377.640958
180.821897,86,377.703458
960.276777,242,377.859707
1713.391013,440,378.156583
833.322649,217,378.297207
177.271475,84,378.359706
852.670708,222,378.515955
1306.590762,326,378.726213
931.241807,242,379.641863
1376.925611,354,379.876237
1671.498907,440,380.17743
1499.126584,389,380.443055
1055.522753,277,380.641359
1508.59373,373,380.891357
2634.776192,714,382.11826
1064.704348,278,382.30576
3582.946429,1000,382.987048
2008.886128,538,384.06367
982.516196,252,384.235544
1586.064573,416,384.516794
1637.605224,434,384.789557
1270.004806,334,385.008306
3660.618193,1000,386.42191
1852.952185,476,386.741626
2647.52754,697,387.210377
1583.061156,422,388.234848
1219.009523,320,388.453599
1526.033473,399,388.727793
913.975465,235,388.884043
1674.63233,434,389.180917
2453.242974,650,390.408807
1840.649832,480,390.766336
860.369945,226,390.93821
1844.517141,495,391.297585
1104.741324,282,391.500708
1136.830281,297,391.71104
1553.21541,425,392.843675
1457.912025,383,393.124926
1808.269055,488,393.468673
1073.318118,280,393.664347
1590.046725,425,393.961221
866.839888,229,394.95331
1880.734567,506,395.312682
896.434953,237,395.484557
1219.431948,333,395.727117
2279.116425,594,396.133367
1444.868803,384,397.203502
802.1232,218,397.359754
874.851342,230,397.516001
1369.74687,346,397.75851
874.591732,225,397.91476
875.591522,229,398.086634
839.080167,227,398.242883
1020.974195,264,398.414758
1275.915721,326,399.516131
1331.149657,348,399.789905
1074.121361,278,400.008653
1056.372453,292,400.227403
704.543053,200,400.368027
2179.191948,573,400.804491
1608.66898,430,401.984336
1163.646017,302,402.21871
3567.569141,961,402.930223
1121.170307,289,403.164597
1945.708658,525,404.500047
2033.957837,532,404.898813
1355.619486,356,405.164436
1583.636199,420,405.46131
2778.744002,750,406.867609
803.263403,214,407.023858
1030.813939,272,407.226983
880.958382,239,407.398857
662.900396,187,407.546792
1360.768368,348,407.796793
797.898301,213,407.953042
883.881233,231,408.140541
2214.989644,592,409.500777
1374.407062,371,409.782027
1868.567767,481,410.157026
3340.61092,909,411.752444
1190.049762,356,412.01807
940.782198,244,412.205569
3584.653502,977,412.984314
1879.183148,495,414.291601
884.501789,230,414.479099
901.549191,234,414.658756
1789.408038,461,415.033755
927.498978,244,415.221255
2519.46668,681,416.680902
3573.357691,968,417.384025
3583.848004,1000,418.770582
925.355455,288,418.958081
1016.782538,266,419.145581
1060.349634,271,419.317455
1294.725345,334,419.531614
1311.050176,323,419.734738
1264.627192,332,419.953487
1763.012681,477,421.008467
1447.748306,393,421.27409
932.968332,245,421.43034
2440.005799,642,421.85979
3499.783309,1000,423.258587
1149.61939,296,423.446087
871.099442,275,423.641012
2298.171374,608,424.047261
1035.534811,269,424.219136
644.547576,184,425.10225
1414.560576,376,425.352249
1075.287224,285,425.547586
1846.019079,481,425.860086
1516.211311,401,426.141334
628.641715,183,426.266333
749.203823,210,426.406958
1584.557787,403,427.531561
2026.77099,553,427.890933
2498.719618,666,428.328432
1543.170705,403,428.602148
925.645382,293,429.547096
1094.16496,273,429.734596
1530.536359,377,429.984596
1845.439952,465,430.297093
1000.717626,257,430.453344
886.368711,235,430.616704
647.042288,186,430.741704
1576.373155,467,431.765688
2188.000594,602,432.171938
1121.996631,289,432.359436
946.400527,240,432.515688
1650.802062,445,432.819705
1224.174956,377,433.826915
1309.431892,341,434.061287
1389.783922,357,434.295661
1898.347485,519,434.647387
1707.779556,441,434.944261
1972.468149,586,436.062417
1115.099162,351,436.296792
819.78144,272,436.48429
1498.757865,382,436.741472
1167.823463,303,436.944598
1159.748807,356,437.941798
847.65275,269,438.129297
1098.692003,291,438.316796
1310.009653,364,438.547106
1385.506361,356,438.781481
1543.792085,383,439.03148
1220.934284,317,439.961448
964.658391,249,440.117698
2105.883645,535,440.48046
1833.202652,496,440.801685
176.720445,85,440.864218
1862.611498,487,441.188074
1331.557429,350,442.180045
1414.379632,359,442.41442
1089.325282,292,442.609617
1453.153959,375,442.852384
1188.566216,315,443.071133
1278.225684,334,443.289882
1909.097732,514,444.384115
1371.697939,361,444.643636
1872.903765,482,444.971761
1883.257725,497,445.315509
1558.817561,410,446.36062
1710.37605,506,446.696943
811.182141,219,446.850981
974.420077,266,447.054105
1901.194249,506,447.413479
2363.016075,629,448.695995
1874.892734,501,449.039744
1570.885914,424,449.352243
1647.817094,439,449.656233
1292.929812,336,449.906232
1477.705003,381,450.961222
2124.92725,553,451.351845
1642.440315,440,451.657049
2451.926695,670,452.141424
1335.828443,346,453.212057
1796.609794,484,453.562585
1852.136292,492,453.908705
1278.558404,334,454.143001
1570.299818,414,454.439876
2016.16858,525,455.645029
1491.863793,381,455.941903
1630.001066,423,456.254403
962.88318,269,456.457526
1210.989758,338,456.70299
1064.934643,289,457.83716
1152.626291,302,458.08716
1224.449756,319,458.337157
951.8371,254,458.532099
845.516704,243,458.70672
1383.260981,360,458.987968
1103.859012,295,459.206717
2094.412757,551,460.500108
1321.340048,339,460.741601
1420.838253,355,461.007224
1277.295871,335,461.257224
1464.464078,389,461.532963
2177.993945,567,462.867176
1764.007383,451,463.195299
1304.233801,335,463.451837
1352.840045,340,463.695332
1560.434634,396,463.992207
1375.885549,388,465.173875
1140.45234,329,465.423875
964.883885,267,465.619517
1393.178983,358,465.900766
1092.397269,289,466.119514
1338.244005,356,466.400764
1607.970251,397,467.671761
911.806105,254,467.874885
1812.376953,480,468.234259
1551.644433,388,468.531132
1153.538881,287,468.758119
1309.353711,337,469.023744
1101.387491,291,470.172629
1753.088979,457,470.532002
913.746051,235,470.713011
1854.477667,474,471.08801
1326.888095,329,471.353633
1192.204505,295,471.588007
2140.170869,566,472.941617
1038.816292,265,473.129112
1486.198422,393,473.394736
1285.711367,323,473.609218
1798.221248,474,473.906093
813.022402,225,474.062342
630.917917,183,474.9445
756.523092,208,475.078559
2811.48044,727,475.584485
1239.247436,321,475.801872
1629.338341,413,476.070117
598.224015,177,476.195118
1479.198172,390,477.183716
823.144358,258,477.35559
878.695053,233,477.501489
835.23778,261,477.675472
1343.698007,344,477.909847
1120.805643,289,478.097347
1220.210896,337,479.062819
1500.610326,387,479.328444
1144.372711,290,479.515942
1533.91804,396,479.788325
1260.967435,323,480.007073
1336.314771,349,480.241448
2207.325271,585,481.375154
2031.624844,523,481.727016
989.797692,269,481.914516
1229.344174,317,482.11764
1393.679662,365,482.367639
2832.268618,768,483.617751
1960.17554,508,483.945873
1284.03361,342,484.180248
1119.626483,279,484.367748
1073.185154,275,484.548443
1612.830191,397,485.532047
988.932031,251,485.703923
1557.590129,405,485.969545
1220.628539,311,486.188295
1313.864382,331,486.407045
1980.248734,491,486.728658
1852.841153,474,487.784261
1034.776629,282,487.987385
1343.896969,348,488.206133
1584.112584,393,488.471757
1258.92764,315,488.671965
1236.461028,323,489.617583
1717.81214,457,489.930081
1415.892042,351,490.164456
3517.787261,1000,490.828544
966.023342,245,491.789793
1046.222683,267,491.961668
1846.150813,465,492.274165
1301.572942,326,492.497694
1069.74132,266,492.673601
791.682865,214,492.814225
885.381058,229,492.95485
1548.911388,379,493.931714
1594.36966,405,494.197338
1389.131553,355,494.431712
1347.094471,335,494.660161
1038.822599,268,494.832034
985.449343,250,495.003911
1957.05481,524,496.105141
1555.411769,385,496.370765
2994.184404,788,496.894315
903.598986,229,497.050564
1322.886323,339,497.269315
641.768662,212,498.157571
3393.475523,897,498.743476
714.657591,221,498.899725
2079.175627,552,499.274724
889.890102,231,500.190751
1352.176766,331,500.425125
1762.207526,430,500.719032
975.765214,251,500.894669
1011.192814,258,501.069576
722.783878,220,501.225826
1253.931241,329,501.4602
1537.511218,390,502.516383
1066.994421,276,502.695389
1364.759147,356,502.961013
1166.78727,290,503.164138
2150.381453,563,503.578237
1602.590666,405,504.664647
1337.087517,328,504.899022
1829.110689,480,505.242771
1017.828403,257,505.43027
1017.766024,282,505.625898
1749.64759,432,505.938397
2025.63211,520,507.101832
1328.886102,350,507.351831
767.713873,206,507.50062
899.689408,229,507.672499
1239.728777,338,507.906873
1920.290557,496,508.266245
1150.813365,298,509.279217
1336.818241,333,509.513592
1977.618306,498,509.865483
2399.176898,623,510.318607
1920.505676,506,511.532837
1353.150271,354,511.800609
1271.990609,321,512.050609
1632.563236,400,512.363107
1330.67171,332,512.609349
1296.119083,337,512.859348
1249.031642,310,513.991077
1298.486129,326,514.241077
1082.882099,273,514.444201
886.880933,235,514.624934
2630.08715,688,515.156182
1101.192266,293,515.37493
2499.491873,659,516.76865
1562.673685,406,517.065524
951.136856,240,517.253023
671.06531,189,517.393648
992.301461,254,517.578712
1274.312015,320,517.813087
704.836951,221,518.828614
1407.662976,350,519.094238
991.444192,250,519.281738
1614.393636,401,519.578612
184.224827,87,519.633615
959.087616,242,519.821114
1588.114272,387,520.102363
1106.535579,283,521.25207
1616.061466,399,521.564568
923.305206,237,521.744596
1079.732017,271,521.963345
1218.817233,298,522.19772
689.334676,196,522.338344
1271.157509,312,522.594286
682.275249,218,522.759097
988.209343,246,523.877719
861.957863,255,524.065219
1353.563636,337,524.330842
1776.378877,460,524.688697
1409.686978,374,524.985571
1454.182717,382,525.298072
1556.856611,422,526.59633
1259.590436,307,526.846331
1237.743682,326,527.096331
1425.592679,357,527.377581
1582.224747,417,527.687564
1307.208548,352,528.836452
824.272167,219,528.977076
976.370793,267,529.164575
707.821585,196,529.289574
1607.645946,405,529.563276
1760.47379,449,529.86015
863.893021,233,530.0164
1058.93679,267,530.929774
1571.746567,400,531.195397
932.22398,256,531.36727
1010.080493,273,531.546864
1676.967958,428,531.828114
1360.647365,351,532.062487
1867.207945,471,533.101858
947.92158,263,533.273733
2349.740833,634,533.703171
900.529344,252,533.875046
1465.176143,369,534.125045
1301.115857,332,534.35942
1842.481137,468,535.414439
1235.726019,311,535.625025
1042.546573,283,535.812524
1088.284747,307,536.01565
1629.343798,416,536.296899
1480.99744,384,537.305038
1617.594606,417,537.59368
1200.776039,315,537.812431
1945.185285,502,538.140554
1043.992141,269,538.312428
1388.163376,356,538.546801
2247.326688,595,539.671951
1403.893842,358,539.906325
1778.100881,458,540.203199
1641.359518,437,540.48445
1584.01424,395,541.5
928.778233,257,541.671876
1626.981535,404,541.937499
1569.126354,401,542.218749
1134.110399,282,542.406248
1711.700491,441,542.695807
1035.297493,268,543.610349
997.536399,253,543.782225
1878.070908,491,544.110348
1323.355419,324,544.329098
1987.722905,518,544.665373
1809.908744,454,545.737139
1284.554848,328,545.971513
893.684434,235,546.127762
960.122966,243,546.291238
1845.01924,497,546.613555
1545.655383,388,546.879179
1700.676918,425,547.906176
1352.050261,356,548.14055
1603.533695,406,548.406174
1796.736914,467,548.725788
2150.868064,568,549.100786
2311.483126,583,550.235191
1014.70725,265,550.407066
1313.763393,324,550.602662
2898.493929,748,551.102662
1351.433041,329,552.050007
1530.358657,380,552.315632
1693.109833,436,552.594903
1356.552434,343,552.834908
1608.441503,399,553.099083
833.623018,244,553.255333
1020.994051,261,554.192162
965.329457,267,554.37966
1771.472909,433,554.672965
1591.216683,394,554.93859
814.158162,251,555.110464
1216.19208,314,555.313589
1378.136511,385,556.337335
1567.372,392,556.613732
1019.248227,278,556.801231
1302.654257,332,557.035605
1857.798638,448,557.348105
1118.204903,295,557.562567
1855.341943,469,558.648823
1544.525786,368,558.914448
1347.75573,327,559.148823
1341.854411,326,559.367571
1693.883848,426,559.672552
722.485722,219,559.828802
1344.402379,339,560.883789
1137.072082,287,561.086914
1428.672527,348,561.321286
1043.170526,266,561.515484
1514.662149,407,561.815657
775.064493,207,561.956279
905.715611,236,562.128154
1666.228621,416,563.219103
1444.340154,357,563.469102
1347.044484,338,563.711619
910.163253,234,563.883494
2542.00381,653,564.336618
1627.534661,423,565.485197
1624.552122,416,565.790256
2520.690775,671,566.27463
3053.41319,789,567.689631
1803.866134,449,568.033379
1177.036129,292,568.252128
2172.932034,549,568.665767
1823.443421,451,569.009517
1244.089816,305,570.165763
1603.97332,395,570.462637
1051.825113,285,570.674702
1597.794576,430,571.002826
916.935838,244,571.190326
1667.826727,413,571.498358
1449.480223,381,572.633544
2639.439062,682,573.133542
2533.725818,646,573.610258
1235.011501,305,573.844632
1545.049543,387,575.024718
1572.84764,424,575.352839
1226.305296,302,575.578511
1584.739113,388,575.861964
1286.830317,341,576.111962
969.623985,245,576.299462
2257.960743,588,577.676028
1369.323934,350,577.941653
1496.005886,370,578.226207
711.234944,196,578.382457
1606.819087,396,578.688437
1363.874245,333,579.921896
1085.013553,292,580.156271
2193.513463,573,580.594434
1458.510904,384,580.906933
1831.532434,448,581.250681
1295.866545,315,582.414118
1810.188438,454,582.766247
1484.306568,390,583.063121
1317.644094,353,583.328745
3182.580868,820,583.966902
720.380675,215,584.974875
1533.374596,411,585.2405
1350.626005,329,585.459249
1321.393224,336,585.687437
1884.709569,477,585.999936
1312.764227,347,586.945542
1342.930857,330,587.164292
1564.544556,383,587.414292
1040.953498,263,587.594461
1491.637496,364,587.84446
1789.541008,442,588.12571
1732.936496,433,589.165141
1579.505969,397,589.430767
2176.017619,541,589.784575
1891.312948,503,590.128322
1029.136523,282,590.315822
1353.057255,326,591.281649
1369.46961,336,591.516023
720.892536,219,591.663808
1402.843557,353,591.898182
1544.304534,372,592.148182
920.307393,241,592.320055
2141.362364,524,593.390588
1700.697996,428,593.678962
733.578093,223,593.83521
1938.272309,507,594.17896
2229.482528,591,594.56264
1372.936228,336,595.562638
1372.892921,350,595.805152
1393.326076,357,596.055151
1526.773615,380,596.30515
3064.300568,789,597.547116
1693.280831,418,597.820856
1869.205159,460,598.133354
1020.890921,257,598.289604
1406.654611,345,598.51551
1434.357636,362,598.767629
1508.781367,383,599.782222
1692.817042,418,600.06347
3018.145024,801,600.617678
1343.747455,356,600.852053
1336.182291,347,601.828676
1843.632312,478,602.1568
1609.284541,396,602.422424
1638.034886,431,602.71179
1647.43184,411,602.99304
1065.951494,272,603.937841
723.200301,223,604.078464
1313.071159,350,604.312838
1274.765729,337,604.531587
1359.009445,331,604.758462
1516.016598,413,605.024087
1876.49102,508,606.079624
1427.936682,371,606.329623
2280.203559,570,606.696109
1176.49671,306,606.899232
1838.573568,494,607.227357
1188.613356,321,608.188269
655.213713,195,608.328894
1575.280474,401,608.601615
879.51355,230,608.74327
1049.634145,267,608.93077
2348.090787,584,609.321392
1351.855591,339,610.284246
1313.362755,315,610.50003
1219.021613,311,610.718781
1421.507782,356,610.968782
627.424459,204,611.09378
1219.915228,314,611.312531
1274.24115,337,611.546904
1392.164028,370,612.578548
1293.498289,350,612.824205
963.60797,246,612.996079
2016.247159,517,613.355453
1419.516212,371,613.605453
1766.360046,456,614.692437
1053.087405,264,614.879936
1190.274084,324,615.114311
1836.986755,493,615.458061
1597.063777,401,615.750664
2073.872996,542,616.932964
1281.735194,328,617.167337
2023.034832,523,617.526711
2977.412486,762,618.073584
1501.287105,414,619.19212
1316.756811,347,619.442118
2335.620784,593,619.860159
1986.908378,504,620.235157
1160.05152,291,620.438282
958.953317,245,621.430783
1348.39855,354,621.674867
1644.802336,421,621.971741
3615.207702,969,622.640751
1612.020649,406,623.867078
1456.685672,354,624.148326
1131.77176,296,624.3827
1450.485759,363,624.672984
1275.031076,315,624.907359
1285.232264,329,625.157357
1458.600177,358,626.275206
1103.425674,297,626.500557
2483.980526,648,626.987045
1721.944133,431,627.299543
1296.883871,320,627.531816
1408.246465,350,628.696183
1698.053482,441,629.039931
1619.629251,399,629.336805
2274.921293,593,629.774303
1234.144953,316,630.008677
1970.77509,508,631.25317
1440.641957,361,631.516467
2712.324059,706,632.047716
1697.850615,421,632.37584
1294.075742,321,633.578347
1003.554686,257,633.797094
1729.715058,452,634.140844
1529.643198,386,634.437717
1201.530561,297,634.663613
1469.873887,366,634.960487
1626.652645,419,636.219515
1520.645355,374,636.500764
1055.721653,268,636.712019
1733.49147,432,637.055768
1266.410091,313,637.305768
1509.631918,368,637.598091
1205.069224,303,638.749897
1553.289089,381,639.046771
1369.401219,355,639.312394
1595.617717,397,639.617403
1827.405704,472,639.976777
1265.523446,311,640.969174
888.816549,229,641.125423
953.284793,244,641.281674
1203.230296,298,641.484799
1640.857546,401,641.758548
1500.251317,387,642.008546
1127.607085,284,642.211672
1738.298735,449,643.234944
938.510864,238,643.391193
1504.278955,366,643.633673
1064.945947,270,643.821172
1469.626274,364,644.055546
1313.266179,318,644.274296
1842.601516,489,645.346756
1009.322765,261,645.517365
1202.98628,304,645.736115
1242.157699,304,645.939239
1378.502034,357,646.173613
962.775436,250,646.345487
1588.355035,393,647.361832
712.501923,200,647.499964
1233.522951,304,647.70309
1431.038057,372,647.953089
1500.976591,403,648.218715
1761.33292,465,648.515587
1671.083476,436,649.531625
893.401795,241,649.687873
1850.23206,467,650.000371
1260.73203,304,650.203496
1850.667743,478,650.500369
854.275009,223,651.382486
1847.786548,481,651.703824
1227.277412,300,651.90695
1574.318245,424,652.188199
1329.938695,328,652.406946
1764.995777,460,652.726562
2084.729098,553,653.843709
1731.731291,457,654.15621
2753.707318,724,654.64874
1521.3405,378,655.624962
1162.13558,292,655.828086
1588.505793,411,656.09371
1289.009089,334,656.328085
1290.602199,326,656.546833
1005.721543,256,656.711206
1144.289664,284,656.898705
1618.839726,403,657.953814
1379.989751,349,658.172562
1232.824253,299,658.375685
1193.023011,294,658.57881
1559.824652,394,658.836915
1598.143084,402,659.086913
830.440567,217,659.955712
1056.558078,270,660.127587
1452.505632,351,660.361963
1026.882745,259,660.53195
1269.428812,306,660.735076
1671.500107,422,661.016325
973.633306,247,661.1882
1533.411785,393,662.211943
1587.853402,417,662.477568
1296.187568,307,662.691546
1477.91224,365,662.92592
1232.844038,315,663.129044
1619.857915,399,664.140601
1734.624786,425,664.421849
1229.580553,301,664.633099
1302.139809,314,664.836224
930.711623,237,665.008098
1017.208969,256,665.179973
1056.714166,259,665.351847
1414.05537,356,666.359285
885.70589,227,666.515534
1464.954744,397,666.790278
1060.386882,269,666.977776
1021.331901,257,667.149651
1380.046618,346,667.384025
1117.634737,282,667.578584
1007.849153,254,668.516045
1546.59424,378,668.766046
937.644256,239,668.93792
1965.408789,513,669.297295
1488.347273,393,669.562918
681.167588,192,669.680413
2058.943907,531,670.859963
1167.025698,284,671.063087
2060.882263,507,671.422463
1847.749372,466,671.758713
1342.72815,346,671.993087
1640.76382,435,673.112443
963.19871,240,673.284318
894.658938,228,673.456192
1090.531306,282,673.656535
2955.556008,758,674.187784
1559.126197,377,675.27417
1952.054697,496,675.626122
1767.625037,462,675.969869
1557.689824,389,676.235494
1344.441549,356,676.485492
1653.883248,418,677.625653
1999.022638,502,677.985026
2500.538476,636,678.43815
1063.862279,269,678.649554
2104.828425,541,679.949732
2368.145718,595,680.387231
1756.048502,440,680.708393
1537.45569,369,680.974016
1695.042545,437,682.177138
1174.508487,327,682.427136
1446.300654,355,682.687648
1589.215706,394,682.984522
906.634422,259,683.187646
673.206083,217,683.343895
1788.055615,453,683.67924
1348.160035,332,684.796838
1979.896129,499,685.171837
1651.19998,414,685.484335
1645.196263,416,685.789338
2046.14243,531,687.094556
1117.074774,275,687.313306
1437.769793,367,687.597637
1417.967551,351,687.85169
1556.684764,378,688.148564
1358.1172,340,688.414189
2585.503567,666,689.85233
1660.787545,416,690.1708
1462.341414,355,690.452049
879.290576,236,690.633073
1581.564908,387,690.945573
862.1008,234,692.094128
895.750397,227,692.266004
1134.452206,282,692.484751
1408.145135,345,692.742948
1433.684364,345,693.008572
1091.260543,271,693.211696
1529.25309,406,693.515941
1576.01614,399,694.711586
1255.503133,304,694.945961
876.970051,236,695.117835
953.984833,240,695.305334
1151.988094,280,695.51615
1593.242461,397,695.828651
1172.247018,301,696.063024
2311.663256,580,697.243013
1093.256246,268,697.430513
1549.348032,375,697.687653
1349.999256,344,697.922026
1838.181945,453,698.218899
1520.578041,364,699.195779
903.799216,233,699.352029
1959.202877,490,699.6744
1298.5511,314,699.893149
1197.37536,289,700.080649
1392.176332,335,700.315022
1813.533092,492,701.40646
1575.134241,425,701.68019
1590.044608,411,701.961439
1270.508493,312,702.180188
1950.165097,488,702.500381
1669.808036,432,703.531629
1342.882522,336,703.75851
2023.587154,502,704.086634
1491.256027,364,704.321008
1493.110408,375,704.563009
2218.213188,589,705.666873
1231.03298,332,705.885911
1306.069713,318,706.089036
1304.871801,322,706.307784
1628.552973,413,706.594958
1461.66071,360,707.564231
1066.291811,268,707.75173
1017.178518,255,707.90798
1746.264813,446,708.220479
904.303292,242,708.37673
1091.211304,274,708.564229
1097.287024,272,708.744228
1132.561586,282,709.675281
1446.965734,363,709.925281
1576.994888,392,710.190905
997.841204,253,710.362779
1773.331481,451,710.656426
1326.719444,333,710.875175
1448.114732,356,711.889635
1456.981457,355,712.139634
1480.122975,385,712.389633
1581.498618,397,712.663086
1828.333784,459,712.975584
800.74958,218,713.832458
878.756252,225,713.988709
1154.462085,285,714.176209
1444.321482,345,714.403238
1151.565864,284,714.600522
1010.064211,252,714.757815
2558.808614,636,715.922222
1286.591091,311,716.125347
1542.305625,370,716.375345
1050.497031,266,716.54722
741.912576,203,716.680354
1529.721658,379,716.945978
887.160447,230,717.086604
894.465972,226,717.969011
1900.071869,470,718.28151
1400.315379,350,718.500258
1256.108141,310,718.71148
1537.359161,383,718.977104
1271.289136,324,719.195855
1422.98313,345,720.187726
1221.961352,298,720.39085
1053.934911,264,720.562723
1451.807241,356,720.805222
1106.431823,277,720.992721
1587.117042,386,721.258345
2154.072208,542,722.375772
2060.096785,526,722.726631
561.03614,171,722.851631
2402.724583,603,723.273505
1402.917959,343,723.500114
1703.820955,419,724.562613
2672.515248,681,725.023858
1567.958904,382,725.289482
2072.631068,524,725.640526
1713.712146,432,726.725796
2316.117898,574,727.132045
2128.410859,531,727.516237
1663.054393,418,727.813112
1987.806929,507,728.993128
1253.731529,307,729.211877
1224.706688,301,729.415003
1225.827784,302,729.644034
1883.625232,485,729.987782
2416.180709,616,731.234287
839.401725,215,731.390536
1166.65881,288,731.601859
922.277417,238,731.773736
858.645129,231,731.94561
1257.245516,305,732.16436
3603.279087,963,733.696293
1893.822684,467,734.024416
1756.035107,431,734.321291
920.683325,231,734.499118
3155.998027,824,735.978137
1517.880306,371,736.259387
1567.410739,393,736.547726
840.574886,218,736.72273
932.961614,236,736.894604
1239.119581,302,737.128979
992.054821,250,737.300854
1750.593334,427,738.469634
1924.531421,476,738.821326
1334.756951,322,739.071325
1021.978291,258,739.258825
1727.108666,421,739.578419
2448.488292,621,740.923485
1397.006603,344,741.189109
1099.651791,274,741.392232
832.924779,218,741.564107
1609.079683,400,741.869246
1786.389874,456,743.082272
1719.456672,424,743.410396
1372.745986,328,743.656396
1596.578964,392,743.937646
1622.303355,407,744.26577
1600.701648,396,744.562644
1463.763809,354,745.814577
1463.881974,350,746.095826
1134.00544,282,746.314574
1630.188911,404,746.650862
1753.160877,428,746.978986
1821.515349,446,748.213358
1229.391943,296,748.432108
1001.390889,252,748.627609
1655.821465,401,748.940109
2416.578051,607,749.393232
1608.835753,410,750.632484
1533.766514,368,750.929358
1048.736819,261,751.132481
891.004178,227,751.304357
2108.705609,515,751.703606
2368.601493,602,752.899238
1905.488028,479,753.227362
1475.846011,350,753.461736
1311.817411,315,753.672163
1621.789861,410,753.93779
1134.590345,280,754.125288
2175.751189,547,755.27405
1283.31417,312,755.477162
2375.955439,612,755.875056
1137.874879,279,756.062554
959.087954,239,756.23443
1580.173723,379,757.242567
1217.885126,298,757.430066
1182.493846,292,757.625759
1608.698146,395,757.891384
2695.409538,673,758.344507
1862.527831,459,759.399516
1196.187315,288,759.596615
1300.268759,318,759.799739
1542.6214,371,760.049739
1221.271463,290,760.252863
1097.190915,272,760.424739
2503.655364,629,761.562337
1438.915437,351,761.788198
1825.852394,439,762.085072
1414.182502,345,762.319446
1845.70228,471,762.641608
947.596135,240,763.532229
1003.588978,250,763.696607
1241.037872,317,763.915356
952.282992,240,764.08723
1105.733008,277,764.259105
2175.344134,545,764.628458
1620.052218,390,765.626397
1001.077334,251,765.798271
1052.458457,268,765.970145
1027.401613,256,766.14202
971.483658,241,766.313894
951.647647,239,766.470144
1598.642505,395,766.747832
806.194066,208,766.886882
1555.074547,369,767.871253
981.686988,245,768.027502
1016.926303,254,768.199377
1293.831622,312,768.402502
1028.36667,256,768.562354
1144.533006,277,768.750994
1132.884145,283,768.938493
1289.717227,310,769.868504
1172.471563,284,770.056004
867.348702,221,770.212254
1243.550921,300,770.415378
767.900191,208,770.548212
1102.497292,273,770.736832
998.982022,249,770.893081
2542.740838,635,772.031714
1690.461975,411,772.312963
1276.174106,305,772.516088
838.276046,214,772.66382
981.810755,245,772.820068
1165.396949,287,773.007569
1000.594815,251,773.179442
1301.732245,311,774.156075
1134.756023,278,774.327949
1542.930067,368,774.577949
1325.233018,319,774.803816
1565.557936,377,775.053817
1262.917611,300,775.25694
1026.704419,256,776.156814
889.676215,226,776.313062
1434.356147,349,776.547438
1192.841742,289,776.743217
1232.955318,299,776.94634
1245.319175,303,777.16509
1037.315834,260,777.336965
1772.426927,427,778.393725
1586.671389,389,778.656337
2679.957146,673,779.117717
1053.32811,266,779.289592
1410.43454,337,779.516652
1630.740741,387,780.532274
1276.563691,303,780.742596
1480.878135,354,780.966861
1684.786387,411,781.240789
1581.747371,372,781.515711
2026.432079,486,782.69577
1497.324992,369,782.961395
3275.385018,834,783.544108
1834.793845,445,783.856607
1866.010265,442,784.991769
1382.371146,336,785.226142
995.984866,248,785.413641
2582.296705,638,785.875167
1172.841547,285,786.078291
1918.073904,468,787.257452
1952.413571,490,787.609926
2512.869184,616,788.047425
1282.068796,309,788.266174
1400.564328,354,788.531798
1766.095282,420,789.625891
2637.135834,649,790.110265
2144.745673,523,790.50089
2425.372979,602,790.961129
889.498716,268,792.015783
2395.437949,608,792.453282
2071.542424,508,792.835405
2161.302164,583,793.257278
2354.29717,586,794.563851
1998.22258,480,794.930388
1539.017631,370,795.211637
1577.861276,377,795.500376
1771.573019,464,796.72727
1198.944576,290,796.946019
1250.389815,306,797.180393
1085.894864,275,797.383518
2330.600101,576,797.813487
2638.428074,674,799.227952
2239.834105,557,799.681076
1383.072715,329,799.9467
935.111934,246,800.149826
1135.818618,278,800.368574
2164.892786,530,801.706289
1303.290736,323,801.956289
3335.228569,854,802.609558
1278.658353,308,802.843933
1563.737765,379,803.125182
1147.143824,281,804.274071
1182.94921,290,804.498657
1175.226196,284,804.704004
959.621989,241,804.891505
1154.425416,288,805.110253
1038.516924,264,805.313377
1101.166231,270,805.532126
1295.52559,317,806.675772
1043.478672,264,806.878896
889.55495,240,807.05077
1521.595695,365,807.285145
1962.900551,496,807.62528
507.738904,177,807.750281
1257.985515,300,807.93778
907.632075,242,808.867768
1272.665836,314,809.086517
2248.209263,553,809.461515
1366.276153,331,809.687433
1837.969517,441,809.968681
1169.560928,284,810.171806
1268.640496,321,811.117431
1486.103307,356,811.36743
3561.393006,1000,812.041643
1301.176999,313,812.260393
1246.539961,298,813.237115
1597.258726,384,813.487114
1424.910219,375,813.734568
1218.53919,291,813.922068
1075.785038,274,814.093943
3459.522321,919,815.413595
1246.921926,295,815.609415
1177.954629,282,815.796916
1544.094676,372,816.046915
2993.25973,811,817.336309
3674.46356,1000,818.000243
1018.986681,265,818.187742
1263.514104,309,818.390867
2662.966492,684,819.578102
1015.46909,253,819.754123
889.038256,236,819.910372
1303.821449,315,820.129122
1255.052607,298,820.332247
1248.356803,298,820.531681
898.586467,235,820.687931
1810.361529,485,821.773155
970.946205,242,821.929405
1135.53893,281,822.132529
909.852503,232,822.288779
1109.460988,275,822.476279
3517.903186,893,823.805581
1076.601864,263,823.977458
1439.057463,349,824.211831
1348.63595,324,824.430579
1074.874056,264,824.611058
1002.550225,250,824.767308
1062.155182,262,824.954805
1483.172871,359,825.90041
679.550888,206,826.041035
812.039791,209,826.18166
3891.410457,1000,826.847015
1319.935191,324,827.811682
1497.814208,359,828.046057
1240.659053,295,828.249179
1048.161608,265,828.421083
1405.019985,337,828.662559
1080.474846,264,828.834433
929.800034,233,828.990684
1371.67838,323,829.953337
1179.753271,281,830.140836
679.496045,208,830.281461
1368.241994,327,830.50021
1249.402481,309,830.711067
1089.01338,263,830.882941
980.938859,258,831.054816
1031.512536,260,831.226691
1872.1447,454,832.312464
1369.86378,332,832.546838
1381.22099,326,832.773709
1348.509729,378,833.023708
878.544543,237,833.179958
1582.744684,376,833.429956
1534.265177,390,834.438097
880.836525,225,834.600434
1113.460943,269,834.789969
1572.657542,374,835.059992
1051.986451,269,835.254535
1541.164427,372,835.515546
1231.060449,297,836.516197
1034.770568,252,836.69017
963.609402,239,836.835074
1150.662307,283,837.035866
1423.969639,392,837.317116
1202.370445,288,837.516407
1160.927364,278,837.719531
1124.042016,277,838.713037
1473.064209,351,838.978661
1166.827835,281,839.166162
1120.708624,274,839.369287
1371.09802,339,839.612994
1892.429557,488,839.956744
1016.466614,254,840.144242
824.713906,225,841.156871
1458.011507,353,841.406871
1053.627631,267,841.60146
1285.597296,307,841.805719
1941.533765,490,842.165093
1158.248883,292,842.368218
1149.945129,278,843.409342
1384.743632,330,843.64195
1112.678897,272,843.845075
840.506596,230,844.01695
765.190692,208,844.1732
888.445474,225,844.345074
1283.890399,304,844.563823
884.195675,223,844.727289
1002.996329,249,845.69531
655.24635,204,845.851559
1115.021351,265,846.039059
1065.586611,256,846.242183
1173.752318,286,846.445307
1170.889072,279,846.656272
1017.912306,258,846.84377
1239.771248,294,847.062519
1444.023799,344,848.170037
3633.251294,1000,848.945112
1099.746255,263,849.144059
920.254177,240,849.331559
1129.548663,280,850.398318
1054.854826,257,850.593744
838.90596,215,850.749993
1014.420894,251,850.937491
1526.63323,369,851.218741
1304.770509,311,851.455528
1240.393897,302,851.682432
1031.648679,261,851.869931
1028.056499,256,852.956211
1127.242177,273,853.159335
1025.323914,252,853.36246
1555.284092,369,853.641042
906.76428,231,853.828541
1209.027594,294,854.047291
1216.201441,299,854.26604
694.696741,212,855.336684
1143.302737,274,855.563243
1096.203461,266,855.766367
3750.790938,1000,856.547614
1017.267076,253,856.748344
1021.457721,257,857.867867
1458.782319,350,858.149116
1379.783952,330,858.399116
1040.055444,265,858.61002
835.918734,213,858.766269
1086.175782,261,858.969393
758.483439,201,859.125643
1211.218068,285,859.344392
1350.329124,317,860.477524
1033.467043,260,860.675399
1065.889434,263,860.878523
2623.621783,651,861.378521
1150.502502,276,861.589279
914.242232,239,861.776779
1179.677688,287,862.909814
1077.133691,259,863.097314
929.57225,233,863.253563
768.069479,204,863.394188
3571.258027,906,864.01615
1171.449024,283,864.931313
831.183531,212,865.087562
1038.260725,254,865.259437
1073.187126,263,865.431311
642.525741,181,865.562676
1143.354331,273,865.738651
1189.474061,281,865.941775
918.390468,231,866.098026
892.245216,225,866.254275
966.351729,240,867.188795
881.96857,228,867.345045
932.423042,233,867.501294
1023.335114,256,867.6647
774.174004,206,867.805325
1191.765182,281,867.992824
1058.168484,259,868.1647
819.593203,213,868.305323
722.911969,195,868.430323
1565.134452,379,869.406853
1061.209716,256,869.578729
989.409227,244,869.728477
1011.253239,252,869.900353
1023.236583,252,870.056602
1090.783671,269,870.244102
1113.505121,270,870.415977
887.059294,223,871.300784
1135.940574,278,871.493944
1139.682322,276,871.671844
1053.271935,256,871.841655
989.124765,246,872.013529
927.222483,232,872.169779
1248.6854,303,872.357278
1024.44337,256,872.531832
1061.835298,263,873.445201
842.655934,229,873.59442
897.315712,226,873.735045
989.849149,244,873.906919
1124.573243,268,874.078794
911.274843,228,874.235045
1192.675081,293,874.438168
944.575616,234,874.602546
1050.29724,259,875.499909
1006.696753,253,875.675905
1001.941063,249,875.847781
1180.978812,296,876.050905
888.317493,229,876.207154
1223.687581,291,876.394653
1195.917063,285,876.593873
1340.761012,319,876.812622
786.592409,219,877.711391
963.090658,239,877.883265
1007.146055,250,878.055141
1376.763009,333,878.27389
1214.524367,289,878.471723
1250.659003,298,878.671816
1102.927933,267,878.843689
1045.390722,258,879.736125
898.5482,225,879.892375
876.208627,225,880.048623
1176.28938,290,880.236123
2167.504673,531,880.599564
846.614004,220,880.745224
1213.774158,288,880.932724
1267.53691,306,881.885846
1190.402017,284,882.073344
1280.369651,311,882.276469
1105.375561,268,882.463968
1200.658766,296,882.660184
1196.211735,285,882.847684
1048.560678,256,883.019557
1081.687375,260,883.191432
1161.635094,283,884.110051
853.770184,225,884.2663
1165.356798,279,884.438175
1680.458614,404,884.711914
891.186927,226,884.868164
840.82717,226,885.024414
1032.542155,260,885.196289
1335.514569,313,886.191617
1179.587414,283,886.379116
1275.666495,316,886.593825
1228.811156,294,886.79695
965.106834,243,886.968825
1134.584464,270,887.140699
1353.176429,325,887.359449
1845.85433,440,888.414459
1383.713859,328,888.627491
1244.084245,294,888.830615
1089.499353,267,889.00202
1320.973079,315,889.22077
1028.051617,253,889.392643
1098.01726,265,889.580145
1126.177445,271,890.546965
3719.097279,899,891.159443
1517.458378,372,891.409443
1071.438644,260,891.595043
1384.583768,331,892.579415
1228.05859,294,892.7897
1278.867896,301,893.00845
998.995934,247,893.180325
2327.790613,594,893.609235
1440.012105,339,893.859233
1188.843507,287,894.899639
1371.899083,333,895.134014
1421.435262,347,895.384013
1232.330412,290,895.587138
15.003274,12,895.602764
940.170501,236,895.774637
1059.725533,258,895.962136
1403.036422,336,896.196511
1292.52246,307,897.222153
936.414646,236,897.394028
1200.334859,285,897.609976
1183.494396,282,897.813101
1151.836125,278,898.016226
625.054625,180,898.15685
679.248755,215,898.313099
1414.447613,345,898.563098
2222.413967,538,899.784708
1542.168772,404,900.065957
1131.189052,273,900.269081
1363.575337,378,900.516214
1343.929115,372,900.766214
1609.588453,389,901.914134
1297.646208,309,902.148508
1382.467731,341,902.398506
1182.324493,286,902.624879
1168.028909,280,902.828002
2406.71679,598,903.281126
1528.442359,371,904.414274
1522.089939,372,904.703488
1844.225143,485,905.062861
1328.088106,312,905.297236
1791.341821,507,905.664759
3073.562629,826,907.190313
1676.704061,414,907.515908
1531.466822,409,907.828405
1378.346183,324,908.062779
1596.307243,390,909.228202
1298.81542,314,909.478201
1292.458588,311,909.712575
2015.409661,526,910.1032
1149.777758,281,910.337573
1815.209447,466,911.656313
1536.289381,372,911.953185
1504.687596,368,912.234434
1810.219159,460,912.583581
1422.447541,389,912.88275
2378.511549,584,914.226495
2567.620412,669,914.720114
1474.412092,372,915.004081
2624.66976,660,915.500411
1363.461082,348,916.726283
1119.793885,283,916.945034
1751.480233,432,917.272863
1155.139173,277,917.49769
1327.534796,328,917.73516
3526.973054,885,919.207035
1217.354366,308,919.410159
1221.53656,297,919.614986
1358.562285,335,919.849361
1347.146973,319,920.052488
2499.739616,642,921.249938
1045.47542,257,921.421812
1369.196084,335,921.647691
1294.625294,311,921.850816
2279.016868,556,922.225815
1742.235283,420,923.250212
1741.31365,446,923.547086
1868.766084,472,923.852235
1289.169181,308,924.05536
2681.567319,685,924.516168
1301.276257,312,925.500538
2049.819678,511,925.836759
1070.769041,264,926.008635
1012.787136,250,926.180509
845.718383,220,926.321132
694.552434,216,926.461757
1222.953772,303,926.672495
984.12005,244,927.563118
1191.129942,285,927.742128
973.483328,242,927.914004
1079.694594,261,928.085878
682.361117,212,928.226502
1072.718957,266,928.414003
1339.506437,335,928.641626
1150.468998,280,929.563497
972.763795,242,929.727867
846.897223,221,929.86849
1023.381486,258,930.040365
1107.842489,266,930.227865
1020.209827,256,930.39974
1280.946077,310,930.612628
1381.623623,332,930.831377
1796.035119,435,931.859261
1220.906972,297,932.062385
1275.05509,331,932.281135
1218.212572,289,932.484259
1348.592135,320,932.695542
1378.944614,377,932.961165
2082.955651,524,934.047181
1382.702918,341,934.26593
1187.062789,289,934.453429
1677.423694,408,934.726142
1669.818784,410,934.991765
1009.057732,250,935.890895
1384.483376,355,936.125268
1437.299457,345,936.359644
1765.033717,428,936.648033
1373.043496,326,936.851154
1788.193887,447,937.148028
1457.142952,362,938.124936
1379.968934,352,938.35931
1470.27818,362,938.599764
1452.64965,359,938.835171
1410.008692,360,939.069546
1477.86982,372,940.094355
1243.406024,303,940.297478
1344.298371,337,940.531853
1365.229744,341,940.75774
1191.287289,283,940.94524
1770.366615,447,941.242113
900.715756,227,941.398364
1872.048683,461,942.452961
1169.418157,279,942.631975
2115.334906,543,943.006975
1365.99874,324,943.225724
2414.952934,615,944.390793
1157.925813,277,944.578291
1469.461575,366,944.819804
1172.894673,289,945.012499
1562.095736,384,945.262497
1069.33184,270,945.434383
1300.728565,320,945.653121
1088.737428,268,946.562622
1361.123008,340,946.788538
1279.011255,303,946.991663
1519.243623,409,947.272914
1838.787446,449,947.578092
1247.891581,308,947.781215
981.076522,243,948.836367
1339.927513,327,949.086367
1138.343889,272,949.28949
1392.219871,382,949.563297
1304.383753,311,949.815442
1765.143352,430,950.159191
1092.391299,261,951.297328
1023.072837,253,951.500452
1103.348661,267,951.711781
1164.729844,277,951.946157
1057.333366,256,952.149281
1045.862552,256,952.36803
1234.754064,297,952.61121
1118.929308,264,952.829959
1222.66988,292,954.025625
1094.152026,272,954.244376
1056.121739,258,954.463125
1344.204469,326,954.737083
1481.230649,377,955.036194
1113.208376,273,955.254943
859.196302,222,955.426817
1774.323349,449,956.74423
1708.116765,418,957.103604
964.268938,246,957.306728
1253.609606,328,957.579558
1008.169558,249,957.769207
1789.53114,457,959.063016
1249.510973,300,959.29739
970.321982,243,959.484889
1232.197301,292,959.727391
1127.259211,266,959.961766
1114.563973,265,960.180515
1800.150256,450,960.563944
2053.733407,511,962.000577
1150.852735,281,962.250576
1653.718656,419,962.618083
1780.483112,447,963.022052
1409.418626,329,963.303301
1559.189166,378,964.618175
1323.735422,324,964.852548
1305.920873,340,965.102548
1497.802228,367,965.368172
1339.578481,333,965.613047
1260.29168,297,965.831796
1117.712995,273,966.90709
1171.330617,299,967.12584
1132.103715,285,967.34459
1644.265236,416,967.665241
1209.338607,298,967.88399
1127.758715,268,968.071487
1367.95063,353,968.337112
1193.557036,291,969.409697
1358.563544,335,969.656969
1280.246292,307,969.891344
1120.939593,275,970.094468
1269.313854,312,970.344468
1202.026472,286,970.563217
1390.699884,356,971.768311
1949.114322,475,972.158934
1326.170427,325,972.408934
2522.782408,664,972.922641
1013.36864,250,973.125766
1348.920527,345,974.30576
1114.903814,266,974.499899
1319.952716,314,974.753174
1209.266084,288,974.971923
805.655763,213,975.128172
2260.163549,580,975.594476
1281.123528,314,975.844475
1351.68456,356,977.102612
778.013921,212,977.258861
827.181551,217,977.430736
1327.117022,334,977.690366
1118.51167,283,977.909114
1127.650674,273,978.096615
1328.479123,333,978.315364
1088.393854,260,979.234715
1281.572122,300,979.422214
1142.532173,285,979.612031
1181.424908,281,979.79953
1146.09974,273,979.98703
1297.450899,313,980.190155
921.342644,237,980.346406
1085.92396,267,981.266472
1304.238541,316,981.469596
948.99786,236,981.633956
1410.962373,335,981.852705
1750.168625,431,982.133643
1332.203938,313,982.352392
1414.352847,339,983.297386
1217.115322,289,983.50051
856.084007,218,983.648259
1310.523901,324,983.867009
1043.463682,254,984.038885
1391.494095,327,984.257633
747.037417,202,984.398259
1131.005674,271,984.578835
862.178784,221,985.477753
1296.918711,310,985.690343
1211.343748,290,985.893469
1178.423747,280,986.075588
1271.519685,313,986.294338
1257.856229,296,986.50026
1176.689192,279,986.678242
1098.70963,273,987.611193
923.309039,232,987.771633
1191.928817,291,987.961314
1350.182268,329,988.180063
972.732763,241,988.351938
901.551733,229,988.501461
1259.562588,301,988.688962
21.026537,15,988.704589
947.193222,237,988.860837
1025.984418,258,989.758598
2212.207223,581,990.133597
1269.477867,310,990.33672
1277.899216,306,990.53181
893.131597,233,990.688059
1072.598987,267,990.87556
1627.248926,404,991.883672
1325.810445,342,992.102421
2119.840299,525,992.461796
945.597044,258,992.62601
1092.617754,268,992.813511
1073.967366,267,992.992478
1214.878255,286,993.90929
1235.505142,292,994.112413
1183.015471,285,994.299913
1228.008839,291,994.500244
1189.843639,285,994.70337
1372.563045,334,994.922119
1185.90013,289,995.125243
1244.957121,293,996.086498
810.124143,215,996.227121
1643.731207,411,996.516009
959.915025,239,996.672259
901.865046,227,996.828509
1665.987531,413,997.109757
1225.904631,290,997.297256
1319.76237,313,998.241886
1205.155877,287,998.429386
1226.916728,295,998.62556
1253.558257,297,998.828684
999.04878,254,998.984934
1165.972916,281,999.172433
1131.332234,273,999.359941
1240.246243,294,1000.305567
1027.675127,255,1000.477442
1070.378929,262,1000.643029
860.567498,219,1000.799278
1259.923983,300,1001.002402
856.172782,222,1001.143028
856.142353,222,1001.299278
974.253685,242,1001.455526
1250.40218,300,1002.390992
1230.637937,294,1002.57849
1168.985249,279,1002.773116
1136.360301,272,1002.944991
1221.022025,288,1003.148114
1066.522227,266,1003.335613
999.693527,248,1003.501455
1460.258837,351,1004.517079
1314.767778,316,1004.728322
1251.06613,305,1004.931446
918.691292,230,1005.087696
1261.532064,303,1005.306445
885.275052,227,1005.462694
1159.259458,277,1005.644367
1325.821835,316,1005.863118
1147.518115,275,1006.828891
951.972752,238,1006.985141
1254.346775,299,1007.20389
1010.767427,253,1007.39139
1071.650551,261,1007.578889
1446.996215,363,1007.852682
2042.089754,519,1009.065672
1048.455696,270,1009.25317
1109.976029,271,1009.456295
1051.811499,260,1009.624979
1149.173728,276,1009.828103
1395.599655,348,1010.078103
1184.214876,282,1010.281227
1067.68116,264,1011.270856
1303.981031,323,1011.5004
2020.229261,516,1011.859776
1209.645962,295,1012.0629
1312.139886,313,1012.297276
1168.46414,280,1012.500401
1057.046054,263,1012.679407
1336.967844,318,1013.722512
1400.235984,335,1013.956887
942.535308,237,1014.128762
1442.097211,344,1014.37876
2127.87375,541,1014.751794
1314.287944,318,1015.838058
1633.812442,397,1016.150557
1223.755643,296,1016.369307
1408.894729,346,1016.643894
1234.791416,301,1016.878271
1451.913296,356,1017.143894
1493.648648,375,1018.328883
1013.625072,256,1018.516383
1189.58791,282,1018.727727
1144.731706,274,1018.946476
1506.870398,367,1019.213746
1141.609433,282,1019.432495
1765.28967,435,1019.760619
1340.593564,317,1020.909323
1503.834193,365,1021.174948
1114.471765,273,1021.393697
1176.652297,279,1021.594332
1174.225041,283,1021.81308
1132.876755,271,1022.016205
1250.006031,295,1022.234954
942.837943,236,1023.258704
1478.464349,355,1023.515857
1163.286593,290,1023.722205
1238.201693,292,1023.940955
1643.010969,399,1024.237829
1375.390849,325,1024.493621
968.324655,242,1025.604499
1229.61638,292,1025.838875
1688.065708,405,1026.151374
1344.125467,318,1026.416999
1087.422017,262,1026.613339
1140.791936,280,1026.832088
1023.331459,254,1027.019588
1201.645624,287,1028.175833
1547.26603,374,1028.472707
2038.899241,506,1028.859496
1075.451354,262,1029.062621
1162.134143,278,1029.281369
974.579136,242,1029.468868
1351.474197,323,1030.689101
1219.532504,288,1030.923474
1490.371239,345,1031.204723
902.768464,227,1031.376598
1340.037533,316,1031.618111
1180.424662,281,1031.83686
1791.368146,429,1032.180609
1000.558246,250,1033.206264
1245.861633,299,1033.409388
1507.337917,360,1033.641005
1499.968169,378,1033.891003
1435.527009,390,1034.15663
1299.691086,307,1034.359754
1704.725212,419,1035.399143
1477.672884,374,1035.640947
890.983857,226,1035.797196
2681.654234,663,1036.234695
1012.907959,253,1036.390944
1149.479762,288,1036.578445
1337.856416,325,1037.531514
1238.347723,296,1037.723163
1202.59246,287,1037.910662
1394.055525,331,1038.129412
1216.456576,285,1038.332536
2040.844593,496,1038.672313
1289.517815,307,1039.632578
1650.645987,400,1039.898203
1459.286875,371,1040.148202
1330.791013,343,1040.382576
1959.658034,476,1040.703726
1577.82557,390,1041.711864
1299.253135,313,1041.91499
1278.06289,305,1042.118114
2120.510416,533,1042.495866
1283.97957,302,1042.69055
1379.526827,351,1042.924924
1316.427645,318,1043.869396
1413.777365,333,1044.07252
1785.586028,440,1044.369395
1287.04756,307,1044.578977
880.514271,221,1044.721705
1130.522442,274,1044.89358
1248.30343,294,1045.814239
1791.047244,432,1046.111113
1049.74444,256,1046.267363
1605.362598,386,1046.536341
1066.856334,258,1046.708214
1139.837965,272,1046.88009
1483.749059,362,1047.114462
1235.302619,291,1048.046843
1217.414662,290,1048.234342
1460.808719,342,1048.453091
980.845038,243,1048.617446
1702.757434,408,1048.901967
21.082567,15,1048.917593
21.198581,15,1048.917593
849.443854,216,1049.073843
1878.214873,474,1050.136339
999.671915,251,1050.308214
1216.359442,293,1050.516267
1211.127632,317,1050.723511
1625.667738,393,1050.989137
1139.328991,271,1051.176635
1275.95653,300,1052.141363
23.003016,16,1052.141363
1270.759138,307,1052.360113
1786.849675,428,1052.649495
1364.166279,347,1052.883868
1772.900956,428,1053.165118
1647.724052,400,1053.43074
982.492599,244,1054.341413
1728.765906,415,1054.616846
1227.137407,292,1054.804345
1198.978444,286,1054.991844
2019.482577,502,1055.319968
1639.432662,398,1055.578351
1151.559088,273,1056.500618
1629.822943,398,1056.766243
1295.918697,306,1056.969368
1008.706298,253,1057.141243
1284.948289,307,1057.344367
2386.492354,605,1058.531146
1482.566658,348,1058.769624
1165.411253,281,1058.957124
1506.236305,359,1059.207123
1468.475851,344,1059.441497
1635.136802,402,1059.703893
1522.686571,364,1060.712026
561.037565,197,1060.85265
1473.084542,365,1061.10265
1494.130227,370,1061.368274
1536.129085,371,1061.628144
1077.56317,265,1061.815643
1144.423549,287,1062.018768
1459.200986,366,1063.109911
1542.373455,376,1063.375536
1383.441329,352,1063.633663
1500.938459,363,1063.883661
1538.562902,368,1064.13366
23.02637,16,1064.149286
1203.910898,287,1065.142757
1325.688724,320,1065.377132
1756.593236,456,1065.697933
1578.816288,392,1065.979182
1418.322245,355,1066.22918
880.313027,245,1066.401057
1544.944679,373,1067.488422
1141.267235,271,1067.672675
1393.483983,321,1067.907048
1182.535437,279,1068.094548
1129.477785,272,1068.297673
1530.230619,357,1068.547672
1639.225887,391,1068.823531
1022.677115,252,1069.816175
1585.62262,392,1070.097422
1749.372196,422,1070.394296
1324.242848,312,1070.609227
927.55671,233,1070.781102
1481.081765,360,1071.046725
1381.691749,334,1072.168352
933.474809,236,1072.355851
1992.013693,477,1072.710624
1042.27255,255,1072.913747
1652.293807,403,1073.210622
1549.197516,372,1073.499997
1147.726178,273,1074.617746
1314.512191,313,1074.91462
1248.845548,296,1075.160928
1728.20058,411,1075.473428
1767.02296,426,1075.781554
1556.624546,374,1076.062803
1200.739446,290,1077.124466
1875.143168,471,1077.48384
2553.190419,649,1077.96411
1450.908769,352,1078.214111
1844.173047,449,1079.442176
1519.348563,366,1079.71956
1252.197464,304,1079.93831
1008.563919,251,1080.125808
1609.015642,388,1080.422683
993.579116,246,1080.602688
1737.732174,428,1081.831482
1071.700566,263,1082.050233
1048.365689,259,1082.237732
1353.352759,322,1082.498314
1492.616617,361,1082.766026
1506.207452,363,1083.047274
1649.346208,397,1083.359773
1162.765745,281,1084.547607
1498.940919,379,1084.846933
1138.907231,272,1085.050057
1830.995826,448,1085.409432
1706.491763,413,1085.734738
1494.153768,362,1086.945305
1644.97025,400,1087.257804
1782.823736,439,1087.580779
1213.686307,303,1087.815153
1403.954776,332,1088.080777
1232.00284,299,1088.315151
2017.951747,511,1089.469478
1339.61801,326,1089.680706
1468.979495,352,1089.91508
1036.489383,255,1090.07133
1082.00803,262,1090.243206
1540.937438,373,1090.501328
1391.085613,336,1091.456569
1155.895335,274,1091.641139
1180.948653,286,1091.828638
1220.150579,289,1092.01614
1142.44231,276,1092.203637
1467.391162,346,1092.438013
1283.49436,301,1092.632646
990.83073,248,1093.547025
1533.098257,367,1093.781398
1468.292887,349,1094.015772
813.09756,234,1094.172022
1376.19802,328,1094.390771
983.800593,245,1094.562646
1227.387455,293,1094.758243
1337.214932,314,1095.703575
1192.443118,306,1095.906699
1460.662443,348,1096.141074
1793.040952,439,1096.437947
1105.533336,265,1096.616961
1840.363153,445,1096.913837
1151.418128,276,1097.844312
1493.19866,360,1098.094312
902.912741,228,1098.25056
1417.631297,336,1098.46931
931.293384,233,1098.618052
1367.594684,321,1098.821177
1149.338396,273,1099.008677
1453.084016,352,1099.970074
1645.660034,399,1100.235699
1726.00554,426,1100.501323
1058.528778,257,1100.680318
1135.712942,271,1100.852192
1443.23878,341,1101.086566
1398.637622,335,1102.047545
1354.526339,318,1102.250669
1223.399565,299,1102.453794
1264.098799,304,1102.664028
1532.217989,371,1102.914027
1318.152783,313,1103.117152
