EpRewMean,loss_ent,loss_kl,EpThisIter,ev_tdlam_before,TimeElapsed,TimestepsSoFar,EpLenMean,loss_pol_entpen,loss_vf_loss,EpisodesSoFar,loss_pol_surr
8.02390338883,2.80382,0.0146063,2,0.0251680612564,2.108330249786377,2000,1000.0,0.0,10.9879,2,-0.0264986
5.90318483671,2.75545,0.0133811,2,0.18384963274,3.826190948486328,4000,1000.0,0.0,9.29551,4,-0.0250516
5.86939439562,2.74796,0.0139083,2,0.381286740303,5.562523365020752,6000,1000.0,0.0,6.82103,6,-0.0274723
6.50305907668,2.70921,0.0087359,2,-0.289679646492,7.2956223487854,8000,1000.0,0.0,3.53073,8,-0.017702
9.30607331469,2.67651,0.0116548,2,0.314794480801,9.045561075210571,10000,1000.0,0.0,2.45154,10,-0.0250301
12.2271838735,2.64079,0.00749074,2,0.443686842918,10.826211929321289,12000,1000.0,0.0,0.468601,12,-0.0137356
13.7743877936,2.61596,0.0100269,2,0.73815074563,12.570245265960693,14000,1000.0,0.0,0.55273,14,-0.0190024
15.403809389,2.55189,0.00669777,2,0.825626850128,14.327585458755493,16000,1000.0,0.0,0.681351,16,-0.0118193
16.3297758785,2.51368,0.0106947,2,0.870863333344,16.107622385025024,18000,1000.0,0.0,0.419862,18,-0.0100512
17.2896922174,2.47591,0.00573518,2,0.90369258076,17.85758662223816,20000,1000.0,0.0,0.276249,20,-0.0134358
18.1982210308,2.46699,0.00788234,2,0.960238069296,19.62400794029236,22000,1000.0,0.0,0.176677,22,-0.0101882
19.2855617193,2.43273,0.0122226,2,0.902229629457,21.373876333236694,24000,1000.0,0.0,0.374565,24,-0.00781205
20.1317720701,2.37647,0.0148331,2,0.955591119826,23.124221324920654,26000,1000.0,0.0,0.201148,26,-0.0219075
20.6812236898,2.33823,0.00861352,2,0.947822298855,24.88875126838684,28000,1000.0,0.0,0.192566,28,-0.0141131
21.3084788885,2.30366,0.00781069,2,0.975085580721,26.6249041557312,30000,1000.0,0.0,0.102064,30,-0.0128168
21.7850495427,2.27334,0.00405386,2,0.941449392587,28.389281749725342,32000,1000.0,0.0,0.112999,32,-0.012735
22.39942544,2.26709,0.00848012,2,0.98044340685,30.139718055725098,34000,1000.0,0.0,0.0977547,34,-0.013831
22.8770809527,2.25513,0.00518501,2,0.983951531351,31.90632390975952,36000,1000.0,0.0,0.0580936,36,-0.0167359
23.3369604034,2.24179,0.00511947,2,0.954833462834,33.675342082977295,38000,1000.0,0.0,0.070938,38,-0.0156036
23.6590240708,2.22496,0.0155507,2,0.981117807329,35.43693542480469,40000,1000.0,0.0,0.0631217,40,-0.0187192
24.2363915634,2.21576,0.010335,3,0.960722643882,37.20232796669006,43000,1000.0,0.0,0.0825328,43,-0.015271
24.7489014623,2.1939,0.00829733,2,0.982251938432,38.967456102371216,45000,1000.0,0.0,0.0805534,45,-0.0180253
25.0516134815,2.20251,0.00915653,2,0.971237964928,40.71733212471008,47000,1000.0,0.0,0.0609075,47,-0.0191833
25.133118464,2.16804,0.00905527,2,0.983105646446,42.48275279998779,49000,1000.0,0.0,0.0841523,49,-0.0181769
25.3751716848,2.14869,0.00943675,2,0.991076268256,44.26411318778992,51000,1000.0,0.0,0.0476751,51,-0.0192633
25.6323730019,2.15159,0.00923458,2,0.99106795527,46.030112743377686,53000,1000.0,0.0,0.0376746,53,-0.0185122
25.9562276787,2.11392,0.0111284,2,0.995718591847,47.8276526927948,55000,1000.0,0.0,0.0237532,55,-0.0145578
26.2017782057,2.08108,0.00974541,2,0.994889260735,49.576980113983154,57000,1000.0,0.0,0.0289754,57,-0.0223889
26.5440459312,2.04809,0.012945,2,0.994117705617,51.34246301651001,59000,1000.0,0.0,0.037803,59,-0.0209083
26.8965023177,2.04207,0.00568685,2,0.995222840924,53.10787224769592,61000,1000.0,0.0,0.0203933,61,-0.0141983
27.1332694071,2.00058,0.0106025,2,0.996093107853,54.888763427734375,63000,1000.0,0.0,0.0223873,63,-0.0155058
27.403082742,1.96734,0.0103969,2,0.994317826815,56.63948726654053,65000,1000.0,0.0,0.0220069,65,-0.0179282
27.6805145241,1.94403,0.0082341,2,0.997522634454,58.42036414146423,67000,1000.0,0.0,0.0163103,67,-0.0172542
27.9232618429,1.90875,0.0111131,2,0.995941519737,60.185635805130005,69000,1000.0,0.0,0.0188082,69,-0.0181131
28.2674466714,1.88921,0.00972306,2,0.997898720205,61.95241928100586,71000,1000.0,0.0,0.0148747,71,-0.0160859
28.5419913137,1.88391,0.0113951,2,0.996821428416,63.71740198135376,73000,1000.0,0.0,0.0235939,73,-0.0179123
28.8811831708,1.86472,0.00782408,2,0.994310059585,65.48399806022644,75000,1000.0,0.0,0.035614,75,-0.0127721
29.1916848466,1.81368,0.00894582,2,0.995776711963,67.249436378479,77000,1000.0,0.0,0.0299614,77,-0.0148933
29.5131440933,1.7841,0.00790957,2,0.996931149857,69.02985858917236,79000,1000.0,0.0,0.0215007,79,-0.015624
29.76006601,1.77953,0.00815927,2,0.982798714191,70.79811215400696,81000,1000.0,0.0,0.0445497,81,-0.0154332
30.0469382749,1.755,0.00895526,2,0.996883625397,72.57668566703796,83000,1000.0,0.0,0.0162849,83,-0.0159167
30.466840975,1.72087,0.00687765,3,0.995635686908,74.32742714881897,86000,1000.0,0.0,0.0286465,86,-0.0169192
30.6697172913,1.69534,0.00696336,2,0.99775218498,76.10911464691162,88000,1000.0,0.0,0.0158284,88,-0.0157239
30.9173150634,1.67552,0.00696295,2,0.995195253752,77.87390685081482,90000,1000.0,0.0,0.0251999,90,-0.0100799
31.1226446458,1.63304,0.0037727,2,0.99782680301,79.64681696891785,92000,1000.0,0.0,0.0136805,92,-0.0124763
31.330533057,1.61857,0.00925563,2,0.997236402472,81.42089223861694,94000,1000.0,0.0,0.018438,94,-0.0190296
31.5494596738,1.57719,0.0082868,2,0.99838533625,83.18709325790405,96000,1000.0,0.0,0.0114877,96,-0.0122355
31.8099728788,1.54951,0.00611149,2,0.998017524369,84.9514548778534,98000,1000.0,0.0,0.015073,98,-0.0141947
31.9798919325,1.49762,0.0141964,2,0.995572380256,86.73249244689941,100000,1000.0,0.0,0.0190869,100,-0.0160019
32.6713896604,1.44991,0.00871702,2,0.998495933134,88.51455926895142,102000,1000.0,0.0,0.0100598,102,-0.0164181
33.4436812412,1.41289,0.0120385,2,0.999184092623,90.28015899658203,104000,1000.0,0.0,0.00733356,104,-0.0125529
34.1882415527,1.39048,0.00677608,2,0.99872979417,92.0611183643341,106000,1000.0,0.0,0.00959347,106,-0.0185932
34.8722807894,1.34112,0.0160996,2,0.998736218084,93.82778596878052,108000,1000.0,0.0,0.00777036,108,-0.0204355
35.3713623662,1.31082,0.00437745,2,0.997743780958,95.60777020454407,110000,1000.0,0.0,0.00872749,110,-0.0145789
35.7460481148,1.26033,0.00866917,2,0.999031410436,97.37327456474304,112000,1000.0,0.0,0.00959728,112,-0.021216
36.1158409929,1.22145,0.020158,2,0.991162355989,99.1402473449707,114000,1000.0,0.0,0.0202849,114,-0.0212486
36.4596079571,1.21084,0.0144295,2,0.998442794429,100.9056088924408,116000,1000.0,0.0,0.00596002,116,-0.0110859
36.8994202519,1.16263,0.0200293,2,0.998622437939,102.70148777961731,118000,1000.0,0.0,0.00627151,118,-0.0145229
37.3077846637,1.16978,0.0127218,2,0.99894381559,104.4526002407074,120000,1000.0,0.0,0.00853841,120,-0.0142308
37.6264322934,1.14334,0.0126014,2,0.981835672632,106.25604104995728,122000,1000.0,0.0,0.0407532,122,-0.01342
37.9082270987,1.14681,0.00519713,2,0.998960373923,108.0305871963501,124000,1000.0,0.0,0.00743331,124,-0.0157684
38.1597874036,1.12207,0.00710428,2,0.997968403855,109.82662034034729,126000,1000.0,0.0,0.0153462,126,-0.0152269
38.6856705695,1.09377,0.0102815,3,0.998727689497,111.59261560440063,129000,1000.0,0.0,0.0118199,129,-0.00435926
39.0269358439,1.09454,0.011249,2,0.986245156266,113.3581395149231,131000,1000.0,0.0,0.051494,131,-0.0194656
39.2145976195,1.09729,0.0105271,2,0.983614277095,115.12421298027039,133000,1000.0,0.0,0.0430613,133,-0.0120196
39.4841341332,1.10774,0.0095239,2,0.993405540008,116.88964033126831,135000,1000.0,0.0,0.0320531,135,-0.0122161
39.9419062292,1.09973,0.00726334,2,0.997328055324,118.67058682441711,137000,1000.0,0.0,0.0136166,137,-0.0126002
40.2582178617,1.0706,0.00814763,2,0.994066196494,120.43627405166626,139000,1000.0,0.0,0.0396405,139,-0.0191891
40.537636984,1.0695,0.0131279,2,0.995725353714,122.2014672756195,141000,1000.0,0.0,0.0206619,141,-0.0127674
40.8312051378,1.09515,0.0119509,2,0.994403797667,123.95245742797852,143000,1000.0,0.0,0.0334973,143,-0.0223793
41.0188894633,1.07799,0.00949393,2,0.997075243387,125.71684575080872,145000,1000.0,0.0,0.0210107,145,-0.0191286
41.3811171623,1.05933,0.0139594,2,0.998022499029,127.48365044593811,147000,1000.0,0.0,0.0135725,147,-0.0129864
41.6898805023,1.05475,0.00838604,2,0.99588482175,129.23341608047485,149000,1000.0,0.0,0.0249147,149,-0.0186384
42.0835944409,1.04501,0.00567866,2,0.995127107948,130.9984631538391,151000,1000.0,0.0,0.0304047,151,-0.0163186
42.3340634506,1.01866,0.023048,2,0.997875553323,132.765056848526,153000,1000.0,0.0,0.0158035,153,-0.0200894
42.6634158125,1.00968,0.0102016,2,0.997993393103,134.5464448928833,155000,1000.0,0.0,0.0181086,155,-0.0197362
43.007081481,1.00474,0.00748276,2,0.99807651341,136.3120357990265,157000,1000.0,0.0,0.0168695,157,-0.0165985
43.2302004347,1.00634,0.00666991,2,0.995211009867,138.07755136489868,159000,1000.0,0.0,0.0213715,159,-0.0177796
43.1790556814,1.00173,0.0095334,2,0.99755531922,139.8432867527008,161000,1000.0,0.0,0.0119564,161,-0.0144602
43.4984792164,0.95973,0.010536,2,0.9977412757,141.60754323005676,163000,1000.0,0.0,0.0136221,163,-0.0150971
43.6559779386,0.933748,0.009586,2,0.997485380154,143.3737781047821,165000,1000.0,0.0,0.0133527,165,-0.0217404
43.9019305361,0.904237,0.0114243,2,0.998180740396,145.1494734287262,167000,1000.0,0.0,0.0143336,167,-0.0150266
44.1526267653,0.91963,0.01617,2,0.99515057262,146.92046737670898,169000,1000.0,0.0,0.0114278,169,-0.0137034
44.3306718942,0.923965,0.00670531,3,0.99911535799,148.6791501045227,172000,1000.0,0.0,0.0109089,172,-0.0150453
44.5499972305,0.922625,0.00741146,2,0.998160649207,150.45186948776245,174000,1000.0,0.0,0.0155967,174,-0.0146856
44.7477859862,0.920324,0.0151796,2,0.998591454118,152.23319172859192,176000,1000.0,0.0,0.0117159,176,-0.0145225
44.8766333414,0.904628,0.0135023,2,0.992012027651,153.98322868347168,178000,1000.0,0.0,0.0336217,178,-0.0139878
45.1067546349,0.895916,0.0144216,2,0.997470760019,155.7498323917389,180000,1000.0,0.0,0.0171885,180,-0.0195576
45.3401265592,0.902443,0.00934781,2,0.998528657597,157.56135368347168,182000,1000.0,0.0,0.011347,182,-0.0164162
45.4164016758,0.864554,0.0172205,2,0.995492823422,159.31513595581055,184000,1000.0,0.0,0.0307139,184,-0.0249385
45.6707190116,0.871218,0.00516911,2,0.998661230435,161.1234154701233,186000,1000.0,0.0,0.014946,186,-0.0154497
45.9649405206,0.872051,0.0352676,2,0.997689786367,162.8888955116272,188000,1000.0,0.0,0.0231444,188,-0.0013065
46.0679469218,0.863627,0.0111578,2,0.993891400285,164.688658952713,190000,1000.0,0.0,0.0327021,190,-0.019571
46.2773171373,0.847951,0.00679744,2,0.997617502697,166.45262336730957,192000,1000.0,0.0,0.0172859,192,-0.0167167
46.5652197978,0.838051,0.0174027,2,0.998184894095,168.23327040672302,194000,1000.0,0.0,0.0156926,194,-0.0127866
46.7317616489,0.818754,0.0129809,2,0.998055095319,169.99893736839294,196000,1000.0,0.0,0.0150722,196,-0.020502
46.9374229257,0.799782,0.0078928,2,0.99815747852,171.78004670143127,198000,1000.0,0.0,0.015658,198,-0.0182784
47.1934963034,0.809438,0.0211722,2,0.997378718108,173.5617733001709,200000,1000.0,0.0,0.0208932,200,-0.00790565
47.4334111191,0.78374,0.0158113,2,0.994701373857,175.3273868560791,202000,1000.0,0.0,0.0184422,202,-0.0155689
47.5564929557,0.749546,0.0231574,2,0.998221877031,177.12417316436768,204000,1000.0,0.0,0.0141688,204,-0.0114676
47.8476991864,0.74955,0.0144714,2,0.998790476937,178.8738865852356,206000,1000.0,0.0,0.0115247,206,-0.0167734
47.9984129374,0.744034,0.00868909,2,0.997382749338,180.6393220424652,208000,1000.0,0.0,0.0152766,208,-0.0160375
48.2249602589,0.751884,0.01454,2,0.997906610603,182.40444612503052,210000,1000.0,0.0,0.0185053,210,-0.0138358
48.4820084806,0.742452,0.00717022,2,0.997774215648,184.18563556671143,212000,1000.0,0.0,0.0177114,212,-0.0158401
48.9377059724,0.715816,0.00712975,3,0.998297786689,185.95227026939392,215000,1000.0,0.0,0.0202601,215,-0.018324
49.001414398,0.698821,0.00869196,2,0.985913709737,187.71707773208618,217000,1000.0,0.0,0.0279435,217,-0.0142026
49.0630909249,0.676786,0.0112166,2,0.997908387566,189.46804761886597,219000,1000.0,0.0,0.0193783,219,-0.0177095
49.3249469228,0.668703,0.00813495,2,0.998502540868,191.24908804893494,221000,1000.0,0.0,0.0138754,221,-0.0105419
49.6455644012,0.645098,0.0106728,2,0.997996548424,192.99886059761047,223000,1000.0,0.0,0.0155976,223,-0.0191398
49.8937976494,0.643307,0.0147103,2,0.997965647141,194.77995944023132,225000,1000.0,0.0,0.0116778,225,-0.0160975
50.0918464177,0.636584,0.0191717,2,0.997772206785,196.54594111442566,227000,1000.0,0.0,0.0164201,227,-0.0171806
50.3405151406,0.653789,0.013027,2,0.998395892908,198.31253337860107,229000,1000.0,0.0,0.0144252,229,-0.0184207
50.569169044,0.631896,0.0146243,2,0.997472297866,200.09212946891785,231000,1000.0,0.0,0.0154271,231,-0.0237599
50.9268952371,0.609845,0.0145497,2,0.998414353933,201.85784268379211,233000,1000.0,0.0,0.0133016,233,-0.0151173
51.2130465636,0.616838,0.0122026,2,0.998369637295,203.62313103675842,235000,1000.0,0.0,0.0101042,235,-0.0152462
51.3525139416,0.598709,0.0154339,2,0.99899677746,205.37399816513062,237000,1000.0,0.0,0.00900234,237,-0.0166353
51.543825265,0.59734,0.00903768,2,0.998984294129,207.15528082847595,239000,1000.0,0.0,0.00748561,239,-0.0142248
51.8188868892,0.598762,0.0288587,2,0.998889728216,208.9216387271881,241000,1000.0,0.0,0.0113338,241,-0.00824599
52.1059593477,0.578608,0.0204082,2,0.999356218788,210.6869339942932,243000,1000.0,0.0,0.00634734,243,-0.0114967
52.4072844126,0.592796,0.0135896,2,0.999367951124,212.45243644714355,245000,1000.0,0.0,0.00669087,245,-0.0134206
52.3643837817,0.615789,0.0365289,2,0.988923436962,214.21776723861694,247000,1000.0,0.0,0.0165063,247,-0.0101389
52.6931073595,0.596506,0.0180987,2,0.998971460969,215.97100687026978,249000,1000.0,0.0,0.00750461,249,-0.0151012
52.719119287,0.611367,0.0126536,2,0.995090493932,217.7324709892273,251000,1000.0,0.0,0.0269278,251,-0.0176299
53.0070914945,0.58807,0.0103379,2,0.999105606694,219.49906063079834,253000,1000.0,0.0,0.008301,253,-0.0135462
53.2812927492,0.582195,0.0115798,3,0.998850138625,221.26530933380127,256000,1000.0,0.0,0.00888463,256,-0.0197892
53.4948999687,0.568623,0.00850907,2,0.999124141235,223.0294952392578,258000,1000.0,0.0,0.00699342,258,-0.0196716
53.8748524401,0.551881,0.00890084,2,0.998710904969,224.79693865776062,260000,1000.0,0.0,0.0131695,260,-0.0157432
54.1469008128,0.572941,0.0126388,2,0.99879283167,226.56127524375916,262000,1000.0,0.0,0.00958575,262,-0.0132914
54.5152346978,0.579891,0.0121623,2,0.998951987596,228.3428475856781,264000,1000.0,0.0,0.00967735,264,-0.0170832
54.779748141,0.581843,0.0142636,2,0.998928815126,230.12490510940552,266000,1000.0,0.0,0.00844665,266,-0.0231746
54.9659417136,0.560354,0.0153738,2,0.999049150909,231.90738034248352,268000,1000.0,0.0,0.0075522,268,-0.0174692
55.4107273887,0.551619,0.0206987,2,0.998961915262,233.6551012992859,270000,1000.0,0.0,0.00745964,270,-0.00983486
55.6136330694,0.555564,0.0152206,2,0.998515046784,235.4516725540161,272000,1000.0,0.0,0.00678559,272,-0.0213056
55.806585355,0.539911,0.0102651,2,0.998979562894,237.2180531024933,274000,1000.0,0.0,0.0112106,274,-0.0182359
56.0253630311,0.532223,0.015189,2,0.998709480744,238.97963285446167,276000,1000.0,0.0,0.00725455,276,-0.0104243
56.0309914484,0.525326,0.0173562,2,0.98864663858,240.71686673164368,278000,1000.0,0.0,0.0297993,278,-0.0168114
56.0116242684,0.503711,0.00782102,2,0.996936457232,242.48304796218872,280000,1000.0,0.0,0.0184097,280,-0.0166388
56.230113816,0.471567,0.00839266,2,0.998929888476,244.24880051612854,282000,1000.0,0.0,0.00685106,282,-0.0172842
56.5548810862,0.477041,0.0105044,2,0.999317813548,246.03060126304626,284000,1000.0,0.0,0.00631719,284,-0.0187898
56.6888269735,0.459107,0.0186055,2,0.998668372282,247.79523706436157,286000,1000.0,0.0,0.00759818,286,-0.0211473
56.8067682857,0.437307,0.0179904,2,0.998919652659,249.56151723861694,288000,1000.0,0.0,0.00721131,288,-0.0151418
57.1082775418,0.448883,0.021052,2,0.999230038025,251.31138277053833,290000,1000.0,0.0,0.00621408,290,-0.0115916
57.3559669252,0.444447,0.0134949,2,0.999408615287,253.07677817344666,292000,1000.0,0.0,0.00469501,292,-0.00791087
57.5149718034,0.44069,0.014495,2,0.999120161403,254.85942673683167,294000,1000.0,0.0,0.00691427,294,-0.016148
57.7923534845,0.428577,0.0171472,2,0.999162220804,256.6234793663025,296000,1000.0,0.0,0.00789106,296,-0.0142163
57.9936102522,0.415741,0.0248827,3,0.99043823313,258.3735911846161,299000,1000.0,0.0,0.0928699,299,-0.00746025
58.1323185772,0.429407,0.025204,2,0.998284123605,260.13954424858093,301000,1000.0,0.0,0.0153212,301,-0.0222252
58.2665712141,0.4345,0.0247636,2,0.993188984226,261.9052882194519,303000,1000.0,0.0,0.0472404,303,-0.00752417
58.4495420751,0.422908,0.0207043,2,0.997632834595,263.65598940849304,305000,1000.0,0.0,0.0212883,305,-0.0138758
58.4787108615,0.405397,0.0124022,2,0.995809972752,265.4228265285492,307000,1000.0,0.0,0.0373806,307,-0.0218639
58.7534226163,0.383964,0.0226525,2,0.998319939245,267.17023396492004,309000,1000.0,0.0,0.016135,309,-0.0198543
58.7133911852,0.388621,0.01799,2,0.99066014681,268.93561029434204,311000,1000.0,0.0,0.0644688,311,-0.0143701
58.5618069122,0.361108,0.0267016,2,0.992659745738,270.7029461860657,313000,1000.0,0.0,0.0432863,313,-0.00722737
58.5822712729,0.340347,0.0129477,2,0.997626075754,272.46724247932434,315000,1000.0,0.0,0.0240007,315,-0.0130761
58.8216362376,0.314359,0.0234176,2,0.998380941222,274.2176971435547,317000,1000.0,0.0,0.0105325,317,-0.0165897
59.101639438,0.317981,0.0213311,2,0.99786903942,275.99806904792786,319000,1000.0,0.0,0.0148948,319,-0.0161223
59.1977329853,0.313503,0.0193042,2,0.996364780003,277.7488977909088,321000,1000.0,0.0,0.0338231,321,-0.020018
59.3556686502,0.317684,0.0248892,2,0.998000646476,279.5142779350281,323000,1000.0,0.0,0.0217213,323,-0.018531
59.4851852661,0.320498,0.0163267,2,0.997912285151,281.27969670295715,325000,1000.0,0.0,0.0170749,325,-0.018072
59.4306986318,0.314832,0.0127214,2,0.991108770482,283.04526472091675,327000,1000.0,0.0,0.0525735,327,-0.0210481
59.5990910263,0.303408,0.0189315,2,0.996812887024,284.7970447540283,329000,1000.0,0.0,0.0278487,329,-0.017168
59.7509211495,0.309194,0.0197767,2,0.993269228376,286.54673886299133,331000,1000.0,0.0,0.0376443,331,-0.0187579
59.6542266956,0.301479,0.0192952,2,0.996447654907,288.31097507476807,333000,1000.0,0.0,0.0181031,333,-0.0195418
59.792012743,0.310446,0.0205441,2,0.998498196481,290.06134390830994,335000,1000.0,0.0,0.0176692,335,-0.00954537
59.948951761,0.302349,0.0124158,2,0.99412368983,291.82693815231323,337000,1000.0,0.0,0.0340995,337,-0.0194943
59.8820315499,0.311159,0.013426,2,0.998090220732,293.57785296440125,339000,1000.0,0.0,0.0131772,339,-0.0228393
60.0804648073,0.290424,0.0142027,3,0.998039317783,295.34190034866333,342000,1000.0,0.0,0.0256829,342,-0.0169556
60.240113773,0.284671,0.0098811,2,0.998736952897,297.1093313694,344000,1000.0,0.0,0.015277,344,-0.0110493
60.3718016612,0.284192,0.0120814,2,0.997541628312,298.87341952323914,346000,1000.0,0.0,0.0255287,346,-0.0162167
60.7385898959,0.24236,0.0316644,2,0.998424813384,300.63876581192017,348000,1000.0,0.0,0.0171097,348,-0.0112615
60.8929903438,0.250987,0.0175254,2,0.997618328547,302.4051811695099,350000,1000.0,0.0,0.026075,350,-0.0106991
61.2083294608,0.255186,0.0105141,2,0.997779455967,304.15524315834045,352000,1000.0,0.0,0.0254036,352,-0.0148688
61.353025667,0.227004,0.0323614,2,0.997482904932,305.92189955711365,354000,1000.0,0.0,0.0274246,354,-0.00044143
61.5520224205,0.232815,0.0150484,2,0.996628508903,307.7016248703003,356000,1000.0,0.0,0.0362808,356,-0.0177741
61.6956238893,0.24908,0.021101,2,0.996007022448,309.47584676742554,358000,1000.0,0.0,0.0336239,358,-0.0226429
61.9019371692,0.22643,0.00851146,2,0.996805560542,311.2649116516113,360000,1000.0,0.0,0.0314481,360,-0.0171875
62.1199768885,0.221245,0.0396492,2,0.979792803526,313.0285096168518,362000,1000.0,0.0,0.0721533,362,-0.0140554
61.9760763979,0.213229,0.0240345,2,0.991257749498,314.7795660495758,364000,1000.0,0.0,0.058485,364,-0.020331
62.1466202568,0.198517,0.0120909,2,0.997865428915,316.5456805229187,366000,1000.0,0.0,0.0233624,366,-0.0107717
62.3162113359,0.185236,0.0222213,2,0.997374687577,318.3114881515503,368000,1000.0,0.0,0.0266738,368,-0.0187286
62.4288005924,0.189234,0.0199922,2,0.998048527865,320.0771462917328,370000,1000.0,0.0,0.0216498,370,-0.0117966
62.592121882,0.200354,0.0154539,2,0.997854582733,321.8428964614868,372000,1000.0,0.0,0.0259996,372,-0.0117691
62.5165860127,0.175397,0.0225969,2,0.980526573956,323.5923264026642,374000,1000.0,0.0,0.128476,374,-0.0159098
62.6613240044,0.14057,0.0231643,2,0.997387512121,325.3430495262146,376000,1000.0,0.0,0.0174147,376,-0.0110306
63.0734134312,0.105885,0.0209439,2,0.998525207746,327.1075961589813,378000,1000.0,0.0,0.0138315,378,-0.0143698
63.3924250836,0.102988,0.0136375,2,0.998669326655,328.8740224838257,380000,1000.0,0.0,0.0129967,380,-0.0170638
63.5316810542,0.0934114,0.0169211,2,0.997798719211,330.6396219730377,382000,1000.0,0.0,0.0227669,382,-0.0131953
63.7475167485,0.087189,0.0214524,3,0.997424618108,332.4337182044983,385000,1000.0,0.0,0.0347141,385,-0.0149592
63.9513377043,0.0737112,0.0242945,2,0.998280599248,334.2020993232727,387000,1000.0,0.0,0.0227332,387,-0.00502668
64.1015520888,0.0742866,0.0182172,2,0.998060529353,335.96775007247925,389000,1000.0,0.0,0.0212643,389,-0.0127038
64.1766953529,0.0809723,0.0335179,2,0.99723412469,337.73323225975037,391000,1000.0,0.0,0.0235872,391,-0.0182199
64.1695372078,0.0547388,0.0147757,2,0.979496354237,339.48257207870483,393000,1000.0,0.0,0.126058,393,-0.0230545
64.2395869141,0.0303018,0.0243366,2,0.998068415909,341.24890303611755,395000,1000.0,0.0,0.0181437,395,-0.0159805
64.3558450916,0.0159291,0.0217961,2,0.997522084741,343.0270998477936,397000,1000.0,0.0,0.0301731,397,-0.0112978
64.6246535467,0.0136012,0.0245277,2,0.996791478014,344.79557180404663,399000,1000.0,0.0,0.0371169,399,-0.0141814
64.7156123694,0.0149419,0.024774,2,0.998011454474,346.5771827697754,401000,1000.0,0.0,0.0220368,401,-0.00983792
65.0073926121,-0.00794148,0.0282484,2,0.998191788094,348.3263716697693,403000,1000.0,0.0,0.0187678,403,-0.0117318
65.0845982352,-0.00249255,0.012781,2,0.99831264466,350.09347915649414,405000,1000.0,0.0,0.0151152,405,-0.0160995
65.2678515971,-0.000163436,0.0143542,2,0.998244099086,351.84348249435425,407000,1000.0,0.0,0.0180153,407,-0.016896
65.3882999987,0.00745738,0.0137047,2,0.997841028497,353.60820031166077,409000,1000.0,0.0,0.0249797,409,-0.014575
65.6838180933,0.0159847,0.0161723,2,0.997666583396,355.357887506485,411000,1000.0,0.0,0.0285049,411,-0.0147736
66.0321064224,0.0168846,0.0264831,2,0.996340419166,357.10771656036377,413000,1000.0,0.0,0.0392532,413,-0.0137679
66.2326845052,0.000262856,0.022981,2,0.997262647608,358.8731906414032,415000,1000.0,0.0,0.0285084,415,-0.0234699
66.4373288442,-0.0125952,0.0108256,2,0.996708857361,360.6404323577881,417000,1000.0,0.0,0.0338197,417,-0.0163929
66.553182052,-0.00270832,0.017444,2,0.995381935965,362.40527296066284,419000,1000.0,0.0,0.0411836,419,-0.0189651
66.6080039713,-0.0190307,0.0280076,2,0.984561137855,364.15593791007996,421000,1000.0,0.0,0.0834834,421,-0.0243816
66.4674612254,-0.0421869,0.0330388,2,0.994993943721,365.9044108390808,423000,1000.0,0.0,0.0299104,423,-0.0197641
66.5557761315,-0.0468684,0.0136266,2,0.995180751663,367.65520310401917,425000,1000.0,0.0,0.04847,425,-0.0198749
66.3093050441,-0.0358094,0.0140018,3,0.917260922492,369.42073345184326,428000,1000.0,0.0,0.214722,428,-0.0234994
66.4327023752,-0.0159101,0.0167707,2,0.994755051099,371.2019979953766,430000,1000.0,0.0,0.0393801,430,-0.0190676
66.391449842,-0.0185869,0.0182896,2,0.969767006114,372.9682836532593,432000,1000.0,0.0,0.156311,432,-0.0125669
66.1550740862,-0.0144151,0.0176459,2,0.976346090436,374.7330322265625,434000,1000.0,0.0,0.144188,434,-0.0208128
66.2948104724,-0.00849855,0.0147453,2,0.987798365764,376.49827456474304,436000,1000.0,0.0,0.051539,436,-0.0179233
66.6352728048,-0.00322795,0.0195394,2,0.985441179015,378.25384068489075,438000,1000.0,0.0,0.0693539,438,-0.0183072
66.4500295942,-0.0268131,0.0175511,2,0.99168937467,380.03124165534973,440000,1000.0,0.0,0.0668999,440,-0.0232201
66.5222541704,-0.0592304,0.0251359,2,0.988543006591,381.7959156036377,442000,1000.0,0.0,0.0815032,442,-0.0215553
66.2420721624,-0.0465871,0.0289989,2,0.992152815685,383.562166929245,444000,1000.0,0.0,0.0699278,444,-0.0133863
66.3727245415,-0.0385205,0.0205504,2,0.996490196791,385.31154704093933,446000,1000.0,0.0,0.0376436,446,-0.0152582
66.4834755975,-0.0948491,0.0257052,2,0.996966650477,387.06257224082947,448000,1000.0,0.0,0.0308901,448,-0.0208865
66.5628145073,-0.096387,0.0172137,2,0.996457920875,388.82811546325684,450000,1000.0,0.0,0.0375808,450,-0.0179764
66.6144868197,-0.100389,0.0238915,2,0.996343102539,390.57682967185974,452000,1000.0,0.0,0.0407007,452,-0.0108061
66.6667653095,-0.107946,0.0123387,2,0.982419613749,392.3372576236725,454000,1000.0,0.0,0.0659872,454,-0.0185617
66.0149835272,-0.100537,0.0179888,2,0.982942473143,394.1081874370575,456000,1000.0,0.0,0.0474409,456,-0.0260109
66.1587012981,-0.11942,0.0127941,2,0.994717662223,395.8581726551056,458000,1000.0,0.0,0.0537665,458,-0.0179103
66.2186674346,-0.107415,0.0184964,2,0.994970640633,397.60908555984497,460000,1000.0,0.0,0.0423365,460,-0.0206353
66.2338060585,-0.08637,0.0210072,2,0.994819324464,399.37868547439575,462000,1000.0,0.0,0.0408775,462,-0.0146058
66.5708272826,-0.074512,0.032102,2,0.995472040493,401.12372279167175,464000,1000.0,0.0,0.0516207,464,-0.00277629
66.5816038414,-0.0710486,0.0180737,2,0.997439145343,402.88902616500854,466000,1000.0,0.0,0.0252911,466,-0.0220291
66.5885141096,-0.0675411,0.0117642,2,0.997172719333,404.65436816215515,468000,1000.0,0.0,0.0311554,468,-0.0145136
66.7040134124,-0.0588652,0.0206415,3,0.997956747189,406.4058666229248,471000,1000.0,0.0,0.0322469,471,-0.017994
66.7179541663,-0.0777432,0.0208493,2,0.997780199395,408.15457224845886,473000,1000.0,0.0,0.0223476,473,-0.0128258
67.0159117772,-0.072009,0.0220662,2,0.996388957836,409.9204924106598,475000,1000.0,0.0,0.0436538,475,-0.0152802
67.0354921463,-0.092184,0.0200076,2,0.994457417168,411.67110085487366,477000,1000.0,0.0,0.0655268,477,-0.0187365
67.0626805637,-0.0817977,0.0150078,2,0.994368790183,413.42158126831055,479000,1000.0,0.0,0.0689287,479,-0.0165248
67.12668589,-0.0573053,0.0205836,2,0.996720206924,415.2012565135956,481000,1000.0,0.0,0.0381532,481,-0.0182313
67.1693580041,-0.084605,0.0281386,2,0.997268724488,416.9520106315613,483000,1000.0,0.0,0.0342752,483,-0.00763113
67.2178305296,-0.0750394,0.0206504,2,0.997589933919,418.7027666568756,485000,1000.0,0.0,0.0302056,485,-0.0105427
67.2897133004,-0.0886255,0.0299752,2,0.996364326915,420.47557497024536,487000,1000.0,0.0,0.0452028,487,-0.0090936
67.3597987404,-0.118603,0.0312121,2,0.997643326409,422.2324569225311,489000,1000.0,0.0,0.0246522,489,-0.0182023
67.4761736049,-0.128803,0.0211565,2,0.997089983895,423.9981107711792,491000,1000.0,0.0,0.0394329,491,-0.0132684
67.7094654436,-0.155227,0.0199885,2,0.997791809961,425.74916315078735,493000,1000.0,0.0,0.0281405,493,-0.0175468
67.780708462,-0.15198,0.0152808,2,0.997369993012,427.5141861438751,495000,1000.0,0.0,0.0364591,495,-0.0164843
67.8241591011,-0.149655,0.028623,2,0.995250925422,429.2639071941376,497000,1000.0,0.0,0.037456,497,-0.0155058
67.8574690564,-0.179883,0.0162791,2,0.995968173258,431.02991008758545,499000,1000.0,0.0,0.0408298,499,-0.0179699
67.8845661065,-0.182099,0.0157724,2,0.995098461397,432.79633808135986,501000,1000.0,0.0,0.0628407,501,-0.0206367
67.9783812267,-0.164807,0.012631,2,0.994799152948,434.5453541278839,503000,1000.0,0.0,0.0466902,503,-0.0123296
68.0202873968,-0.191689,0.0192901,2,0.997709369287,436.3268790245056,505000,1000.0,0.0,0.0273788,505,-0.0180421
68.0586404565,-0.195857,0.0341635,2,0.996837133542,438.07668805122375,507000,1000.0,0.0,0.0367362,507,-0.0133761
68.1339386139,-0.174019,0.01998,2,0.997934974497,439.8487665653229,509000,1000.0,0.0,0.0232754,509,-0.0152461
68.2687201866,-0.161716,0.0649236,3,0.995121471118,441.6082344055176,512000,1000.0,0.0,0.0681075,512,0.002702
68.3035521794,-0.16645,0.020259,2,0.997382348403,443.3582844734192,514000,1000.0,0.0,0.0458326,514,-0.0141532
68.4162592926,-0.158322,0.0307368,2,0.99668026669,445.11639046669006,516000,1000.0,0.0,0.0425048,516,-0.0209101
68.4638678525,-0.143838,0.0398239,2,0.995792720467,446.8964259624481,518000,1000.0,0.0,0.0442174,518,-0.00431365
68.3067618491,-0.140172,0.013971,2,0.977742701769,448.65475368499756,520000,1000.0,0.0,0.189283,520,-0.020899
68.5700383872,-0.142015,0.0359459,2,0.995772766881,450.42118430137634,522000,1000.0,0.0,0.0304039,522,-0.00237464
67.7029088607,-0.131107,0.0249405,2,0.899649992585,452.18655157089233,524000,1000.0,0.0,0.344111,524,-5.43008e-06
67.6979051904,-0.131769,0.0174569,2,0.993618411012,453.9521622657776,526000,1000.0,0.0,0.0366003,526,-0.0147749
68.1522065235,-0.12582,0.0138333,2,0.988412418403,455.7015607357025,528000,1000.0,0.0,0.0834225,528,-0.0162346
68.0828698863,-0.111054,0.0219646,2,0.991749122739,457.48285937309265,530000,1000.0,0.0,0.10192,530,-0.0167235
68.370360284,-0.116722,0.0219193,2,0.993094287813,459.23307490348816,532000,1000.0,0.0,0.0812062,532,-0.0172833
68.6559642002,-0.112983,0.033958,2,0.995450086426,461.01570081710815,534000,1000.0,0.0,0.0462899,534,-0.00758615
68.4310160535,-0.0827723,0.0222808,2,0.994542613626,462.7645206451416,536000,1000.0,0.0,0.0605045,536,-0.0154995
68.30359857,-0.0750918,0.0232635,2,0.994899289217,464.56138610839844,538000,1000.0,0.0,0.0482717,538,-0.01561
68.1425231555,-0.0652916,0.0128454,2,0.932780399919,466.3268549442291,540000,1000.0,0.0,0.110712,540,-0.0262618
68.0783638874,-0.0741336,0.0280274,2,0.991879792884,468.07755851745605,542000,1000.0,0.0,0.05567,542,-0.0148961
68.0232632116,-0.0869194,0.0144727,2,0.975863741711,469.84216952323914,544000,1000.0,0.0,0.0904406,544,-0.0244194
67.9142191671,-0.093766,0.0252292,2,0.992584483232,471.5976405143738,546000,1000.0,0.0,0.0724658,546,-0.00819862
67.8583237658,-0.112341,0.0144514,2,0.995259721298,473.3611762523651,548000,1000.0,0.0,0.0465743,548,-0.0170786
67.8524237107,-0.126919,0.03451,2,0.99169365596,475.12345480918884,550000,1000.0,0.0,0.0851693,550,-0.00586706
67.7945755325,-0.128673,0.0211379,2,0.995420555118,476.8887994289398,552000,1000.0,0.0,0.04614,552,-0.0151745
68.2280086832,-0.138201,0.0254988,3,0.994736405555,478.63915491104126,555000,1000.0,0.0,0.0765592,555,-0.0121445
68.4472242645,-0.121943,0.0180715,2,0.995412780903,480.4050464630127,557000,1000.0,0.0,0.0490979,557,-0.0218978
68.3802928525,-0.152578,0.0104995,2,0.995907532051,482.17141103744507,559000,1000.0,0.0,0.0496301,559,-0.0157679
68.4070940936,-0.183506,0.0183495,2,0.996951945592,483.93577218055725,561000,1000.0,0.0,0.0351099,561,-0.0196349
68.5117352349,-0.187544,0.0181929,2,0.997601598734,485.6863262653351,563000,1000.0,0.0,0.027506,563,-0.0203577
68.572512396,-0.208587,0.0129705,2,0.997304462362,487.46694445610046,565000,1000.0,0.0,0.0318927,565,-0.0151756
68.6002686894,-0.210694,0.016066,2,0.996935211821,489.21780800819397,567000,1000.0,0.0,0.0318256,567,-0.0152807
68.6212742568,-0.201298,0.0397366,2,0.996553422417,490.98311614990234,569000,1000.0,0.0,0.045598,569,-0.0182973
68.6315355022,-0.195802,0.0286635,2,0.996615039418,492.73300862312317,571000,1000.0,0.0,0.0403031,571,-0.00440484
68.6705545766,-0.190801,0.0141222,2,0.916565187275,494.4989421367645,573000,1000.0,0.0,0.0950348,573,-0.0168638
67.8705350077,-0.167345,0.0181236,2,0.899260118604,496.2653238773346,575000,1000.0,0.0,0.438332,575,0.00639559
67.8984683961,-0.148185,0.0222159,2,0.995155988261,498.029577255249,577000,1000.0,0.0,0.0552677,577,-0.01879
67.8389589096,-0.125048,0.0205637,2,0.992460340261,499.77957558631897,579000,1000.0,0.0,0.0838021,579,-0.0171187
67.8084141906,-0.131078,0.0140727,2,0.992692649364,501.5453610420227,581000,1000.0,0.0,0.0804664,581,-0.0135456
67.766160764,-0.120725,0.0321622,2,0.9936501435,503.3112123012543,583000,1000.0,0.0,0.069438,583,-0.0119915
67.7216359082,-0.136215,0.0167316,2,0.996266879141,505.06086468696594,585000,1000.0,0.0,0.045388,585,-0.0123928
67.7084427054,-0.157903,0.0191054,2,0.995585189667,506.826819896698,587000,1000.0,0.0,0.0521621,587,-0.0144521
67.7080848135,-0.168782,0.0320242,2,0.996205823729,508.577609539032,589000,1000.0,0.0,0.0446778,589,-0.00167559
67.7022697275,-0.172417,0.0156325,2,0.997026997153,510.3430435657501,591000,1000.0,0.0,0.0320868,591,-0.0175195
67.6483818152,-0.21595,0.0264756,2,0.995837724768,512.0938296318054,593000,1000.0,0.0,0.0386281,593,-0.00785588
67.6263794573,-0.210643,0.0210367,2,0.993988662958,513.8584675788879,595000,1000.0,0.0,0.0435007,595,-0.0171171
67.5750742314,-0.200896,0.0392705,3,0.994582217652,515.6077783107758,598000,1000.0,0.0,0.082064,598,-0.00848612
67.6178275345,-0.19688,0.0187003,2,0.99496337818,517.3731107711792,600000,1000.0,0.0,0.0524824,600,-0.0137446
67.4820481093,-0.194471,0.0186103,2,0.995186859742,519.1238751411438,602000,1000.0,0.0,0.0498801,602,-0.0210659
67.4466356342,-0.205173,0.0149416,2,0.994945067912,520.889173746109,604000,1000.0,0.0,0.059299,604,-0.0200067
67.4831396874,-0.221045,0.0511898,2,0.995990253985,522.6404869556427,606000,1000.0,0.0,0.0432137,606,0.00374397
67.5311833405,-0.224254,0.0220452,2,0.994758782908,524.4059998989105,608000,1000.0,0.0,0.0511534,608,-0.0174246
67.5298968108,-0.219335,0.0109585,2,0.995041613933,526.1864337921143,610000,1000.0,0.0,0.0550885,610,-0.0139084
67.526263371,-0.180898,0.0182436,2,0.993454084266,527.937860250473,612000,1000.0,0.0,0.0814722,612,-0.0199869
67.5065305352,-0.178968,0.0150811,2,0.995965457056,529.6856579780579,614000,1000.0,0.0,0.0450665,614,-0.0140218
67.5009749281,-0.174526,0.0156334,2,0.997719561681,531.4671325683594,616000,1000.0,0.0,0.0271717,616,-0.0149903
67.5413735156,-0.171195,0.0204091,2,0.995899597649,533.22545337677,618000,1000.0,0.0,0.0536641,618,-0.0144075
67.7813652646,-0.176557,0.0215197,2,0.995592074469,534.9840750694275,620000,1000.0,0.0,0.0488199,620,-0.0142314
67.8398103834,-0.234673,0.021732,2,0.997084190371,536.7484879493713,622000,1000.0,0.0,0.0335202,622,-0.0126454
68.6673723829,-0.239484,0.022452,2,0.99354750663,538.5144548416138,624000,1000.0,0.0,0.078589,624,-0.0182335
68.7571420888,-0.24891,0.0182221,2,0.996383309131,540.2802996635437,626000,1000.0,0.0,0.0432749,626,-0.0131974
69.0241141462,-0.259519,0.0128933,2,0.995171821211,542.0456759929657,628000,1000.0,0.0,0.0586991,628,-0.0151946
69.1902766419,-0.277235,0.0306077,2,0.997180410894,543.811309337616,630000,1000.0,0.0,0.030521,630,-0.0204583
69.3543754724,-0.260886,0.02244,2,0.995587501675,545.5611002445221,632000,1000.0,0.0,0.0552948,632,-0.0126034
69.4277154466,-0.258299,0.0261855,2,0.994502314366,547.3262312412262,634000,1000.0,0.0,0.0615744,634,-0.0131594
69.7012869373,-0.259625,0.0195017,2,0.996951796114,549.077719449997,636000,1000.0,0.0,0.0387287,636,-0.0123302
69.890030077,-0.273176,0.0232208,2,0.99588848697,550.8578362464905,638000,1000.0,0.0,0.0531957,638,-0.0119158
70.5437561378,-0.25964,0.0338819,3,0.995717397425,552.6394984722137,641000,1000.0,0.0,0.0721471,641,-0.00753384
70.6218371586,-0.262108,0.0257242,2,0.995474054012,554.498566865921,643000,1000.0,0.0,0.0578566,643,-0.0119227
71.158407558,-0.266567,0.0130424,2,0.996002471074,556.343184709549,645000,1000.0,0.0,0.0497305,645,-0.0129973
71.312315021,-0.244782,0.0211578,2,0.996465887409,558.2012665271759,647000,1000.0,0.0,0.041299,647,-0.0165805
71.4376955368,-0.261796,0.0224644,2,0.994891881943,560.0457181930542,649000,1000.0,0.0,0.0668218,649,-0.0169452
71.5725504535,-0.273175,0.0228311,2,0.995330576785,561.9077713489532,651000,1000.0,0.0,0.0488081,651,-0.0180145
71.6215544821,-0.289582,0.0427678,2,0.996111801127,563.7645039558411,653000,1000.0,0.0,0.0439471,653,-0.00598964
71.6379105257,-0.311894,0.0352026,2,0.99698045291,565.6085383892059,655000,1000.0,0.0,0.0303976,655,-0.00970981
71.7558509069,-0.318297,0.020115,2,0.994879167527,567.4676382541656,657000,1000.0,0.0,0.0699581,657,-0.0161993
71.7966886428,-0.344712,0.0258249,2,0.995071618818,569.3106033802032,659000,1000.0,0.0,0.0577878,659,-0.0210044
71.8223066451,-0.366483,0.0157342,2,0.996532717021,571.154453754425,661000,1000.0,0.0,0.0420538,661,-0.01657
71.7829897142,-0.390904,0.017805,2,0.952131554484,572.9982304573059,663000,1000.0,0.0,0.265265,663,-0.0281726
71.7147088713,-0.389993,0.0270399,2,0.948250815272,574.8578751087189,665000,1000.0,0.0,0.38994,665,-0.00686473
71.7337582462,-0.390199,0.0362771,2,0.996136040427,576.7013053894043,667000,1000.0,0.0,0.045587,667,-0.0139039
71.8306589834,-0.369685,0.0149777,2,0.996007774025,578.5607359409332,669000,1000.0,0.0,0.0461414,669,-0.0145226
71.9021959294,-0.38237,0.0234326,2,0.995182895567,580.4045071601868,671000,1000.0,0.0,0.0650153,671,-0.0115845
71.8957973909,-0.386372,0.0237293,2,0.932516857982,582.2482271194458,673000,1000.0,0.0,0.591469,673,-0.0179562
72.7590890801,-0.383389,0.0118802,2,0.996318126796,584.0926611423492,675000,1000.0,0.0,0.0467574,675,-0.0162097
72.8006331639,-0.387945,0.028856,2,0.996371971443,585.842643737793,677000,1000.0,0.0,0.0465713,677,-0.0160891
72.9578113939,-0.363749,0.0310666,2,0.996037960984,587.6083548069,679000,1000.0,0.0,0.0516209,679,-0.0107176
73.0710643092,-0.395764,0.0275016,2,0.996221524198,589.4044811725616,681000,1000.0,0.0,0.0451633,681,-0.0120892
73.2661133944,-0.396871,0.026074,3,0.994866259396,591.1394560337067,684000,1000.0,0.0,0.0763315,684,-0.0127871
73.330519372,-0.389467,0.0160076,2,0.996998196468,592.9060499668121,686000,1000.0,0.0,0.0382837,686,-0.0153821
73.3979045848,-0.398108,0.0180938,2,0.996339707403,594.6700415611267,688000,1000.0,0.0,0.0456577,688,-0.0159779
73.389309352,-0.406083,0.0238313,2,0.997437908547,596.4364304542542,690000,1000.0,0.0,0.0284245,690,-0.0179492
73.488359654,-0.404423,0.0158093,2,0.996796766762,598.1860947608948,692000,1000.0,0.0,0.040573,692,-0.0131773
73.4947164432,-0.412351,0.0288379,2,0.99706228869,599.9528803825378,694000,1000.0,0.0,0.0327965,694,-0.0122483
73.6287670087,-0.42726,0.0343047,2,0.996142663527,601.7179443836212,696000,1000.0,0.0,0.0465622,696,-0.0151548
73.6666637862,-0.421641,0.0189671,2,0.995327656157,603.4838311672211,698000,1000.0,0.0,0.046151,698,-0.0217183
73.7120676194,-0.419685,0.018809,2,0.994508414064,605.2483885288239,700000,1000.0,0.0,0.0652598,700,-0.0129198
73.6309004893,-0.408432,0.0243077,2,0.924995668232,607.0148344039917,702000,1000.0,0.0,0.519311,702,-0.0208007
73.7378173474,-0.429575,0.0435708,2,0.995307773352,608.7539043426514,704000,1000.0,0.0,0.0518449,704,-0.015535
73.7231047106,-0.463829,0.0313061,2,0.995501252357,610.5149765014648,706000,1000.0,0.0,0.0535063,706,-0.0167162
73.759828644,-0.459163,0.0273352,2,0.996454594191,612.2798962593079,708000,1000.0,0.0,0.043861,708,-0.00509833
73.7332463949,-0.48949,0.0356654,2,0.992300976068,614.0295510292053,710000,1000.0,0.0,0.0844703,710,-0.0185544
73.8034174007,-0.487801,0.0294658,2,0.994415757712,615.7961661815643,712000,1000.0,0.0,0.0695351,712,-0.0147997
73.8672195449,-0.491288,0.028286,2,0.969981232658,617.5452086925507,714000,1000.0,0.0,0.232551,714,-0.0133741
73.91600397,-0.507038,0.0253819,2,0.992041327991,619.3109023571014,716000,1000.0,0.0,0.0739307,716,-0.0221367
73.9655023903,-0.50817,0.0467247,2,0.995943505317,621.0608763694763,718000,1000.0,0.0,0.0515038,718,-0.00573439
74.0115591242,-0.504544,0.0228094,2,0.99681068724,622.8299248218536,720000,1000.0,0.0,0.0403807,720,-0.0117167
73.9875077655,-0.51893,0.0389476,2,0.988063619472,624.6082675457001,722000,1000.0,0.0,0.144482,722,-0.0112619
74.0347801151,-0.517118,0.0186133,2,0.995969310869,626.3898339271545,724000,1000.0,0.0,0.0480115,724,-0.0104768
74.1646788986,-0.521296,0.0658399,3,0.996266651666,628.1390438079834,727000,1000.0,0.0,0.0673817,727,-0.00299918
74.155556497,-0.507176,0.0301983,2,0.994766984601,629.904773235321,729000,1000.0,0.0,0.0665533,729,-0.0184512
73.927000217,-0.505208,0.0453428,2,0.928224347532,631.6546068191528,731000,1000.0,0.0,0.7722,731,-0.0124746
73.9578233733,-0.512105,0.0360942,2,0.993977269158,633.4158341884613,733000,1000.0,0.0,0.0700251,733,-0.0110565
73.8984664782,-0.487731,0.0168117,2,0.993637404405,635.1705570220947,735000,1000.0,0.0,0.0769481,735,-0.0171789
73.868769464,-0.489489,0.0213337,2,0.993810302578,636.9375545978546,737000,1000.0,0.0,0.0761913,737,-0.0147737
73.82645429,-0.490259,0.0376538,2,0.99596493179,638.702996969223,739000,1000.0,0.0,0.0550043,739,-0.0146927
73.8362169001,-0.480116,0.0369108,2,0.97853082791,640.4676086902618,741000,1000.0,0.0,0.0585346,741,-0.0177802
73.5697071763,-0.487056,0.0238948,2,0.920235559344,642.2331638336182,743000,1000.0,0.0,0.536171,743,-0.0243462
73.5055187357,-0.501492,0.0309514,2,0.995062877424,643.9988565444946,745000,1000.0,0.0,0.0512147,745,-0.0198072
73.4518046018,-0.496634,0.0141891,2,0.997113895137,645.7966015338898,747000,1000.0,0.0,0.0324099,747,-0.0196264
73.5104115566,-0.539215,0.0289017,2,0.997114422498,647.561989068985,749000,1000.0,0.0,0.0372101,749,-0.0223533
73.4633510807,-0.580028,0.0155822,2,0.997142411768,649.3576200008392,751000,1000.0,0.0,0.0337934,751,-0.0165673
73.4843307305,-0.570789,0.0347211,2,0.997163505759,651.1090731620789,753000,1000.0,0.0,0.0266912,753,-0.0128136
73.4981179741,-0.57554,0.0178416,2,0.995883952361,652.8579571247101,755000,1000.0,0.0,0.0525204,755,-0.0136602
73.6034005411,-0.574451,0.025191,2,0.996410302818,654.6404674053192,757000,1000.0,0.0,0.0462206,757,-0.019636
73.6669339934,-0.587617,0.025996,2,0.997323664138,656.443606376648,759000,1000.0,0.0,0.0296647,759,-0.0157211
73.7070871641,-0.608852,0.0298691,2,0.996453172527,658.2330198287964,761000,1000.0,0.0,0.0490839,761,-0.00850949
73.7503241344,-0.597483,0.0309341,2,0.996603775071,659.9995892047882,763000,1000.0,0.0,0.0408774,763,-0.00579335
73.8877606357,-0.588909,0.0451071,2,0.957597352564,661.7495157718658,765000,1000.0,0.0,0.247755,765,-0.00748427
73.5745215628,-0.599217,0.0313219,3,0.992630061693,663.4984047412872,768000,1000.0,0.0,0.0586624,768,-0.0166254
73.5215616989,-0.609251,0.0274037,2,0.986435510218,665.2639451026917,770000,1000.0,0.0,0.0741566,770,-0.0234357
73.340380548,-0.607984,0.0250358,2,0.974795078859,667.0282554626465,772000,1000.0,0.0,0.195627,772,-0.0139105
73.3915631518,-0.604208,0.0369711,2,0.996533485828,668.7800068855286,774000,1000.0,0.0,0.0483467,774,-0.00873257
73.1520019984,-0.611431,0.0277944,2,0.979109128937,670.5297260284424,776000,1000.0,0.0,0.26711,776,-0.0239093
73.22229721,-0.611247,0.0120688,2,0.995610657148,672.2951092720032,778000,1000.0,0.0,0.0416814,778,-0.0160496
73.2526465005,-0.62648,0.126928,2,0.99530715961,674.062032699585,780000,1000.0,0.0,0.0602314,780,0.0115507
73.2721274463,-0.624193,0.042011,2,0.994324227329,675.82665848732,782000,1000.0,0.0,0.0675386,782,-0.0101396
73.3036047238,-0.642443,0.0185723,2,0.99415318761,677.5763947963715,784000,1000.0,0.0,0.0674365,784,-0.0165201
73.3479624953,-0.627609,0.0266776,2,0.995177038014,679.3437979221344,786000,1000.0,0.0,0.0621536,786,-0.0163086
73.3733700917,-0.622749,0.0483861,2,0.995145110879,681.108199596405,788000,1000.0,0.0,0.054867,788,-0.0149356
73.4009237141,-0.612681,0.0261906,2,0.99395703245,682.873820066452,790000,1000.0,0.0,0.0781713,790,-0.013276
73.4539290976,-0.619676,0.0205685,2,0.996160178911,684.6238212585449,792000,1000.0,0.0,0.0490471,792,-0.0151648
73.488527303,-0.603419,0.0279903,2,0.995607072022,686.3902904987335,794000,1000.0,0.0,0.0628027,794,-0.0125284
73.5371794849,-0.628952,0.023274,2,0.993620460853,688.1551129817963,796000,1000.0,0.0,0.0855253,796,-0.0167869
73.5860456132,-0.632273,0.0221861,2,0.994315884542,689.9207770824432,798000,1000.0,0.0,0.0789072,798,-0.0204396
73.6432309229,-0.623871,0.0283633,2,0.996085951105,691.6867785453796,800000,1000.0,0.0,0.0483179,800,-0.0134223
73.954751542,-0.614135,0.0354083,2,0.996981882956,693.4528641700745,802000,1000.0,0.0,0.042551,802,-0.0126346
73.9567526773,-0.604716,0.018725,2,0.991407616064,695.2178633213043,804000,1000.0,0.0,0.120867,804,-0.0153556
74.0139332672,-0.63021,0.0881576,2,0.996441434836,696.9833705425262,806000,1000.0,0.0,0.037881,806,-0.0149552
74.0035386929,-0.618107,0.0486384,2,0.994620721322,698.7488622665405,808000,1000.0,0.0,0.0601377,808,-0.0121026
74.0494217886,-0.647245,0.0323925,3,0.992078596726,700.4996328353882,811000,1000.0,0.0,0.0994879,811,-0.0102295
74.0242803986,-0.633434,0.027848,2,0.995690924581,702.2645938396454,813000,1000.0,0.0,0.0508873,813,-0.021796
74.0667742119,-0.62862,0.0388974,2,0.994765507523,704.0247521400452,815000,1000.0,0.0,0.0627357,815,-0.0126893
74.0307633923,-0.631457,0.0233833,2,0.993584990501,705.7821297645569,817000,1000.0,0.0,0.0741201,817,-0.0155245
74.0105693209,-0.658207,0.102116,2,0.996849872638,707.5456807613373,819000,1000.0,0.0,0.0317083,819,-0.0213411
74.0382645057,-0.670469,0.0639001,2,0.996267081238,709.3108260631561,821000,1000.0,0.0,0.0451464,821,-0.00380108
74.1640500476,-0.662148,0.0143809,2,0.996526524192,711.0612363815308,823000,1000.0,0.0,0.0346604,823,-0.0216617
74.1198996474,-0.670326,0.0174332,2,0.981912635267,712.8378219604492,825000,1000.0,0.0,0.0740306,825,-0.0278774
74.1462908788,-0.654814,0.0202262,2,0.994117881171,714.5928990840912,827000,1000.0,0.0,0.061583,827,-0.0144799
74.222330659,-0.639999,0.0198963,2,0.996583536966,716.3583028316498,829000,1000.0,0.0,0.0395077,829,-0.0137307
74.4746664813,-0.641513,0.0224111,2,0.995757273864,718.1237909793854,831000,1000.0,0.0,0.0531936,831,-0.0195781
74.5589296109,-0.648213,0.0391607,2,0.995847916231,719.9062612056732,833000,1000.0,0.0,0.0598122,833,-0.0127471
74.7075866976,-0.63467,0.0640499,2,0.995631648228,721.6863074302673,835000,1000.0,0.0,0.0586804,835,0.0066723
74.7776227537,-0.61089,0.0283877,2,0.990957856178,723.4518988132477,837000,1000.0,0.0,0.110741,837,-0.0144258
74.8824324964,-0.609293,0.0337428,2,0.993964738678,725.2172532081604,839000,1000.0,0.0,0.0688915,839,-0.0118447
74.8774015328,-0.557622,0.0223443,2,0.993456812575,726.9827151298523,841000,1000.0,0.0,0.0825711,841,-0.0165345
75.2166458526,-0.545046,0.0304212,2,0.992504816968,728.7647914886475,843000,1000.0,0.0,0.0767196,843,-0.0155232
75.3220574157,-0.555435,0.0229862,2,0.993783764541,730.5156824588776,845000,1000.0,0.0,0.0832425,845,-0.0141739
75.384766569,-0.57312,0.0643441,2,0.995315415785,732.281240940094,847000,1000.0,0.0,0.0519001,847,-0.0144724
75.396900246,-0.587093,0.0379104,2,0.993612736464,734.0614800453186,849000,1000.0,0.0,0.0698141,849,-0.0145018
75.4337601869,-0.581281,0.0275994,2,0.994896204676,735.8311564922333,851000,1000.0,0.0,0.0590031,851,-0.0162673
75.3740604424,-0.600361,0.0358942,3,0.987573979422,737.6261398792267,854000,1000.0,0.0,0.205935,854,-0.0133597
75.3562453376,-0.614215,0.0144934,2,0.993168253452,739.3906924724579,856000,1000.0,0.0,0.0908601,856,-0.012367
75.3749349322,-0.592571,0.0292853,2,0.994463725481,741.1404860019684,858000,1000.0,0.0,0.0821095,858,-0.0151174
75.4475704077,-0.577407,0.0161176,2,0.99598227907,742.9044859409332,860000,1000.0,0.0,0.0498464,860,-0.0159529
75.4231464392,-0.568294,0.0162098,2,0.992675967515,744.6488461494446,862000,1000.0,0.0,0.108734,862,-0.0139444
75.430242173,-0.563944,0.0170382,2,0.993154412135,746.4207441806793,864000,1000.0,0.0,0.097791,864,-0.0160458
75.8284089275,-0.565752,0.0432833,2,0.995516343508,748.1870884895325,866000,1000.0,0.0,0.0588159,866,-0.00825087
75.8933612283,-0.600541,0.0265018,2,0.996131798718,749.9527134895325,868000,1000.0,0.0,0.0500683,868,-0.0139717
75.9288706207,-0.599272,0.0254496,2,0.994784574024,751.7182948589325,870000,1000.0,0.0,0.0711124,870,-0.0139696
76.2074150628,-0.580948,0.0306302,2,0.996751493542,753.4828462600708,872000,1000.0,0.0,0.0461394,872,-0.00776492
76.1992795891,-0.606747,0.030205,2,0.994117689319,755.2480797767639,874000,1000.0,0.0,0.0877855,874,-0.013852
76.5070094213,-0.62987,0.0315432,2,0.993619035929,757.0291812419891,876000,1000.0,0.0,0.0865375,876,-0.0157831
76.504963989,-0.630859,0.0264487,2,0.995299148373,758.7801065444946,878000,1000.0,0.0,0.0561316,878,-0.014309
76.5490034893,-0.611642,0.0549372,2,0.995731745381,760.5464911460876,880000,1000.0,0.0,0.0554988,880,-0.0122811
76.5901501175,-0.626565,0.0234659,2,0.9954745383,762.3114244937897,882000,1000.0,0.0,0.0593604,882,-0.022794
76.5987980537,-0.63746,0.0231663,2,0.997420157306,764.1240439414978,884000,1000.0,0.0,0.034457,884,-0.00853827
76.6561665673,-0.642011,0.0159128,2,0.996414026478,765.8984429836273,886000,1000.0,0.0,0.0535107,886,-0.0156499
76.6787017054,-0.636795,0.0286228,2,0.994573583361,767.6393325328827,888000,1000.0,0.0,0.07299,888,-0.0175979
76.7685138929,-0.660959,0.027983,2,0.993748208974,769.4047336578369,890000,1000.0,0.0,0.0878633,890,-0.0128599
76.7855962145,-0.666048,0.0311402,2,0.995941048488,771.1862857341766,892000,1000.0,0.0,0.0478478,892,-0.0126394
76.8247308087,-0.672253,0.014884,2,0.996246399358,772.9594650268555,894000,1000.0,0.0,0.0498713,894,-0.017405
76.8945823778,-0.645836,0.0452055,3,0.991098951548,774.718142747879,897000,1000.0,0.0,0.141253,897,-0.0149386
76.9476481062,-0.660168,0.0707282,2,0.990963566117,776.4833238124847,899000,1000.0,0.0,0.0978944,899,-0.0126569
76.9962725761,-0.647378,0.0144223,2,0.994934825227,778.2490031719208,901000,1000.0,0.0,0.0603253,901,-0.0138905
77.0309631982,-0.672832,0.0184633,2,0.997015463654,780.0283257961273,903000,1000.0,0.0,0.03361,903,-0.0170729
77.0848476202,-0.677835,0.035333,2,0.995707939379,781.8116981983185,905000,1000.0,0.0,0.0503902,905,-0.0208515
77.1547384437,-0.693304,0.026069,2,0.996457301546,783.6700415611267,907000,1000.0,0.0,0.0451184,907,-0.0126602
77.2375180853,-0.693737,0.0519935,2,0.997184437234,785.4203443527222,909000,1000.0,0.0,0.040016,909,0.00282069
77.3255392674,-0.694339,0.0337942,2,0.994037561584,787.1864953041077,911000,1000.0,0.0,0.0602569,911,-0.0179455
77.3716947155,-0.690897,0.0298261,2,0.991645256057,788.920608997345,913000,1000.0,0.0,0.110813,913,-0.0162079
77.37059562,-0.674389,0.0364619,2,0.992329149973,790.701648235321,915000,1000.0,0.0,0.0957359,915,-0.00911927
77.4891529736,-0.686325,0.0406795,2,0.995904439129,792.4515271186829,917000,1000.0,0.0,0.0499785,917,-0.0107589
77.5796233607,-0.663279,0.0310438,2,0.996215122053,794.2326638698578,919000,1000.0,0.0,0.0530935,919,-0.0140159
77.6804821646,-0.669607,0.0180193,2,0.997113297926,795.9908638000488,921000,1000.0,0.0,0.0434452,921,-0.0172795
77.7649615345,-0.664789,0.0148743,2,0.995672610588,797.7662942409515,923000,1000.0,0.0,0.0650708,923,-0.0167852
77.8346455096,-0.667019,0.0211682,2,0.996083082631,799.531002998352,925000,1000.0,0.0,0.0534706,925,-0.0165368
77.9143164938,-0.651535,0.0240521,2,0.996387283783,801.2960789203644,927000,1000.0,0.0,0.0543995,927,-0.0118993
77.9220812589,-0.640339,0.0289383,2,0.993711370043,803.0456304550171,929000,1000.0,0.0,0.0797141,929,-0.0149864
77.9604469721,-0.665471,0.0435843,2,0.996210898273,804.8122463226318,931000,1000.0,0.0,0.0499677,931,-0.0111635
77.9204226911,-0.672696,0.0305671,2,0.991148421541,806.5768084526062,933000,1000.0,0.0,0.118608,933,-0.0181197
77.9285996108,-0.678396,0.0316221,2,0.994561844971,808.3268849849701,935000,1000.0,0.0,0.0651188,935,-0.0126247
77.9482903787,-0.68123,0.0202522,2,0.993551915046,810.092570066452,937000,1000.0,0.0,0.0827384,937,-0.01656
77.9921593243,-0.669919,0.0280627,3,0.991872500628,811.8425636291504,940000,1000.0,0.0,0.136814,940,-0.0139288
78.0736567349,-0.663218,0.037233,2,0.993254594039,813.6105692386627,942000,1000.0,0.0,0.0775709,942,-0.0165726
78.1378525746,-0.666521,0.0254391,2,0.994666224811,815.3586733341217,944000,1000.0,0.0,0.0695364,944,-0.0169705
78.1635535906,-0.663605,0.0259459,2,0.984709260054,817.1246702671051,946000,1000.0,0.0,0.119586,946,-0.0188044
78.237852415,-0.690809,0.0348851,2,0.993633336388,818.9203205108643,948000,1000.0,0.0,0.0613251,948,-0.018337
78.3087834463,-0.66917,0.0392454,2,0.993921734393,820.686952829361,950000,1000.0,0.0,0.0794815,950,-0.011429
78.3890888679,-0.648616,0.0210236,2,0.996641784674,822.466902256012,952000,1000.0,0.0,0.0375734,952,-0.0253682
78.5111025133,-0.623226,0.05233,2,0.995007385034,824.2332317829132,954000,1000.0,0.0,0.0706448,954,-0.00578077
78.5467210322,-0.610469,0.016188,2,0.993993813172,825.9988815784454,956000,1000.0,0.0,0.0869849,956,-0.0173506
78.5894274843,-0.636072,0.0164594,2,0.99583915947,827.7641303539276,958000,1000.0,0.0,0.0617944,958,-0.0205661
78.6296909534,-0.676361,0.0304996,2,0.995817156043,829.5151891708374,960000,1000.0,0.0,0.0509828,960,-0.00799528
78.7116228561,-0.660536,0.0262567,2,0.995112589095,831.295923948288,962000,1000.0,0.0,0.058292,962,-0.0241816
78.7836541244,-0.660675,0.0199732,2,0.995968779083,833.0458950996399,964000,1000.0,0.0,0.0556112,964,-0.0116039
78.7932010053,-0.624937,0.0385292,2,0.994745058008,834.8114409446716,966000,1000.0,0.0,0.0723523,966,-0.0162358
78.8164153625,-0.639133,0.0231229,2,0.99542024266,836.5772256851196,968000,1000.0,0.0,0.0565822,968,-0.0204278
78.842133982,-0.65314,0.0281475,2,0.995848288294,838.3426287174225,970000,1000.0,0.0,0.0523499,970,-0.0158884
78.8912411673,-0.671949,0.0376537,2,0.995875666384,840.0933680534363,972000,1000.0,0.0,0.0600242,972,-0.0148817
78.9228118444,-0.666058,0.0327496,2,0.995785776526,841.8589925765991,974000,1000.0,0.0,0.0560361,974,-0.0122577
78.9304721347,-0.686486,0.0364097,2,0.994960308075,843.624502658844,976000,1000.0,0.0,0.071755,976,-0.0134214
78.9974087541,-0.689764,0.0149281,2,0.996530328179,845.3738894462585,978000,1000.0,0.0,0.044199,978,-0.013824
78.9551728196,-0.686375,0.0259105,2,0.993714350741,847.1395967006683,980000,1000.0,0.0,0.0800055,980,-0.0130632
79.005554765,-0.6744,0.0298951,3,0.995328865014,848.8896110057831,983000,1000.0,0.0,0.0918247,983,-0.0154689
78.9717564685,-0.703208,0.0225817,2,0.99521769397,850.6860609054565,985000,1000.0,0.0,0.0724712,985,-0.0202387
78.976923732,-0.689408,0.0266335,2,0.995744038839,852.4360909461975,987000,1000.0,0.0,0.0548991,987,-0.0197884
78.9998203834,-0.712968,0.0148022,2,0.997397121741,854.2021570205688,989000,1000.0,0.0,0.0369726,989,-0.0170425
79.0585978886,-0.709696,0.0277505,2,0.996171926381,855.952173948288,991000,1000.0,0.0,0.0539597,991,-0.0206128
79.0476227136,-0.716794,0.0319131,2,0.995479723904,857.732474565506,993000,1000.0,0.0,0.0549996,993,-0.0167605
79.0130147494,-0.699465,0.0347147,2,0.994975819252,859.4996709823608,995000,1000.0,0.0,0.0638274,995,-0.0143336
79.0275643324,-0.724845,0.041712,2,0.996814262355,861.2798931598663,997000,1000.0,0.0,0.0382965,997,-0.0142223
79.0384500318,-0.74785,0.0344102,2,0.997396623716,863.0302622318268,999000,1000.0,0.0,0.0373412,999,-0.00813568
78.9875416551,-0.737086,0.0273113,2,0.991823922843,864.7959771156311,1001000,1000.0,0.0,0.113775,1001,-0.01749
