EpRewMean,EpThisIter,ev_tdlam_before,loss_kl,loss_pol_surr,loss_pol_entpen,TimestepsSoFar,loss_vf_loss,EpisodesSoFar,loss_ent,EpLenMean,TimeElapsed
7.8,265,-0.00165891647339,0.02109,-0.040221,0.0,2048,5.21571,265,1.36859,7.8,1.9661688804626465
9.69,203,0.125440239906,0.0279767,-0.0433504,0.0,4095,13.0924,468,1.30105,9.69,3.625910520553589
16.91,127,0.221243143082,0.0183712,-0.041662,0.0,6144,21.804,595,1.24755,16.91,5.274662733078003
24.89,69,0.27108246088,0.013589,-0.0293754,0.0,8145,32.3464,664,1.19829,24.89,6.914277791976929
34.82,49,0.422293007374,0.0129603,-0.0288638,0.0,10223,32.227,713,1.14973,34.82,8.539309978485107
47.83,29,0.569797903299,0.010073,-0.0216812,0.0,12217,28.8614,742,1.11401,47.83,10.157037019729614
63.68,16,0.773899570107,0.0131185,-0.0217224,0.0,14302,13.9581,758,1.10405,63.68,11.765264511108398
80.82,8,0.680879294872,0.00685912,-0.0160908,0.0,16369,23.1966,766,1.10055,80.82,13.390259504318237
98.32,5,0.29611313343,0.00834204,-0.0120017,0.0,18318,43.5661,771,1.05558,98.32,14.984004735946655
116.43,3,0.0943182110786,0.00576892,-0.00933442,0.0,20257,35.7704,774,1.05566,116.43,16.608999490737915
136.96,3,0.0032559633255,0.00532335,-0.00577575,0.0,22486,49.3225,777,1.06244,136.96,18.202744960784912
156.21,4,0.578625053167,0.00334803,-0.00716393,0.0,24513,24.2572,781,1.07409,156.21,19.827739477157593
174.85,2,-0.00918626785278,0.00278461,-0.00251044,0.0,26513,42.7889,783,1.07733,174.85,21.437111854553223
194.09,3,0.321334838867,0.00272572,-0.00591868,0.0,28514,31.3709,786,1.06995,194.09,23.06210684776306
214.54,3,0.579019010067,0.0059866,-0.00605382,0.0,30638,29.7999,789,1.06455,214.54,24.65585160255432
226.22,2,0.706126928329,0.00377084,-0.00682512,0.0,31954,32.6208,791,1.0505,226.22,26.287145137786865
253.62,3,0.0110242962837,0.00745684,-0.00500063,0.0,34783,72.0534,794,1.05959,253.62,27.883544921875
272.92,2,-0.0104643106461,0.00315008,-0.00333834,0.0,36783,57.5711,796,1.04062,272.92,29.500584840774536
291.84,2,-0.00713396072388,0.00633698,-0.00717936,0.0,38783,59.6408,798,1.03814,291.84,31.105566024780273
310.98,2,-0.004598736763,0.00512615,-0.0038261,0.0,40783,61.2163,800,1.02799,310.98,32.71877336502075
328.74,4,0.0263510346413,0.00547443,-0.0107019,0.0,42743,74.8031,804,1.0202,328.74,34.34376907348633
345.05,2,0.165460586548,0.00440848,-0.00743151,0.0,44477,47.7071,806,1.01499,345.05,35.948097705841064
364.29,2,-0.0257716178894,0.00862959,-0.00527035,0.0,46477,64.8765,808,1.03097,364.29,37.56220245361328
383.56,2,0.0592270493507,0.00686008,-0.00609642,0.0,48477,64.5295,810,1.02407,383.56,39.171571493148804
402.87,2,-0.00157392024994,0.00360445,-0.00185672,0.0,50477,65.9848,812,1.0178,402.87,40.78094244003296
422.34,2,-0.00913739204407,0.0143766,-0.00821763,0.0,52477,66.2203,814,1.03015,422.34,42.3903124332428
441.06,2,-0.00665760040283,0.0047164,-0.00461333,0.0,54477,66.5678,816,1.04548,441.06,43.99968147277832
458.94,2,-0.00331497192383,0.00471215,-0.00489763,0.0,56477,66.9798,818,1.07954,458.94,45.60905313491821
477.87,2,-0.0149308443069,0.00982618,-0.00768317,0.0,58477,67.0917,820,1.07419,477.87,47.22970533370972
497.18,2,-0.00122332572937,0.00623138,-0.00481436,0.0,60477,67.409,822,1.08528,497.18,48.827823638916016
521.39,4,0.00731039047241,0.00458998,-0.00808229,0.0,63259,117.221,826,1.09611,521.39,50.437559843063354
541.77,3,0.288508594036,0.00359072,-0.00707174,0.0,65478,60.9438,829,1.08527,541.77,52.06255483627319
552.55,2,0.0703136324883,0.00314031,-0.00690745,0.0,66708,55.9449,831,1.07835,552.55,53.67192530632019
571.81,2,0.0963600873947,0.00451388,-0.00657704,0.0,68708,53.0283,833,1.04939,571.81,55.284807443618774
590.04,2,0.0816572904587,0.00681259,-0.00920538,0.0,70708,42.1604,835,1.05237,590.04,56.8943886756897
617.71,3,-0.00460636615753,0.00658197,-0.00344785,0.0,73708,101.712,838,1.05826,617.71,58.5156786441803
635.48,2,-0.0089989900589,0.0076538,-0.00374954,0.0,75708,68.4843,840,1.0754,635.48,60.12505030632019
654.91,2,-0.0158720016479,0.00879719,-0.0043218,0.0,77708,68.4335,842,1.08715,654.91,61.76567053794861
673.21,2,-0.0180921554565,0.00640705,-0.00474917,0.0,79708,67.9216,844,1.08784,673.21,63.37504029273987
689.41,2,0.0103880167007,0.00947998,-0.0059141,0.0,81708,63.332,846,1.08053,689.41,64.98440885543823
699.91,2,0.650065839291,0.0159901,-0.0132736,0.0,83066,35.9537,848,1.08966,699.91,66.5937807559967
717.59,2,0.00199908018112,0.00543324,-0.00767683,0.0,85066,68.429,850,1.07801,717.59,68.21877574920654
734.31,2,-0.00273525714874,0.0105353,-0.00655894,0.0,87066,68.7685,852,1.04794,734.31,69.82814574241638
760.62,3,-0.000356078147888,0.0122168,-0.00389329,0.0,90066,76.2513,855,1.03569,760.62,71.43827891349792
778.73,2,-0.00178205966949,0.0114075,-0.00458297,0.0,92066,68.6498,857,1.03102,778.73,73.0633909702301
795.51,3,0.00963723659515,0.00692965,-0.00661904,0.0,94104,94.1119,860,1.01612,795.51,74.687579870224
812.13,2,-0.0093195438385,0.0160726,-0.00808487,0.0,96104,67.9352,862,1.02284,812.13,76.2969491481781
822.68,2,-0.00379264354706,0.00990666,-0.00463819,0.0,98104,68.1015,864,1.03439,822.68,77.92194724082947
837.35,2,-0.000482082366943,0.00264251,-0.0028232,0.0,100104,68.2194,866,1.0338,837.35,79.5322778224945
846.11,3,0.557503283024,0.00864279,-0.00953355,0.0,102382,63.5806,869,1.00669,846.11,81.1497597694397
860.64,2,-0.00551688671112,0.0072963,-0.00294306,0.0,104382,68.5005,871,1.02748,860.64,82.75811219215393
862.18,2,-0.025314450264,0.00665565,-0.00549838,0.0,106382,68.5396,873,1.01542,862.18,84.37698912620544
871.25,2,-0.00525331497192,0.0132126,-0.0035523,0.0,108382,68.3589,875,1.02408,871.25,85.98878979682922
878.96,2,-0.00258588790894,0.00621301,-0.00221023,0.0,110382,68.4059,877,1.03542,878.96,87.60627341270447
892.8,2,0.228266358376,0.00358609,-0.0061211,0.0,112168,38.4327,879,1.04826,892.8,89.22584295272827
894.78,2,0.753507986665,0.00533464,-0.0044776,0.0,113991,37.7075,881,1.06097,894.78,90.8360800743103
879.81,5,0.82627697289,0.00789534,-0.0146712,0.0,116495,45.4632,886,1.06477,879.81,92.45304131507874
877.66,3,0.417587518692,0.0110969,-0.0111504,0.0,118404,44.7154,889,1.08396,877.66,94.0624098777771
884.5,2,-0.0134433507919,0.00268206,-0.00210562,0.0,120404,71.1581,891,1.09034,884.5,95.6874041557312
882.72,2,0.831304088235,0.0109591,-0.0106044,0.0,122055,41.5835,893,1.08691,882.72,97.31240034103394
882.72,2,-0.0160986185074,0.00330132,-0.00402706,0.0,124055,70.5497,895,1.08246,882.72,98.92176961898804
882.72,2,0.0167360901833,0.00905283,-0.009525,0.0,126055,63.8044,897,1.09971,882.72,100.53114056587219
882.72,2,0.0169697999954,0.0120848,-0.00899513,0.0,128055,68.8696,899,1.08057,882.72,102.15613532066345
894.74,3,-0.00391495227814,0.0088902,-0.00642718,0.0,131055,103.617,902,1.06755,894.74,103.74988102912903
903.12,2,-0.0384546518326,0.00345417,-0.00502105,0.0,133055,60.7515,904,1.06967,903.12,105.37085294723511
905.78,2,-0.0401502847672,0.00553313,-0.00419377,0.0,135055,70.18,906,1.06963,905.78,106.9804139137268
905.78,2,0.0164268016815,0.00871513,-0.00504828,0.0,137055,60.1395,908,1.06383,905.78,108.60443019866943
905.78,2,-0.0387833118439,0.00513569,-0.00509303,0.0,139055,72.1346,910,1.05834,905.78,110.21577262878418
905.78,2,-0.0180947780609,0.00737755,-0.00447821,0.0,141055,69.8285,912,1.06806,905.78,111.82909750938416
905.78,2,-0.00215983390808,0.00361025,-0.00328265,0.0,143055,69.4152,914,1.05944,905.78,113.43737864494324
905.78,2,-0.000836610794067,0.00534422,-0.0037494,0.0,145055,69.2793,916,1.08538,905.78,115.05599164962769
905.78,2,-0.00109350681305,0.00533681,-0.00213968,0.0,147055,69.284,918,1.08918,905.78,116.67227244377136
905.78,2,-0.000395894050598,0.00732756,-0.00526417,0.0,149055,69.1112,920,1.07562,905.78,118.28973388671875
905.78,2,-0.0459339618683,0.00556868,-0.00618746,0.0,151055,67.8809,922,1.06293,905.78,119.91105461120605
912.32,2,-0.00704658031464,0.00353417,-0.002219,0.0,153055,68.314,924,1.06482,912.32,121.51544952392578
917.96,2,-0.0136300325394,0.00207021,-0.00267902,0.0,155055,68.6601,926,1.06836,917.96,123.12481927871704
925.77,2,-0.00352966785431,0.00710455,-0.00516834,0.0,157055,68.6193,928,1.0561,925.77,124.7341902256012
930.85,2,8.06450843811e-05,0.00895954,-0.0064752,0.0,159055,68.6339,930,1.05043,930.85,126.3435595035553
933.47,2,-0.00220656394958,0.00982358,-0.00570596,0.0,161055,68.6165,932,1.0519,933.47,127.96855545043945
933.47,2,-0.00130724906921,0.00714809,-0.00333982,0.0,163055,68.6133,934,1.07204,933.47,129.56230092048645
933.47,2,-0.000716924667358,0.0130578,-0.00770986,0.0,165055,68.4633,936,1.02874,933.47,131.1716706752777
933.47,2,-0.00390017032623,0.0103964,-0.00801892,0.0,167055,68.4473,938,1.02971,933.47,132.78103971481323
932.44,3,0.00254666805267,0.00907628,-0.00743716,0.0,169952,80.4141,941,1.0374,932.44,134.4060356616974
930.44,2,-0.0615584850311,0.0042813,-0.00744187,0.0,171752,48.0627,943,1.02571,930.44,136.01540613174438
923.9,2,0.586439490318,0.00760362,-0.00905334,0.0,173098,34.8227,945,1.01749,923.9,137.64040088653564
930.32,3,-0.046373963356,0.00983315,-0.00869386,0.0,176098,97.8088,948,1.0226,930.32,139.23414635658264
930.32,2,-0.0122324228287,0.00850889,-0.00768105,0.0,178098,68.6457,950,0.994713,930.32,140.86813473701477
930.32,2,-0.0117573738098,0.00509005,-0.00527626,0.0,180098,68.3763,952,0.995863,930.32,142.46931076049805
918.72,3,0.496689796448,0.00587111,-0.0137481,0.0,181938,52.0473,955,0.993723,918.72,144.0952432155609
918.72,2,0.0113691091537,0.00423355,-0.00259346,0.0,183938,68.2276,957,0.988543,918.72,145.7042534351349
928.34,2,-0.0446029901505,0.00805913,-0.00772178,0.0,185938,68.3623,959,0.95783,928.34,147.3207392692566
928.34,2,-0.0194491147995,0.0070024,-0.00511975,0.0,187938,68.3723,961,0.938072,928.34,148.97751665115356
928.34,2,-0.00609171390533,0.0085144,-0.00467093,0.0,189938,68.384,963,0.960241,928.34,150.58682918548584
928.34,2,0.0238391160965,0.00841458,-0.00596214,0.0,191938,66.3302,965,0.944818,928.34,152.20550346374512
928.34,2,-0.00496709346771,0.00341452,-0.00393852,0.0,193938,68.4458,967,0.944836,928.34,153.82956957817078
935.56,2,-0.00358915328979,0.00951575,-0.00607643,0.0,195938,68.3896,969,0.94278,935.56,155.45364832878113
935.56,2,-0.00751662254333,0.00386932,-0.00420844,0.0,197938,68.3657,971,0.967138,935.56,157.07115864753723
935.56,2,-0.00508415699005,0.00563614,-0.00457285,0.0,199938,68.2803,973,0.970812,935.56,158.6807222366333
935.56,2,-0.0014261007309,0.00685913,-0.00393958,0.0,201938,68.3327,975,0.968262,935.56,160.29659414291382
935.56,2,-0.00305211544037,0.00917827,-0.00532927,0.0,203938,68.3441,977,0.948103,935.56,161.90596532821655
932.24,3,0.211212933064,0.00550705,-0.00763349,0.0,206392,63.8898,980,0.949015,932.24,163.51533389091492
935.19,2,-0.045881986618,0.00698393,-0.00710557,0.0,208392,68.6059,982,0.960762,935.19,165.14032864570618
941.79,2,-0.00296628475189,0.00678582,-0.00625722,0.0,210392,68.2532,984,0.96612,941.79,166.76532411575317
958.97,2,0.0393154025078,0.00935281,-0.0090575,0.0,212392,58.5721,986,0.963054,958.97,168.37469363212585
966.42,2,-0.0168089866638,0.0152046,-0.00722746,0.0,214392,68.4084,988,0.949402,966.42,169.98406386375427
969.88,2,-0.0730408430099,0.0125436,-0.0135741,0.0,216392,71.3254,990,0.896444,969.88,171.59343671798706
973.37,2,-0.0382078886032,0.0134618,-0.00380665,0.0,218392,67.1783,992,0.873759,973.37,173.21843099594116
973.37,2,0.00838834047318,0.007856,-0.00824334,0.0,220392,59.8118,994,0.881062,973.37,174.83938670158386
973.37,2,-0.0108622312546,0.00381898,-0.00281301,0.0,222392,67.754,996,0.885139,973.37,176.4573049545288
973.37,2,0.017566382885,0.00399495,-0.00395644,0.0,224392,66.6663,998,0.863163,973.37,178.08713102340698
973.37,2,-0.0043842792511,0.0037796,-0.00343627,0.0,226392,67.6175,1000,0.873049,973.37,179.71250319480896
973.37,2,-0.0081512928009,0.0114123,-0.00436631,0.0,228392,68.3601,1002,0.895504,973.37,181.35538792610168
973.37,3,-0.00919771194458,0.00673645,-0.00476938,0.0,231392,97.174,1005,0.906252,973.37,182.9812080860138
973.37,2,-0.00353240966797,0.00505349,-0.0028935,0.0,233392,67.8465,1007,0.930916,973.37,184.5857605934143
973.37,2,-0.00788187980652,0.0048853,-0.00348854,0.0,235392,67.8777,1009,0.934938,973.37,186.22024846076965
967.47,2,0.226364314556,0.00813561,-0.00972399,0.0,236802,53.3576,1011,0.933601,967.47,187.8278021812439
965.34,3,0.0492475628853,0.00982069,-0.00560276,0.0,239589,81.7418,1014,0.919201,965.34,189.43717193603516
965.34,2,0.0339881181717,0.00417966,-0.00539481,0.0,241589,66.2831,1016,0.930483,965.34,191.06496500968933
965.34,2,-0.0134344100952,0.00419731,-0.00289012,0.0,243589,69.2132,1018,0.921227,965.34,192.6736295223236
965.34,2,-0.0141664743423,0.00604023,-0.00544745,0.0,245589,68.5281,1020,0.927462,965.34,194.27639055252075
965.34,2,-0.0210388898849,0.00745528,-0.00662285,0.0,247589,58.0677,1022,0.915332,965.34,195.88712978363037
965.34,2,-0.00755739212036,0.00736556,-0.00496636,0.0,249589,69.4266,1024,0.909197,965.34,197.50355458259583
965.34,2,0.00122201442719,0.00563737,-0.00529005,0.0,251589,69.1342,1026,0.90937,965.34,199.11317491531372
965.34,2,0.00315821170807,0.00896205,-0.0068449,0.0,253589,70.3888,1028,0.911571,965.34,200.73956060409546
965.34,2,-0.00186562538147,0.00730004,-0.00482197,0.0,255589,68.7956,1030,0.916327,965.34,202.34379243850708
965.34,2,0.00094747543335,0.00653749,-0.00678309,0.0,257589,68.555,1032,0.935326,965.34,203.96878695487976
965.34,2,-0.000813245773315,0.00418132,-0.00447572,0.0,259589,68.74,1034,0.940437,965.34,205.5781581401825
965.34,2,-0.00060510635376,0.00606357,-0.00365651,0.0,261589,68.7069,1036,0.965259,965.34,207.18752717971802
965.34,2,-0.000192880630493,0.00755491,-0.00627061,0.0,263589,68.4789,1038,0.965772,965.34,208.81252360343933
966.37,2,0.00333815813065,0.00443543,-0.00445161,0.0,265589,65.3711,1040,0.956335,966.37,210.437570810318
966.37,2,-0.0143448114395,0.00373968,-0.00429097,0.0,267589,69.2429,1042,0.948906,966.37,212.06256556510925
974.91,2,0.00760155916214,0.0111584,-0.00657414,0.0,269589,64.349,1044,0.971525,974.91,213.67200446128845
974.91,2,0.0179638266563,0.00755428,-0.00418168,0.0,271589,65.5022,1046,0.971018,974.91,215.28853297233582
974.91,2,-0.0145622491837,0.00780944,-0.00768964,0.0,273589,69.3135,1048,0.991375,974.91,216.8998520374298
974.91,2,0.0467137098312,0.00974638,-0.00764132,0.0,275589,66.5432,1050,0.999941,974.91,218.50102305412292
974.91,2,-0.0165306329727,0.00637203,-0.00734451,0.0,277589,69.7692,1052,0.987944,974.91,220.10931587219238
986.51,2,0.0146847367287,0.00325051,-0.00284,0.0,279589,67.145,1054,0.993189,986.51,221.7186861038208
986.51,3,0.00347489118576,0.00752461,-0.00869393,0.0,282589,50.0825,1057,1.00416,986.51,223.32691860198975
986.51,2,-0.0360966920853,0.00446729,-0.00550912,0.0,284589,70.4688,1059,1.00466,986.51,224.95974040031433
986.51,2,-0.0174844264984,0.00798971,-0.00351896,0.0,286589,70.031,1061,1.00975,986.51,226.55637073516846
986.51,2,-0.0473309755325,0.00583872,-0.00575055,0.0,288589,68.7466,1063,1.01595,986.51,228.18881797790527
986.51,2,0.0131669640541,0.00677881,-0.00808678,0.0,290589,67.8907,1065,1.01136,986.51,229.79699754714966
986.51,2,-0.0083315372467,0.00871194,-0.00809545,0.0,292589,68.9741,1067,1.00068,986.51,231.41782093048096
986.51,2,-0.00491964817047,0.00528457,-0.00481015,0.0,294589,68.9022,1069,0.999943,986.51,233.02485918998718
986.51,2,-0.00346601009369,0.00436663,-0.00337522,0.0,296589,68.73,1071,1.00573,986.51,234.618554353714
986.51,2,0.0279858112335,0.00896764,-0.00639637,0.0,298589,58.5458,1073,1.02516,986.51,236.24354791641235
986.51,2,-0.0127742290497,0.00629658,-0.00872972,0.0,300589,68.5072,1075,1.00091,986.51,237.85584902763367
986.51,2,0.00267869234085,0.00527265,-0.00532918,0.0,302589,66.5397,1077,1.02031,986.51,239.4722762107849
991.97,2,0.00198048353195,0.00352577,-0.00272269,0.0,304589,68.4022,1079,1.02546,991.97,241.08290553092957
991.97,2,0.00616014003754,0.0113818,-0.00904891,0.0,306589,62.8022,1081,1.02162,991.97,242.71388244628906
991.97,2,-0.0355033874512,0.00597067,-0.00502818,0.0,308589,68.695,1083,1.01969,991.97,244.32778477668762
991.97,2,-0.00365149974823,0.00536563,-0.00436819,0.0,310589,68.8338,1085,1.02378,991.97,245.94612169265747
991.97,2,0.00623935461044,0.0108321,-0.00719919,0.0,312589,68.0693,1087,1.02304,991.97,247.55569911003113
991.97,2,0.00801795721054,0.00552257,-0.00586164,0.0,314589,65.8888,1089,1.03126,991.97,249.20290899276733
991.97,2,-0.00398588180542,0.00821066,-0.00523908,0.0,316589,69.1772,1091,1.00718,991.97,250.81227946281433
991.97,2,-0.0229104757309,0.00833954,-0.00570466,0.0,318589,68.4559,1093,0.996466,991.97,252.42164874076843
991.97,2,-0.00159215927124,0.00991985,-0.00734057,0.0,320589,68.4006,1095,0.971017,991.97,254.0310184955597
991.97,2,-0.00773894786835,0.00570911,-0.00555669,0.0,322589,68.0986,1097,0.979536,991.97,255.65601444244385
991.97,3,0.0394831299782,0.00770671,-0.00812048,0.0,325589,84.0153,1100,0.968104,991.97,257.26538491249084
991.97,2,0.0356768369675,0.00591941,-0.00659761,0.0,327589,50.133,1102,0.940292,991.97,258.87475514411926
991.97,2,0.049976348877,0.00363927,-0.00426167,0.0,329589,71.4907,1104,0.931271,991.97,260.48412561416626
991.97,2,-0.00545382499695,0.00511918,-0.00329675,0.0,331589,67.5844,1106,0.944731,991.97,262.09349489212036
991.97,2,-0.00164556503296,0.00551443,-0.00200254,0.0,333589,68.4754,1108,0.956627,991.97,263.712961435318
997.87,2,0.00812435150146,0.0058353,-0.00594504,0.0,335589,68.8352,1110,0.957165,997.87,265.31659960746765
1000.0,2,0.03129529953,0.0138523,-0.00787525,0.0,337589,68.1105,1112,0.974155,1000.0,266.92718625068665
1000.0,2,0.0217739343643,0.00584755,-0.00454874,0.0,339589,68.4753,1114,0.973401,1000.0,268.5394403934479
1000.0,2,-0.00477969646454,0.00245964,-0.00177353,0.0,341589,70.1267,1116,0.978879,1000.0,270.1571464538574
1000.0,2,-0.00967705249786,0.012961,-0.00898626,0.0,343589,67.9366,1118,0.969821,1000.0,271.76659202575684
1000.0,2,-0.0159095525742,0.0178707,-0.00397747,0.0,345589,68.5253,1120,0.955243,1000.0,273.38405323028564
1000.0,2,0.00259059667587,0.00725982,-0.0053811,0.0,347589,68.1829,1122,0.972414,1000.0,275.0089292526245
1000.0,2,0.00283467769623,0.00874961,-0.00598311,0.0,349589,68.8604,1124,0.980806,1000.0,276.62709975242615
1000.0,2,0.022675216198,0.0233188,-0.00578688,0.0,351589,68.0767,1126,0.978381,1000.0,278.2279431819916
1000.0,2,-0.0148352384567,0.00411985,-0.00486042,0.0,353589,69.1779,1128,0.978954,1000.0,279.8548250198364
1000.0,2,-0.00457203388214,0.0070876,-0.00419466,0.0,355589,69.345,1130,0.960976,1000.0,281.453191280365
1000.0,2,-0.00340163707733,0.00567578,-0.00413213,0.0,357589,69.2188,1132,0.963278,1000.0,283.0647351741791
1000.0,2,-0.00426435470581,0.00535768,-0.00354092,0.0,359589,69.0384,1134,0.980654,1000.0,284.6945888996124
1000.0,2,-0.0017671585083,0.00484623,-0.00590133,0.0,361589,68.8222,1136,0.974975,1000.0,286.2976770401001
1000.0,2,0.000395715236664,0.00645325,-0.00605133,0.0,363589,68.8221,1138,0.953075,1000.0,287.9535255432129
1000.0,3,-0.00555539131165,0.00732075,-0.00625842,0.0,366589,101.143,1141,0.953661,1000.0,289.5473053455353
1000.0,2,-0.00229167938232,0.00792093,-0.00507657,0.0,368589,67.7714,1143,0.967861,1000.0,291.18044543266296
1000.0,2,-0.00171649456024,0.010373,-0.00450796,0.0,370589,67.8072,1145,0.991185,1000.0,292.7887969017029
1000.0,2,-0.00480675697327,0.00648568,-0.0047697,0.0,372589,67.9256,1147,0.986345,1000.0,294.4066400527954
1000.0,2,-0.00178492069244,0.00969081,-0.00539039,0.0,374589,68.0004,1149,1.01007,1000.0,296.0165741443634
1000.0,2,-0.000908613204956,0.00931019,-0.00476198,0.0,376589,68.0635,1151,1.01592,1000.0,297.62473368644714
1000.0,2,-0.000394225120544,0.00378847,-0.0030677,0.0,378589,68.2076,1153,1.03552,1000.0,299.2319235801697
1000.0,2,-0.000653505325317,0.0053189,-0.00549916,0.0,380589,68.2507,1155,1.02602,1000.0,300.84586572647095
1000.0,2,-0.000400185585022,0.0090669,-0.00426245,0.0,382589,67.1788,1157,1.02021,1000.0,302.4543640613556
1000.0,2,-0.00645017623901,0.00856804,-0.00440891,0.0,384589,68.3256,1159,1.01642,1000.0,304.0718472003937
1000.0,2,0.000490725040436,0.00548305,-0.00577683,0.0,386589,68.2017,1161,1.02126,1000.0,305.6804585456848
1000.0,2,-0.00203168392181,0.00481957,-0.00712545,0.0,388589,68.4701,1163,1.03243,1000.0,307.28183102607727
1000.0,2,-0.000279307365417,0.00945631,-0.00638445,0.0,390589,68.5052,1165,1.04842,1000.0,308.89152908325195
1000.0,2,9.2625617981e-05,0.00494335,-0.00482934,0.0,392589,68.4864,1167,1.03811,1000.0,310.49997663497925
1000.0,2,-0.000363230705261,0.00783357,-0.00474578,0.0,394589,68.5601,1169,1.03021,1000.0,312.12497329711914
1000.0,2,-0.000318884849548,0.00416597,-0.00287536,0.0,396589,68.5663,1171,1.03136,1000.0,313.73434138298035
1000.0,2,0.00022828578949,0.00810945,-0.00626848,0.0,398589,68.3381,1173,1.0456,1000.0,315.36114478111267
992.35,3,0.0436850190163,0.00492046,-0.00910083,0.0,400824,70.4628,1176,1.02319,992.35,316.9686279296875
992.35,2,-0.0073014497757,0.0057185,-0.00351073,0.0,402824,68.2988,1178,1.03349,992.35,318.5936224460602
992.35,2,-0.0879333019257,0.00770874,-0.00798769,0.0,404824,69.136,1180,1.0413,992.35,320.2029936313629
989.85,2,0.0196177959442,0.00602445,-0.0104372,0.0,406574,26.3121,1182,1.02175,989.85,321.82798767089844
989.85,3,-0.0149660110474,0.00467082,-0.0063458,0.0,409574,101.532,1185,1.01723,989.85,323.43735814094543
989.85,2,0.000191390514374,0.00727961,-0.00535902,0.0,411574,68.4626,1187,1.01335,989.85,325.03110337257385
989.85,2,0.00324630737305,0.00710176,-0.00749254,0.0,413574,66.7846,1189,1.0138,989.85,326.65609884262085
989.85,2,0.0317412614822,0.00446824,-0.00450489,0.0,415574,62.4786,1191,1.03443,989.85,328.26547288894653
989.85,2,-0.0340485572815,0.00679359,-0.00755467,0.0,417574,69.788,1193,1.01957,989.85,329.8904640674591
986.55,2,0.00274497270584,0.0111917,-0.00994104,0.0,419244,64.3656,1195,1.02146,986.55,331.5009355545044
986.55,2,-0.00833177566528,0.00675608,-0.00406894,0.0,421244,68.4029,1197,1.02079,986.55,333.1107180118561
986.55,2,0.0287076830864,0.00452787,-0.00460389,0.0,423244,63.853,1199,1.03623,986.55,334.7290859222412
986.55,2,0.0255725383759,0.0084847,-0.0089303,0.0,425244,66.9465,1201,1.04594,986.55,336.34382939338684
986.55,2,-0.0139615535736,0.00618945,-0.00688619,0.0,427244,60.2397,1203,1.06349,986.55,337.9532015323639
986.55,2,0.0363066792488,0.011889,-0.00690532,0.0,429244,66.8948,1205,1.0466,986.55,339.578195810318
986.55,2,-0.0299791097641,0.00453443,-0.00279994,0.0,431244,68.2374,1207,1.06232,986.55,341.19570875167847
986.55,2,0.0355514287949,0.00566325,-0.00494754,0.0,433244,65.4558,1209,1.05306,986.55,342.8053982257843
986.55,2,-0.00979852676392,0.00439222,-0.00433818,0.0,435244,67.6658,1211,1.05775,986.55,344.4221124649048
986.55,3,-0.00898909568787,0.00748459,-0.00474742,0.0,438244,98.3769,1214,1.06275,986.55,346.0482189655304
986.55,2,-0.00189352035522,0.00575106,-0.00552463,0.0,440244,67.1678,1216,1.08736,986.55,347.65725016593933
974.11,3,0.681259930134,0.00711976,-0.0143669,0.0,442000,36.9218,1219,1.07194,974.11,349.27335143089294
974.11,2,-0.00188851356506,0.0054456,-0.00484542,0.0,444000,69.1874,1221,1.05263,974.11,350.88365054130554
974.11,2,-0.00785601139069,0.00746268,-0.00247728,0.0,446000,69.1459,1223,1.04793,974.11,352.5004241466522
970.55,2,0.652777850628,0.0054981,-0.00821692,0.0,447644,38.4719,1225,1.04211,970.55,354.11084723472595
965.45,3,0.61495873332,0.00839508,-0.00762109,0.0,450134,75.9339,1228,1.02961,965.45,355.71169424057007
965.45,2,0.152498960495,0.00688515,-0.00494844,0.0,452134,58.5468,1230,1.02627,965.45,357.34373211860657
965.45,2,-0.00528872013092,0.0183077,-0.00453257,0.0,454134,70.009,1232,1.0152,965.45,358.95310044288635
965.45,2,2.35438346863e-05,0.00613429,-0.00475811,0.0,456134,69.517,1234,1.00413,965.45,360.59315371513367
965.45,2,-0.0185567140579,0.00523608,-0.0101988,0.0,458134,69.3981,1236,1.0051,965.45,362.22741508483887
965.45,2,-0.000452160835266,0.00782225,-0.00682087,0.0,460134,68.8354,1238,0.987526,965.45,363.85251235961914
965.45,2,-0.00555658340454,0.00606252,-0.00632294,0.0,462134,68.7973,1240,0.974894,965.45,365.4686062335968
965.45,2,-0.00137603282928,0.00872583,-0.00812761,0.0,464134,68.768,1242,0.985895,965.45,367.0936002731323
965.45,2,-0.000661373138428,0.00677683,-0.00523512,0.0,466134,68.6866,1244,0.990898,965.45,368.71859645843506
965.45,2,-0.00059711933136,0.00769772,-0.00511586,0.0,468134,68.7118,1246,1.01089,965.45,370.32796812057495
961.05,3,0.491783738136,0.00845161,-0.00818509,0.0,470694,70.8595,1249,1.01086,961.05,371.9373366832733
960.16,2,0.824888184667,0.00858139,-0.00904973,0.0,472605,27.1797,1251,1.02232,960.16,373.5310814380646
960.16,2,0.139516949654,0.00602674,-0.00637481,0.0,474605,46.1333,1253,1.02136,960.16,375.1560757160187
960.16,2,-0.0135607719421,0.00568805,-0.0049377,0.0,476605,70.2898,1255,1.02099,960.16,376.76544547080994
960.16,2,0.01528018713,0.00487244,-0.0108071,0.0,478605,69.9615,1257,1.00618,960.16,378.3748154640198
960.16,2,-0.00131964683533,0.0050315,-0.00468667,0.0,480605,57.509,1259,1.01297,960.16,379.98418712615967
960.16,2,-0.00426149368286,0.0062213,-0.00536484,0.0,482605,69.1514,1261,1.01746,960.16,381.6101529598236
960.16,2,0.0373060703278,0.0027556,-0.00699311,0.0,484605,64.1528,1263,1.01472,960.16,383.2120156288147
960.16,2,0.109591603279,0.0122167,-0.00797486,0.0,486605,52.0215,1265,1.02586,960.16,384.8397636413574
960.16,2,0.030366897583,0.0122829,-0.00795387,0.0,488605,70.9991,1267,1.00864,960.16,386.44204592704773
960.16,2,-0.002406001091,0.0072019,-0.00799891,0.0,490605,67.1484,1269,0.995343,960.16,388.0670337677002
960.16,2,-0.023915886879,0.0144134,-0.00496426,0.0,492605,68.7766,1271,1.00006,960.16,389.67650508880615
960.16,3,-0.00224125385284,0.0047661,-0.00279168,0.0,495605,101.359,1274,0.981276,960.16,391.29397916793823
967.81,2,-0.0146255493164,0.00440672,-0.00440778,0.0,497605,67.4589,1276,0.973951,967.81,392.9135181903839
967.81,2,-0.00222647190094,0.00629913,-0.00359655,0.0,499605,67.804,1278,0.971624,967.81,394.5238959789276
967.81,2,-0.0035138130188,0.00672861,-0.0060398,0.0,501605,67.8855,1280,0.961495,967.81,396.1467173099518
970.31,2,-0.000412464141846,0.00887122,-0.0052371,0.0,503605,67.9861,1282,0.979378,970.31,397.76570415496826
970.31,2,0.011564552784,0.00584268,-0.00844482,0.0,505605,61.5054,1284,0.971992,970.31,399.39069962501526
970.31,2,-0.00915622711182,0.00429302,-0.00734306,0.0,507605,67.5975,1286,0.936272,970.31,401.00007224082947
970.31,2,-0.00811767578125,0.00522604,-0.00651235,0.0,509605,66.2887,1288,0.923149,970.31,402.6250650882721
970.31,2,-0.00435674190521,0.00395366,-0.00644996,0.0,511605,68.2556,1290,0.929119,970.31,404.2344341278076
970.31,2,0.0113391876221,0.00842054,-0.00659474,0.0,513605,67.1792,1292,0.922225,970.31,405.84380435943604
970.31,2,0.000160455703735,0.00681613,-0.00531023,0.0,515605,67.9649,1294,0.922949,970.31,407.4531741142273
973.61,2,-0.0309853553772,0.00972077,-0.00526724,0.0,517605,68.0714,1296,0.907565,973.61,409.07816982269287
973.61,2,-0.0020387172699,0.00548967,-0.00380015,0.0,519605,68.5648,1298,0.90736,973.61,410.6875400543213
973.61,2,3.5285949707e-05,0.00985956,-0.00829733,0.0,521605,68.5495,1300,0.908697,973.61,412.2969100475311
973.61,2,-0.000855922698975,0.00754556,-0.0045012,0.0,523605,68.5413,1302,0.917698,973.61,413.9062807559967
973.61,2,0.00144404172897,0.00893923,-0.00798906,0.0,525605,68.2209,1304,0.912155,973.61,415.51565074920654
973.61,2,0.00317603349686,0.00601084,-0.00640005,0.0,527605,67.8026,1306,0.927484,973.61,417.1406466960907
973.61,2,0.00511503219604,0.00750071,-0.00666779,0.0,529605,68.2988,1308,0.93494,973.61,418.7500162124634
973.61,2,-0.0107997655869,0.00666292,-0.00455962,0.0,531605,69.0051,1310,0.942511,973.61,420.3639624118805
973.61,2,-0.0102732181549,0.014462,-0.00840438,0.0,533605,68.5403,1312,0.958397,973.61,421.9675679206848
973.61,2,-0.00306236743927,0.0104693,-0.00368547,0.0,535605,68.7081,1314,0.963531,973.61,423.59424567222595
976.27,3,0.000450611114502,0.00385844,-0.00693147,0.0,538605,98.9272,1317,0.951509,976.27,425.19607853889465
986.05,2,-0.0497521162033,0.0102275,-0.0072352,0.0,540605,66.6405,1319,0.979353,986.05,426.8200135231018
986.05,2,0.000465989112854,0.00867954,-0.00901903,0.0,542605,66.1867,1321,0.985734,986.05,428.42266273498535
986.05,2,-0.0022999048233,0.00260722,-0.00373494,0.0,544605,67.4885,1323,0.980026,986.05,430.0153045654297
981.51,3,0.00261151790619,0.00602471,-0.00544415,0.0,546795,95.1807,1326,0.970528,981.51,431.6402976512909
986.61,2,-0.0193971395493,0.00473141,-0.00497943,0.0,548795,66.8228,1328,0.969767,986.61,433.24966835975647
986.61,2,0.000733733177185,0.00497172,-0.00465052,0.0,550795,66.7565,1330,0.975199,986.61,434.85903763771057
986.61,2,0.00111424922943,0.0105829,-0.00643669,0.0,552795,67.1197,1332,0.95747,986.61,436.46840953826904
986.61,2,-0.00457537174225,0.00916689,-0.00419987,0.0,554795,67.5325,1334,0.963066,986.61,438.0934040546417
986.61,2,-0.000231266021729,0.0072399,-0.00856493,0.0,556795,63.5275,1336,0.955141,986.61,439.70277285575867
986.61,2,-0.0247514247894,0.00775339,-0.00652731,0.0,558795,67.0082,1338,0.951235,986.61,441.31214427948
986.61,2,-0.00494873523712,0.0069358,-0.00357472,0.0,560795,68.0752,1340,0.958153,986.61,442.923775434494
986.61,2,-0.00402772426605,0.00274461,-0.00277564,0.0,562795,67.8405,1342,0.964162,986.61,444.54913854599
980.73,3,0.00475513935089,0.010873,-0.00979681,0.0,565207,77.1082,1345,0.960258,980.73,446.160671710968
980.73,2,-0.0307626724243,0.00598209,-0.00697506,0.0,567207,66.2604,1347,0.975046,980.73,447.769029378891
973.19,3,0.163195014,0.00819892,-0.0117125,0.0,569013,55.334,1350,0.979797,973.19,449.38551568984985
974.08,2,-0.00970757007599,0.00994173,-0.00681507,0.0,571013,66.2343,1352,0.987827,974.08,451.0105719566345
974.08,2,-0.0168205499649,0.00430081,-0.0048212,0.0,573013,69.011,1354,0.980772,974.08,452.61091804504395
974.08,2,-0.00232064723969,0.00733667,-0.00472427,0.0,575013,68.766,1356,0.993706,974.08,454.2319140434265
974.08,2,-0.0104053020477,0.00520242,-0.00343591,0.0,577013,68.5552,1358,0.992146,974.08,455.90682315826416
974.08,2,-0.0016918182373,0.00743422,-0.0032711,0.0,579013,68.569,1360,0.998274,974.08,457.51601672172546
974.08,2,-0.00169444084167,0.00568863,-0.0032539,0.0,581013,68.6432,1362,0.997417,974.08,459.11690402030945
974.08,2,-0.00661826133728,0.00762443,-0.0042255,0.0,583013,68.654,1364,1.00193,974.08,460.7417140007019
974.08,2,-0.00515699386597,0.00449905,-0.00605979,0.0,585013,67.341,1366,1.00232,974.08,462.34393978118896
974.08,2,-0.00978994369507,0.00929574,-0.00672651,0.0,587013,68.509,1368,0.99383,974.08,463.9534602165222
974.08,2,-0.00337100028992,0.01216,-0.00633093,0.0,589013,68.5073,1370,1.01735,974.08,465.579309463501
974.08,2,-0.00089168548584,0.0070018,-0.00362369,0.0,591013,68.534,1372,1.03622,974.08,467.1801652908325
974.08,2,-0.00376808643341,0.011121,-0.00711279,0.0,593013,68.4545,1374,1.03541,974.08,468.8060247898102
974.08,2,-0.000139832496643,0.00786677,-0.00517304,0.0,595013,68.5016,1376,1.04132,974.08,470.42284393310547
974.08,3,0.000767171382904,0.00660087,-0.00770931,0.0,598013,94.9912,1379,1.04455,974.08,472.04914236068726
974.08,2,-0.00114834308624,0.0049356,-0.00402979,0.0,600013,67.8094,1381,1.03115,974.08,473.6563301086426
974.08,2,0.00710988044739,0.00699975,-0.00718203,0.0,602013,67.1464,1383,1.0344,974.08,475.265700340271
974.08,2,-0.00541603565216,0.00684445,-0.00611905,0.0,604013,66.9919,1385,1.02108,974.08,476.8906943798065
974.08,2,-0.00993704795837,0.0162557,-0.00692324,0.0,606013,68.098,1387,1.02313,974.08,478.5008420944214
974.08,2,-8.01086425781e-05,0.00745398,-0.00753224,0.0,608013,67.4564,1389,1.02057,974.08,480.11735820770264
974.08,2,-0.0106061697006,0.0105906,-0.0046494,0.0,610013,68.2189,1391,1.02504,974.08,481.81519532203674
974.08,2,-0.00299477577209,0.00872406,-0.00722395,0.0,612013,68.1247,1393,1.0415,974.08,483.4843294620514
974.08,2,-0.00302886962891,0.00805186,-0.00887138,0.0,614013,66.0609,1395,1.07754,974.08,485.1254222393036
974.08,2,-0.00919365882874,0.0115165,-0.00802638,0.0,616013,68.5229,1397,1.1037,974.08,486.74500131607056
974.08,2,-0.000377297401428,0.0103056,-0.00943553,0.0,618013,68.6728,1399,1.10487,974.08,488.3437747955322
974.08,2,4.90546226501e-05,0.00536574,-0.00694674,0.0,620013,68.2327,1401,1.09011,974.08,489.9722375869751
974.08,2,-0.00529098510742,0.0062575,-0.00432275,0.0,622013,68.568,1403,1.10181,974.08,491.5784664154053
971.21,2,0.00541830062866,0.00415023,-0.00897387,0.0,623726,63.5185,1405,1.09534,971.21,493.19592547416687
971.21,2,-0.0149704217911,0.00581333,-0.0056327,0.0,625726,68.6308,1407,1.09307,971.21,494.81975412368774
971.21,3,-0.00422561168671,0.0129958,-0.00872687,0.0,628726,101.255,1410,1.09438,971.21,496.4381992816925
971.21,2,-0.00232005119324,0.00733909,-0.00610693,0.0,630726,67.8323,1412,1.08562,971.21,498.0630552768707
971.21,2,-0.00595021247864,0.00475948,-0.00589694,0.0,632726,67.8718,1414,1.09935,971.21,499.6578278541565
963.62,2,0.0166914463043,0.00478909,-0.00930148,0.0,633967,47.492,1416,1.08128,963.62,501.27531838417053
959.27,3,0.0580849647522,0.00569807,-0.00905729,0.0,636532,94.8209,1419,1.08338,959.27,502.88672971725464
959.27,2,-0.0901075601578,0.00273995,-0.00553278,0.0,638532,68.772,1421,1.08439,959.27,504.5008990764618
959.27,2,-0.00351738929749,0.00652254,-0.00699135,0.0,640532,67.9057,1423,1.05867,959.27,506.14038133621216
956.89,3,0.682498663664,0.00628412,-0.0101542,0.0,642484,39.8948,1426,1.04783,956.89,507.7653760910034
956.89,2,0.0400237441063,0.00722569,-0.00643697,0.0,644484,47.0567,1428,1.04895,956.89,509.3747477531433
953.51,3,0.506069868803,0.0104725,-0.0134124,0.0,647146,79.1447,1431,1.03209,953.51,510.984117269516
947.37,2,0.103403389454,0.00966823,-0.0107109,0.0,648532,57.5954,1433,1.01673,947.37,512.6091129779816
947.37,2,-0.0040899515152,0.00551241,-0.00802588,0.0,650532,68.2577,1435,0.99942,947.37,514.2184829711914
947.37,2,-0.0684916973114,0.00615107,-0.00661729,0.0,652532,71.3756,1437,0.988484,947.37,515.8292248249054
947.37,2,-0.00143373012543,0.00557599,-0.00604788,0.0,654532,68.9626,1439,0.972307,947.37,517.4541091918945
947.37,2,-0.0294617414474,0.00549795,-0.00913565,0.0,656532,68.5081,1441,0.962017,947.37,519.0872592926025
952.19,3,0.0136610269547,0.00903137,-0.0108845,0.0,659426,94.906,1444,0.95874,952.19,520.6960971355438
952.19,2,-0.0265421867371,0.00526371,-0.00394044,0.0,661426,67.4934,1446,0.983284,952.19,522.313948392868
957.04,2,-0.0227161645889,0.00580502,-0.0061864,0.0,663426,67.5944,1448,0.98283,957.04,523.9221856594086
964.13,2,0.000554442405701,0.00796334,-0.0093589,0.0,665426,67.4555,1450,0.959967,964.13,525.5311872959137
959.89,2,0.0749236941338,0.00631937,-0.011544,0.0,667002,53.7697,1452,0.959049,959.89,527.124932050705
959.89,2,-0.0172134637833,0.00728759,-0.00644726,0.0,669002,68.2931,1454,0.967989,959.89,528.7415702342987
959.56,2,0.595266014338,0.00863946,-0.00925978,0.0,670969,36.2375,1456,0.980967,959.56,530.361124753952
959.56,2,-0.0550459623337,0.0112951,-0.00866937,0.0,672969,68.9655,1458,0.976496,959.56,531.9725151062012
959.38,2,0.00528621673584,0.00647289,-0.00700967,0.0,674951,65.9153,1460,0.960899,959.38,533.5828156471252
959.38,2,-0.000510215759277,0.0127462,-0.00667892,0.0,676951,68.6445,1462,0.96489,959.38,535.1993000507355
959.38,2,0.000995337963104,0.0126335,-0.00884007,0.0,678951,68.4846,1464,0.968615,959.38,536.8164319992065
946.71,4,0.505494087934,0.00806581,-0.00960886,0.0,681684,71.2829,1468,0.987657,946.71,538.4377601146698
946.71,2,-0.0308438539505,0.0064601,-0.00529668,0.0,683684,68.6255,1470,0.997824,946.71,540.041745185852
946.64,2,0.100506544113,0.00868803,-0.01074,0.0,685677,51.5546,1472,0.995145,946.64,541.6513419151306
946.64,2,0.00206500291824,0.00626522,-0.00557943,0.0,687677,67.6294,1474,0.982843,946.64,543.2886962890625
946.64,2,-0.00659430027008,0.0110169,-0.00741397,0.0,689677,69.2646,1476,0.999804,946.64,544.8989100456238
946.64,2,-0.00860452651978,0.00634478,-0.00481409,0.0,691677,68.8524,1478,1.01309,946.64,546.5228543281555
946.64,2,0.00299072265625,0.012893,-0.0043648,0.0,693677,64.3684,1480,1.02892,946.64,548.1205480098724
946.64,2,-0.0010142326355,0.00819731,-0.00623853,0.0,695677,69.1517,1482,1.03698,946.64,549.7301232814789
946.64,2,-0.0132128000259,0.00424175,-0.00416616,0.0,697677,68.8137,1484,1.06064,946.64,551.3402256965637
946.64,2,-0.00642800331116,0.00899661,-0.00691217,0.0,699677,68.7373,1486,1.05958,946.64,552.9575350284576
946.64,2,-0.00250887870789,0.011359,-0.0114694,0.0,701677,68.62,1488,1.07484,946.64,554.5671157836914
946.64,2,-0.0060213804245,0.0083962,-0.00564549,0.0,703677,68.624,1490,1.07513,946.64,556.183599948883
946.64,2,-0.00300288200378,0.0104498,-0.00843477,0.0,705677,68.6105,1492,1.08394,946.64,557.7965703010559
942.03,3,0.0045725107193,0.0100378,-0.00992194,0.0,708216,89.3294,1495,1.07963,942.03,559.422196149826
942.03,2,-0.0061491727829,0.00491085,-0.00719333,0.0,710216,68.0155,1497,1.06817,942.03,561.0240497589111
941.85,2,0.064727306366,0.00565044,-0.00986536,0.0,712198,51.171,1499,1.06086,941.85,562.6322677135468
941.85,2,-0.166461467743,0.00486678,-0.00737772,0.0,714198,68.8755,1501,1.04835,941.85,564.2518067359924
941.77,2,0.168351888657,0.0088452,-0.0144443,0.0,716190,40.6722,1503,1.05435,941.77,565.8600232601166
944.64,2,-0.0604010820389,0.00769324,-0.00710927,0.0,718190,69.3367,1505,1.04601,944.64,567.4849390983582
944.64,2,-0.00234341621399,0.00811988,-0.00729952,0.0,720190,68.6112,1507,1.04811,944.64,569.0868074893951
937.12,3,0.0540637969971,0.0111377,-0.00967588,0.0,722438,93.2756,1510,1.01253,937.12,570.7118046283722
937.12,2,-0.09250831604,0.0100857,-0.00874576,0.0,724438,74.8038,1512,1.0131,937.12,572.3290946483612
937.12,2,-0.00732469558716,0.00841733,-0.00697651,0.0,726438,67.2969,1514,1.00103,937.12,573.9689290523529
944.71,2,0.00587028264999,0.00780201,-0.00801273,0.0,728438,65.922,1516,1.01698,944.71,575.5799996852875
949.06,2,-0.00873970985413,0.00640317,-0.00454276,0.0,730438,67.8013,1518,1.02061,949.06,577.1974902153015
949.06,2,0.00086522102356,0.0106351,-0.0100549,0.0,732438,66.8278,1520,1.01508,949.06,578.8123250007629
949.06,2,-0.0066157579422,0.00876211,-0.00595125,0.0,734438,68.0622,1522,1.0005,949.06,580.4216952323914
949.06,2,-0.00319039821625,0.00774871,-0.0118054,0.0,736438,65.7689,1524,1.00606,949.06,582.0466902256012
959.54,2,-0.013814330101,0.00317958,-0.00568419,0.0,738438,68.1838,1526,0.996714,959.54,583.6560604572296
959.54,2,-0.0204564332962,0.00798152,-0.00572304,0.0,740438,68.2022,1528,0.993755,959.54,585.2654304504395
962.92,2,-0.0061628818512,0.00997965,-0.00714382,0.0,742438,68.1936,1530,0.984633,962.92,586.874799489975
969.06,3,-0.00034761428833,0.0112369,-0.00905984,0.0,745438,95.698,1533,0.991866,969.06,588.4997959136963
969.06,2,0.00167512893677,0.0147162,-0.00967698,0.0,747438,67.4508,1535,0.995418,969.06,590.1091659069061
966.5,2,0.0913546681404,0.00690815,-0.0126385,0.0,749182,54.9642,1537,0.98654,966.5,591.7341606616974
966.5,2,-0.00256371498108,0.00648136,-0.0107493,0.0,751182,66.9359,1539,0.971655,966.5,593.343531370163
966.5,2,-0.0139044523239,0.00661293,-0.00837432,0.0,753182,68.9781,1541,0.965464,966.5,594.9597806930542
967.56,2,-0.00236630439758,0.00687029,-0.00703443,0.0,755182,68.8253,1543,0.953695,967.56,596.5710790157318
967.56,2,-0.0170764923096,0.0077815,-0.00618321,0.0,757182,68.6494,1545,0.953679,967.56,598.1875200271606
964.5,2,0.0118669271469,0.0100418,-0.0100783,0.0,758876,63.1858,1547,0.947737,964.5,599.7968912124634
964.5,2,-0.0182090997696,0.00571748,-0.00530965,0.0,760876,68.74,1549,0.963394,964.5,601.3906357288361
968.74,3,-0.00337862968445,0.0149217,-0.00845923,0.0,763876,99.2424,1552,0.980625,968.74,603.0000054836273
968.74,2,-0.00959479808807,0.00442947,-0.00505773,0.0,765876,67.9558,1554,0.997946,968.74,604.6055970191956
969.07,2,-0.000913739204407,0.00538783,-0.00679202,0.0,767876,67.967,1556,0.998456,969.07,606.2224378585815
969.07,2,-0.000810384750366,0.00786408,-0.00643928,0.0,769876,68.0864,1558,1.00667,969.07,607.8327417373657
969.25,2,-0.00231301784515,0.00628995,-0.00635316,0.0,771876,68.1709,1560,0.995176,969.25,609.4542708396912
969.25,2,-0.000172138214111,0.00947004,-0.00772401,0.0,773876,68.2219,1562,0.993692,969.25,611.0561413764954
969.25,2,-0.000617146492004,0.00323381,-0.00539158,0.0,775876,68.2448,1564,0.997724,969.25,612.6719090938568
969.25,2,-0.000502347946167,0.0155837,-0.00748157,0.0,777876,68.3333,1566,0.986597,969.25,614.2906310558319
973.64,3,0.00193291902542,0.00639952,-0.00863846,0.0,780048,93.9127,1569,0.992165,973.64,615.9159753322601
973.64,2,-0.011602640152,0.0123539,-0.0126763,0.0,782048,55.7892,1571,0.992329,973.64,617.5264909267426
969.57,2,0.418294966221,0.00785799,-0.0132487,0.0,783634,38.094,1573,1.00727,969.57,619.144668340683
969.57,2,-0.0297496318817,0.00442925,-0.00574351,0.0,785634,69.6548,1575,1.00598,969.57,620.7544062137604
969.57,2,-0.0011750459671,0.00700635,-0.00784897,0.0,787634,69.2068,1577,1.01946,969.57,622.3604991436005
969.57,2,-0.000761151313782,0.00849133,-0.00880131,0.0,789634,69.0059,1579,1.01836,969.57,623.9855170249939
969.57,2,0.000762760639191,0.0124144,-0.010386,0.0,791634,68.6043,1581,1.01342,969.57,625.5948603153229
969.57,2,-0.0010586977005,0.00698336,-0.00779133,0.0,793634,68.8246,1583,0.999842,969.57,627.2113766670227
969.57,3,-0.00137197971344,0.00762774,-0.00927033,0.0,796634,92.7243,1586,0.996924,969.57,628.8211507797241
969.57,2,-0.000291228294373,0.0101256,-0.00629646,0.0,798634,68.2778,1588,0.997801,969.57,630.4407644271851
969.57,2,-0.00576508045197,0.00984999,-0.0066489,0.0,800634,68.2914,1590,0.989041,969.57,632.0351667404175
969.57,2,0.000167548656464,0.0117774,-0.00808406,0.0,802634,68.286,1592,0.995268,969.57,633.6612474918365
969.57,2,-0.00308847427368,0.00794052,-0.00610582,0.0,804634,68.3523,1594,1.01626,969.57,635.2715997695923
974.18,2,-0.000251770019531,0.00727886,-0.00677455,0.0,806634,68.3798,1596,1.0154,974.18,636.8825688362122
966.81,3,0.00235426425934,0.00668748,-0.00962099,0.0,808879,94.4502,1599,1.02291,966.81,638.5011513233185
959.48,2,-0.054206609726,0.00648859,-0.00948125,0.0,810146,63.0638,1601,1.01098,959.48,640.1265933513641
959.56,2,0.000712513923645,0.00676222,-0.00863518,0.0,812146,67.5182,1603,0.997899,959.56,641.7340276241302
959.56,2,-0.0337679386139,0.00801994,-0.00774251,0.0,814146,68.8793,1605,0.99473,959.56,643.3433971405029
959.56,3,-0.00150668621063,0.0038526,-0.00482658,0.0,817146,100.19,1608,0.995487,959.56,644.9683930873871
967.08,2,0.000879943370819,0.011956,-0.00882782,0.0,819146,67.0006,1610,1.00471,967.08,646.5777623653412
967.08,2,0.00514876842499,0.00609116,-0.00751859,0.0,821146,66.185,1612,0.987887,967.08,648.1871321201324
967.08,2,-0.0499967336655,0.00739406,-0.00708127,0.0,823146,67.7814,1614,0.998009,967.08,649.7965021133423
967.08,2,-0.0122208595276,0.0123816,-0.0074385,0.0,825146,67.3274,1616,1.01981,967.08,651.4058737754822
967.08,2,-0.00296235084534,0.00546011,-0.00672428,0.0,827146,67.5669,1618,1.0322,967.08,653.0152442455292
967.08,2,-0.000724077224731,0.00756069,-0.00650551,0.0,829146,67.7301,1620,1.05979,967.08,654.6402399539948
961.51,2,0.00232267379761,0.0119091,-0.0121883,0.0,830589,61.1988,1622,1.06327,961.51,656.2496089935303
961.51,2,-0.011732339859,0.013829,-0.00656335,0.0,832589,68.3112,1624,1.08254,961.51,657.8746037483215
952.22,3,0.0781792402267,0.0111719,-0.012685,0.0,834660,88.9089,1627,1.08154,952.22,659.4839742183685
937.84,4,0.129448652267,0.00361211,-0.00908579,0.0,837222,109.288,1631,1.07603,937.84,661.1089696884155
921.13,4,0.301224887371,0.00609301,-0.0168489,0.0,839551,81.2856,1635,1.07383,921.13,662.7183394432068
923.69,2,-0.00294351577759,0.0100855,-0.015712,0.0,841551,61.7318,1637,1.03264,923.69,664.343334197998
923.69,2,-0.020192027092,0.00626893,-0.00914476,0.0,843551,66.2623,1639,1.03353,923.69,665.9652862548828
917.07,2,0.0235607028008,0.00727713,-0.0100623,0.0,844889,62.1906,1641,1.04112,917.07,667.5630855560303
917.07,2,-0.0176674127579,0.00671341,-0.00537914,0.0,846889,67.5494,1643,1.05243,917.07,669.180561542511
920.13,3,-0.0114187002182,0.0089021,-0.00963569,0.0,849889,96.528,1646,1.04625,920.13,670.7888169288635
920.13,2,0.0161450505257,0.00635023,-0.0139301,0.0,851889,59.7449,1648,1.04032,920.13,672.407035112381
920.13,2,0.00983041524887,0.011533,-0.0128682,0.0,853889,64.7149,1650,1.01786,920.13,674.0009820461273
920.13,2,-0.0185149908066,0.00746514,-0.0089416,0.0,855889,67.8902,1652,1.01057,920.13,675.6254167556763
920.13,2,-0.00994026660919,0.00489946,-0.00553823,0.0,857889,67.8289,1654,1.01384,920.13,677.2429003715515
909.28,3,0.0337525010109,0.011228,-0.0128668,0.0,859804,77.9122,1657,1.01601,909.28,678.8688130378723
909.28,2,-0.0159604549408,0.0071779,-0.00657859,0.0,861804,67.7325,1659,1.01593,909.28,680.4855318069458
909.28,2,0.00778007507324,0.00683171,-0.01087,0.0,863804,65.3912,1661,1.01813,909.28,682.0986099243164
909.28,2,0.00712883472443,0.00599062,-0.0103003,0.0,865804,58.6446,1663,1.00906,909.28,683.7121241092682
909.28,2,-0.0109806060791,0.00657427,-0.00767807,0.0,867804,68.7207,1665,1.00834,909.28,685.312513589859
909.28,2,-0.0335338115692,0.0104739,-0.00868849,0.0,869804,68.8302,1667,1.00262,909.28,686.9375076293945
917.56,2,-0.00406610965729,0.00711208,-0.00599607,0.0,871804,68.4564,1669,1.0251,917.56,688.5468769073486
917.56,2,-0.00315737724304,0.00887109,-0.0109478,0.0,873804,64.8451,1671,1.03696,917.56,690.1562488079071
912.98,3,0.0792092680931,0.00770056,-0.0119814,0.0,875932,86.481,1674,1.04018,912.98,691.7656190395355
912.98,2,0.00770223140717,0.00605721,-0.00821717,0.0,877932,66.5758,1676,1.03709,912.98,693.3906142711639
912.98,2,-0.0431941747665,0.00948522,-0.00818196,0.0,879932,68.41,1678,1.02506,912.98,695.0046575069427
912.98,2,0.0032457113266,0.0143468,-0.010736,0.0,881932,66.8755,1680,1.02464,912.98,696.6247816085815
912.98,2,0.000263810157776,0.00913819,-0.0106734,0.0,883932,66.7054,1682,1.02559,912.98,698.2312996387482
912.98,2,0.0113794803619,0.0109082,-0.00776846,0.0,885932,62.5705,1684,1.02089,912.98,699.829206943512
912.98,2,0.000353872776031,0.00983918,-0.0121633,0.0,887932,63.6097,1686,1.02463,912.98,701.438355922699
912.98,2,0.0318229198456,0.00729578,-0.0088463,0.0,889932,60.8129,1688,1.01853,912.98,703.089239358902
912.98,2,-0.0194095373154,0.00568342,-0.00566669,0.0,891932,69.1169,1690,1.00793,912.98,704.7029917240143
912.98,3,0.00702029466629,0.0107967,-0.0139127,0.0,894932,74.4876,1693,0.990778,912.98,706.3123619556427
912.98,2,-0.0136164426804,0.0072663,-0.00666424,0.0,896932,69.0897,1695,0.985605,912.98,707.9217324256897
912.98,2,-0.0150035619736,0.00687649,-0.00673839,0.0,898932,68.9066,1697,0.989088,912.98,709.5395309925079
909.73,3,0.573371112347,0.00813242,-0.0134926,0.0,900852,42.0554,1700,1.00084,909.73,711.1575314998627
917.06,2,-0.00245380401611,0.00715747,-0.0109164,0.0,902852,68.6363,1702,0.976494,917.06,712.7660093307495
917.06,2,-0.0171989202499,0.00933151,-0.00906084,0.0,904852,69.2075,1704,0.987903,917.06,714.3834745883942
917.06,2,-0.0187225341797,0.00638295,-0.00610755,0.0,906852,68.9483,1706,0.977036,917.06,716.0153963565826
907.46,3,0.018917798996,0.00767373,-0.00858379,0.0,908892,88.6569,1709,0.972058,907.46,717.6403901576996
907.46,2,-0.0117571353912,0.00512147,-0.0052361,0.0,910892,67.1261,1711,0.985141,907.46,719.2497613430023
879.91,5,0.499762356281,0.00803546,-0.0148306,0.0,913137,36.7496,1716,1.0048,879.91,720.8591310977936
873.12,2,0.582171589136,0.00769733,-0.0107857,0.0,914458,39.2186,1718,1.01161,873.12,722.4841265678406
878.69,3,-0.0110399723053,0.00502077,-0.0076574,0.0,917458,76.6584,1721,1.03213,878.69,724.0934960842133
878.69,2,-0.010578751564,0.0102312,-0.0091866,0.0,919458,69.6627,1723,1.03631,878.69,725.713212966919
878.69,2,-0.00041389465332,0.00585956,-0.00650951,0.0,921458,69.4057,1725,1.02895,878.69,727.3334109783173
874.37,4,0.828937768936,0.00820762,-0.0160934,0.0,923419,61.5467,1729,1.06818,874.37,728.953197479248
878.25,3,0.326141238213,0.0109203,-0.00749591,0.0,925658,71.7839,1732,1.06787,878.25,730.5625677108765
884.0,2,-0.0187002420425,0.0109108,-0.0137461,0.0,926951,62.8919,1734,1.08339,884.0,732.1719377040863
880.36,3,0.0349494218826,0.00617888,-0.00900345,0.0,929587,95.8357,1737,1.0801,880.36,733.7969317436218
873.64,3,0.0287579894066,0.00994266,-0.0116405,0.0,931253,92.1894,1740,1.06705,873.64,735.4175951480865
873.64,2,-0.00176453590393,0.00893581,-0.00737957,0.0,933253,63.5397,1742,1.07696,873.64,737.020245552063
873.64,2,0.0280600786209,0.0103273,-0.00702875,0.0,935253,64.7997,1744,1.08174,873.64,738.6715979576111
871.22,2,-0.0140585899353,0.00820702,-0.00712237,0.0,937011,65.9417,1746,1.07283,871.22,740.2809677124023
871.22,3,-0.00324356555939,0.00804056,-0.0106047,0.0,940011,99.2647,1749,1.05694,871.22,741.9059617519379
871.22,2,-0.00551390647888,0.00760709,-0.00748446,0.0,942011,67.1078,1751,1.07033,871.22,743.5153317451477
871.22,2,-0.00200295448303,0.0101391,-0.00709197,0.0,944011,67.0895,1753,1.0783,871.22,745.1403272151947
875.17,2,-0.00149059295654,0.00913994,-0.00779062,0.0,946011,67.5306,1755,1.09465,875.17,746.7496962547302
882.07,2,-0.00215566158295,0.0142567,-0.0108386,0.0,948011,67.6858,1757,1.10667,882.07,748.359067440033
882.07,2,-0.00115323066711,0.0100844,-0.00887225,0.0,950011,67.8264,1759,1.11638,882.07,749.9696681499481
881.21,2,0.0308777093887,0.00570194,-0.00635564,0.0,951925,63.5183,1761,1.12789,881.21,751.5788962841034
881.21,2,-0.00143313407898,0.0103599,-0.00654249,0.0,953925,68.2131,1763,1.14112,881.21,753.1953976154327
881.21,2,-0.000436902046204,0.00815653,-0.00774354,0.0,955925,68.2286,1765,1.14087,881.21,754.804726600647
881.21,2,-0.00281476974487,0.0119536,-0.00647422,0.0,957925,68.306,1767,1.14639,881.21,756.4234747886658
881.21,2,-0.000409364700317,0.0122005,-0.00500059,0.0,959925,68.3119,1769,1.13957,881.21,758.0509054660797
881.21,2,-0.000170707702637,0.00482302,-0.00501469,0.0,961925,68.4056,1771,1.16011,881.21,759.675265789032
889.93,2,-0.000131964683533,0.00958638,-0.00880098,0.0,963925,68.4464,1773,1.17305,889.93,761.2917354106903
889.93,2,0.000128746032715,0.00686311,-0.0088189,0.0,965925,68.4197,1775,1.17096,889.93,762.9166746139526
889.93,2,-0.000180959701538,0.0130972,-0.00814907,0.0,967925,68.468,1777,1.18371,889.93,764.5315358638763
889.93,2,-0.000253438949585,0.00534076,-0.00691871,0.0,969925,68.4742,1779,1.18593,889.93,766.1489987373352
889.93,2,-9.17911529541e-05,0.010446,-0.00711971,0.0,971925,68.5113,1781,1.18806,889.93,767.7539019584656
889.93,2,4.90546226501e-05,0.0077026,-0.0074913,0.0,973925,68.4625,1783,1.20019,889.93,769.3713812828064
889.93,2,-0.000143051147461,0.00943718,-0.00648803,0.0,975925,68.5226,1785,1.21027,889.93,770.9840438365936
889.93,3,-4.52995300293e-05,0.00856912,-0.0098069,0.0,978925,100.621,1788,1.22272,889.93,772.5777900218964
889.93,2,-0.000181794166565,0.00804922,-0.00955397,0.0,980925,67.6823,1790,1.23967,889.93,774.2184088230133
889.93,2,0.00017249584198,0.0101313,-0.0111784,0.0,982925,67.5268,1792,1.22762,889.93,775.8277804851532
889.93,2,-0.00145411491394,0.0072111,-0.00913387,0.0,984925,66.0744,1794,1.2369,889.93,777.4527747631073
889.93,2,-0.00236976146698,0.00473764,-0.00536364,0.0,986925,67.7693,1796,1.25903,889.93,779.0693345069885
893.37,2,0.00444084405899,0.00563682,-0.00557059,0.0,988925,67.6808,1798,1.24974,893.37,780.7128167152405
894.53,2,0.0611889958382,0.00680157,-0.0137213,0.0,990305,50.1567,1800,1.22571,894.53,782.3859193325043
894.53,2,-0.0144364833832,0.0123345,-0.0053339,0.0,992305,68.7631,1802,1.22958,894.53,783.9998488426208
888.57,3,-0.011248588562,0.00464437,-0.00972922,0.0,994709,96.2219,1805,1.20545,888.57,785.6342520713806
893.51,2,-0.0356476306915,0.00767198,-0.00576211,0.0,996709,67.9625,1807,1.20679,893.51,787.2549660205841
898.17,2,-0.00637543201447,0.00920439,-0.003963,0.0,998709,68.0238,1809,1.21354,898.17,788.868824005127
894.01,3,0.000568807125092,0.00616865,-0.00873978,0.0,1000946,98.6257,1812,1.20812,894.01,790.5013468265533
