#{"env_id": "Walker2d-v2", "t_start": 1536342317.4560516}
r,l,t
-5.815589,35,1.258816
-0.502286,12,1.274443
3.455121,18,1.290066
-1.557066,10,1.290066
-4.518607,14,1.305692
-5.120617,11,1.305692
11.659423,38,1.336941
3.908733,14,1.352567
2.603034,18,1.352567
-1.32317,11,1.368191
-6.594909,14,1.383817
-2.732886,21,1.399442
5.845953,17,1.399442
1.903019,12,1.415066
-3.567919,10,1.415066
1.250825,22,1.430692
-1.448629,11,1.446316
-1.536968,8,1.446316
-7.628474,22,1.461941
-2.614687,11,1.477566
2.225668,22,1.493191
-3.062753,8,1.493191
-0.815162,32,1.508816
-7.087936,32,1.540065
2.60362,21,1.555691
-2.015865,20,1.571316
1.170072,14,1.571316
-5.204046,13,1.586942
-5.604779,20,1.602566
-4.571492,14,1.61819
-2.988128,30,1.633816
0.472054,10,1.633816
-2.170189,8,1.64944
0.997388,22,1.665066
-0.802915,35,1.680691
-4.293172,15,1.696315
7.109819,24,1.71905
12.233479,40,1.734677
0.453724,43,1.765925
12.21342,23,1.781562
1.849286,15,1.797176
0.109023,13,1.8128
-3.066343,9,1.8128
6.636273,17,1.828426
-3.206994,22,1.844051
-3.371779,13,1.844051
-2.385761,12,1.859676
-1.41616,10,1.859676
3.596427,28,1.890926
3.329539,16,1.890926
-3.183142,10,1.90655
-2.04004,26,1.922177
-9.024801,23,1.937801
3.235894,12,1.953426
3.470721,14,1.953426
-5.342705,9,1.96905
-0.845569,16,1.96905
1.412851,16,1.984681
0.254318,24,2.0003
3.281509,13,2.015927
-1.881906,18,2.015927
1.868854,27,2.047174
3.25379,15,2.047174
-1.183208,21,2.0628
-8.579013,21,2.078424
1.278147,14,2.094049
-1.286134,9,2.094049
-1.542449,19,2.109674
-7.685675,23,2.125299
-3.183834,21,2.140924
-5.153576,19,2.156549
-2.626045,12,2.172174
2.036571,14,2.172174
10.949524,31,2.203424
-2.791609,20,2.21905
-4.371113,24,2.234675
-2.967862,10,2.234675
-0.192299,19,2.250301
11.264611,21,2.265925
-0.153052,11,2.265925
1.333949,13,2.281552
-4.69058,24,2.297174
-10.900767,15,2.312799
5.575801,22,2.328426
-1.752688,20,2.34405
4.173482,20,2.359675
-3.747119,31,2.375301
0.138968,10,2.375301
7.30007,17,2.390925
6.173199,20,2.406587
-3.599778,20,2.422176
10.354646,19,2.4378
-8.58931,22,2.453424
3.438387,22,2.469049
9.66221,27,2.484674
5.276493,16,2.5003
-2.382375,27,2.515924
-2.991985,24,2.531549
-7.600591,9,2.531549
5.185535,30,2.562799
-10.100299,18,2.578424
-4.181209,10,2.578424
-2.375893,14,2.59405
6.668057,17,2.59405
-1.822358,11,2.617265
-4.622304,16,2.618307
-1.70308,10,2.633933
-2.515499,12,2.633933
-2.759316,14,2.649559
-1.63156,15,2.649559
1.263448,16,2.665185
-5.045477,19,2.68081
-1.836871,22,3.680804
1.500068,10,3.680804
13.408775,30,3.71629
0.465482,13,3.720342
-5.38253,11,3.720342
3.401702,27,3.751593
-2.271035,14,3.751593
2.229072,16,3.767218
-2.673451,9,3.767218
1.490686,15,3.782843
-1.756069,35,3.814091
-1.169198,14,3.814091
-3.444039,25,3.829719
-2.987537,12,3.845344
7.954797,21,3.860967
2.915741,17,3.876592
10.07786,23,3.892217
-0.69969,16,3.892217
-0.704363,19,3.907844
3.060421,24,3.923467
-1.777958,15,3.939092
1.395767,12,3.939092
-3.268549,18,3.954718
8.007165,21,3.970343
9.672228,29,3.985968
-0.536744,16,4.001592
7.862937,35,4.032841
7.742475,16,4.032841
-5.551854,17,4.048467
7.682261,34,4.079716
10.10133,22,4.095343
6.58882,30,4.110966
26.852678,48,4.142217
-0.335549,15,4.157841
14.874547,31,4.173466
-1.389363,12,4.189091
3.132501,21,4.204717
6.09724,35,4.220341
7.228045,49,4.25159
0.893142,16,4.267216
-2.796839,24,4.282841
14.031019,28,4.298466
-2.008667,10,4.314091
11.189187,23,4.329716
-7.480535,15,4.345342
3.271102,14,4.345342
-2.243846,12,4.360966
-6.715129,11,4.360966
0.987044,23,4.376591
-1.324863,22,4.392215
-1.567536,12,4.407841
-4.313167,19,4.423465
-1.767171,14,4.423465
4.554835,30,4.454715
1.400994,14,4.454715
-1.460102,8,4.47034
18.912283,34,4.485966
-2.311923,16,4.50159
-0.664831,15,4.50159
-1.816124,13,4.517215
0.100795,30,4.53284
11.047653,29,4.56409
1.934584,19,4.579715
-5.876855,8,4.579715
3.399866,50,4.617725
3.988648,19,4.633351
0.345335,11,4.633351
-2.374689,23,4.648976
2.83668,13,4.664601
4.656454,16,4.664601
-9.906694,13,4.680226
-1.966642,10,4.680226
3.47257,15,4.695851
5.302143,25,4.715575
36.137682,48,4.746826
3.068395,18,4.76245
-4.364345,10,4.76245
22.332885,30,4.778076
-1.525351,18,4.7937
2.937003,15,4.809325
14.036171,25,4.82495
10.090327,34,4.840575
6.311315,47,4.871825
16.798333,36,4.903075
-3.032558,15,4.9187
-0.050194,18,4.9187
25.338263,52,4.965575
12.369986,23,4.9812
6.863877,25,4.996825
13.56818,38,5.028074
-2.236144,24,5.043699
3.75891,15,5.043699
2.810894,16,5.059325
0.485447,14,5.07495
-3.965168,22,5.090575
8.69732,35,5.821602
-1.481175,8,5.821602
26.316402,71,5.868477
4.332081,22,5.884102
2.357408,15,5.899727
26.607292,40,5.930976
33.609537,39,5.962227
1.578752,16,5.962227
1.457176,18,5.977852
0.488776,12,5.993476
4.971052,44,6.024727
4.92489,35,6.040353
1.083405,27,6.055977
-1.83912,14,6.071604
19.172648,37,6.102852
2.211463,14,6.102852
3.836429,18,6.118478
29.380237,49,6.149728
-2.422177,11,6.165352
2.182343,27,6.180978
3.928704,16,6.196602
2.136363,20,6.196602
14.016048,37,6.227852
8.228069,41,6.259102
17.273182,34,6.274728
2.528535,23,6.290353
2.378997,31,6.321602
2.614223,29,6.337228
8.7397,23,6.352853
8.809529,21,6.368478
8.673554,42,6.399726
5.787088,27,6.415352
-5.084289,16,6.430976
-1.085491,15,6.430976
-5.813755,19,6.446602
0.966868,11,6.462226
0.112868,25,6.477851
6.275615,19,6.493476
37.241173,45,6.524725
8.123533,19,6.524725
8.203698,24,6.555975
-0.396033,12,6.555975
-0.888725,18,6.5716
20.449348,37,6.602851
13.587321,37,6.618475
16.605625,26,6.6341
2.093285,18,6.649725
11.147131,46,6.680975
-5.598879,39,6.716295
2.398727,19,6.721334
5.315623,16,6.736959
8.265482,34,6.752584
5.420689,28,6.768209
-3.515556,13,6.783834
-0.806545,28,6.799459
1.192593,10,6.815084
20.768087,55,6.846335
29.866412,40,6.877583
9.355217,26,6.893209
-2.63383,13,6.908834
13.325228,47,6.940085
21.099181,40,6.955709
10.496497,26,6.986959
5.725008,19,6.986959
1.101052,18,7.002584
4.756652,82,7.065084
2.968461,15,7.065084
7.910278,21,7.08071
1.981477,15,7.096336
4.157473,15,7.11196
26.541202,44,7.143208
19.116101,83,7.190083
-0.515717,18,7.205709
18.045758,31,7.934337
35.343126,50,7.965586
13.156287,48,7.996835
7.87483,31,8.012461
5.593851,62,8.059335
-3.326047,16,8.07496
20.729842,37,8.090585
4.26079,23,8.121834
1.62587,17,8.121834
2.659446,36,8.153084
10.708598,22,8.16871
20.174051,86,8.231209
19.900714,39,8.246835
4.009566,19,8.262461
-1.673912,20,8.278085
21.112794,39,8.309346
5.730267,22,8.32496
4.118015,19,8.340585
2.947158,16,8.340585
3.986426,49,8.387459
13.274254,23,8.403085
66.416733,99,8.465585
27.336678,47,8.496834
5.140612,16,8.51246
19.883949,33,8.528085
64.919748,67,8.57498
-2.58495,59,8.618019
-0.495421,14,8.633645
6.562414,19,8.64927
20.930748,39,8.664895
7.110467,25,8.696145
5.861533,34,8.711781
-0.567979,11,8.727396
7.176924,37,8.743021
8.775146,21,8.758646
1.11792,34,8.789894
5.578162,60,8.821144
7.852794,25,8.836769
5.353389,60,8.883643
5.199624,14,8.899269
39.474832,80,8.946143
24.325726,56,8.993018
18.116772,36,9.008643
-1.680042,16,9.024269
5.809841,33,9.055519
0.304163,21,9.055519
8.007652,20,9.071143
-1.485579,14,9.086769
6.096993,25,9.102394
45.064905,54,9.133643
-1.294571,18,9.149269
-4.898013,8,9.164894
56.080997,63,9.196143
42.553307,58,9.243017
15.231438,38,9.274267
0.147089,11,9.274267
5.032208,27,9.289894
11.742894,27,9.321142
20.796359,46,10.062648
10.993316,69,10.109522
25.332465,48,10.140774
46.015515,88,10.203273
31.480634,69,10.250147
9.011681,49,10.281399
0.747729,12,10.297024
75.833847,101,10.359523
29.015233,51,10.406397
31.887775,48,10.437647
9.323965,64,10.484522
133.009414,141,10.578271
6.208789,18,10.593897
1.986551,23,10.615321
20.328708,55,10.65004
19.794115,39,10.665664
-1.047923,66,10.712538
51.461059,66,10.759414
6.767807,46,10.790663
32.997074,55,10.837539
44.512636,56,10.868788
30.559177,51,10.915662
13.226156,40,10.931289
84.496519,99,11.009413
8.433713,20,11.025037
66.50086,117,11.103161
198.887961,138,11.196911
36.941265,66,11.243786
11.766037,29,11.259411
30.479653,62,11.306285
7.652637,33,11.321913
64.991809,90,11.384411
44.185033,95,11.446911
25.880098,82,12.21964
21.467011,42,12.25089
61.422999,156,12.360264
77.181269,142,12.454014
58.425817,65,12.500888
17.652858,71,12.547763
16.165573,39,12.579013
33.327005,68,12.618143
-7.681773,109,12.696267
1.967057,14,12.711894
78.585449,166,12.821324
40.668285,49,12.852517
39.294741,109,12.930642
14.784472,65,12.977518
57.77518,83,13.040016
33.627598,51,13.071268
134.602812,145,13.165016
6.258318,71,13.211891
34.433884,68,13.258766
41.640555,99,13.336891
20.9934,49,13.36814
25.869654,45,13.39939
31.236925,68,13.446265
229.131198,142,13.540015
2.669871,13,13.55564
-16.034456,91,14.345009
221.092197,111,14.423131
228.223596,129,14.516882
109.558751,196,14.64916
353.937536,217,14.79089
35.919304,72,14.837766
15.912122,130,14.931515
21.464862,44,14.962765
30.448753,51,14.994015
273.785311,171,15.103391
56.415655,87,15.165891
42.648838,80,15.212764
40.697109,122,15.306515
12.219357,26,15.322141
358.048166,207,15.462763
77.249196,87,15.525263
32.371597,70,15.57214
22.659347,83,15.634641
271.635898,174,16.454237
257.909231,165,16.563611
12.684691,75,16.618284
6.049739,49,16.649534
124.657414,206,16.790159
239.878292,155,16.899534
253.073942,171,17.008909
53.233151,138,17.102659
244.420897,173,17.227658
158.319792,159,17.337063
120.753664,243,17.508909
260.204323,157,17.618286
320.113217,217,17.767079
221.351305,162,18.595202
43.611872,56,18.634189
65.645724,183,18.759187
101.624165,163,18.868562
148.686103,194,19.009187
356.235531,287,19.212312
49.876504,81,19.259186
48.994421,77,19.321687
81.159961,159,19.431062
87.379003,100,19.493562
28.46338,69,19.540435
30.279791,75,19.58731
154.56789,286,19.783331
99.691175,113,19.861457
267.717705,161,20.696238
345.554249,331,20.917113
288.111563,202,21.057737
260.77188,152,21.167113
8.983916,82,21.213987
65.629668,147,21.323362
38.991726,88,21.385861
138.498636,218,21.526486
215.045608,140,21.633528
388.058729,226,21.789776
314.087615,215,21.932699
247.511502,168,22.042074
359.944825,231,22.9126
282.563275,160,23.021975
45.525609,78,23.084475
222.382821,125,23.162599
421.711181,343,23.412598
128.769138,119,23.490723
186.014251,135,23.582056
151.282127,237,23.753151
242.577021,155,23.862525
97.886238,148,23.956275
455.401145,291,24.159399
295.264419,211,25.010938
285.346476,190,25.135938
248.9208,153,25.245312
78.919281,100,25.323439
276.064631,159,25.43281
44.542082,90,25.495312
240.866641,164,25.604685
205.144907,299,25.805631
252.370667,398,26.071255
256.44392,141,26.165003
254.030539,148,26.274378
409.708548,354,27.219975
57.901794,71,27.26685
163.778735,254,27.438725
380.199968,332,27.664827
284.757953,473,27.992953
246.848034,153,28.102327
290.482483,200,28.227326
87.317504,118,28.321075
240.185349,155,28.414825
248.493415,135,29.23444
45.233823,101,29.312564
89.005481,170,29.421938
191.148304,119,29.515688
234.805868,128,29.593815
172.34738,129,29.681093
475.311337,381,29.946714
42.581616,139,30.040463
275.299984,169,30.165463
29.437707,107,30.227964
371.363159,254,30.415462
296.608962,178,30.540462
213.978658,170,31.361052
250.89827,148,31.470428
550.713334,469,31.792324
278.275335,159,31.901699
412.231676,269,32.089198
282.288992,189,32.229825
272.752153,180,32.339198
348.14425,247,32.526696
307.172016,214,32.666341
220.246606,120,33.478838
187.250546,98,33.541337
389.283179,264,33.720316
203.276668,119,33.798441
157.35382,82,33.860941
294.005906,425,34.157815
475.916993,384,34.428699
358.750284,244,34.600574
350.247666,206,34.749888
221.746035,131,34.828013
277.071057,157,35.634196
394.199172,266,35.821695
228.595135,353,36.056069
276.968052,163,36.165444
391.461919,247,36.33732
314.685517,175,36.46232
283.326101,150,36.556069
114.513151,240,36.72044
176.371605,94,36.798566
284.706109,165,36.907941
189.319559,365,37.856545
310.322449,201,37.997169
258.125799,157,38.106544
214.57064,138,38.200294
260.803802,143,38.30967
138.592657,238,38.465918
420.904898,278,38.665215
137.354703,76,38.712091
214.880412,120,38.790215
189.290026,111,38.86834
335.326182,230,39.040215
284.931824,165,39.845216
367.107442,220,40.001465
198.970393,126,40.095216
198.406351,139,40.188966
229.182954,143,40.282715
204.993248,108,40.356451
202.399118,105,40.434576
497.981125,375,40.697193
300.592957,173,40.822192
312.858525,250,40.994069
185.903953,101,41.056567
177.81354,102,41.134691
203.002458,112,41.212816
269.200958,152,42.017811
245.479134,144,42.127187
245.8579,154,42.23656
274.689895,159,42.345936
290.502608,175,42.455309
402.536392,286,42.665149
274.734772,184,42.79224
221.24518,116,42.870364
389.631089,372,43.13599
388.926353,251,43.307864
233.887039,130,44.103321
400.830946,547,44.478319
272.258809,151,44.587694
484.586142,345,44.830191
292.066559,190,44.955189
310.845124,211,45.095813
274.057447,176,45.220813
290.277722,190,45.345812
359.327723,267,46.236435
218.60112,124,46.314559
220.182729,140,46.408309
267.775132,161,46.533309
373.062771,340,46.762744
268.212324,152,46.872119
208.333854,120,46.950244
190.206695,100,47.012743
228.40471,135,47.106493
349.462984,237,47.278368
220.129662,130,47.372117
284.610672,162,47.481492
338.005776,256,48.3831
282.640206,173,48.492475
349.225,243,48.664349
342.549322,198,48.796486
275.844926,170,48.921484
190.61174,111,48.983983
205.996389,394,49.265233
219.982491,124,49.343357
351.712763,246,49.515232
412.621506,307,50.430535
414.244911,283,50.633658
272.452089,170,50.751119
209.320337,397,51.016742
419.145077,303,51.235492
267.779607,180,51.360491
233.770522,143,51.454244
253.286919,126,51.547992
272.437725,152,51.650171
213.935142,117,51.728297
382.087309,293,52.665792
259.122677,154,52.78225
189.905267,125,52.860375
314.503104,235,53.016626
254.31291,153,53.125999
293.521602,184,53.251
195.479904,137,53.360376
293.384951,172,53.469748
268.448591,146,53.579123
367.181568,243,53.742667
289.05851,170,53.867667
281.290861,199,54.719504
293.921003,175,54.82888
241.150224,133,54.922631
256.444958,163,55.04763
342.198724,252,55.21951
254.80343,153,55.328878
330.182762,188,55.45388
250.566849,142,55.54763
218.89715,121,55.633992
206.252983,112,55.712116
276.966094,146,55.821491
221.522293,144,55.915241
286.102101,205,56.055866
204.494824,114,56.829588
400.885923,280,57.017087
399.005993,342,57.267086
244.099271,131,57.345212
229.881351,130,57.43896
556.563534,434,57.743048
439.558803,346,57.977422
204.006115,112,58.055547
316.30606,206,58.211797
320.720148,188,59.032435
349.174574,230,59.204311
326.271964,227,59.36056
293.137003,169,59.469935
259.20291,149,59.579309
286.221844,176,59.697069
352.538523,217,59.853319
195.056689,118,59.931443
262.550722,141,60.025194
321.396609,188,60.165817
240.428446,130,60.259564
260.375274,144,60.353316
442.087875,328,61.297905
441.968084,289,61.485404
606.610343,517,61.852169
375.640435,250,62.024045
260.255382,146,62.133419
219.989745,114,62.211543
271.034486,154,62.320918
260.161494,158,62.430293
206.750109,311,63.360268
239.431652,146,63.454017
301.428681,177,63.579016
260.219091,152,63.695848
233.076746,130,63.773974
386.11625,261,63.961471
282.381783,191,64.086471
203.326275,105,64.164595
225.14498,119,64.24272
304.786728,180,64.36772
250.940645,152,64.477094
208.340101,115,64.555219
203.659565,107,64.617719
256.479525,157,65.421697
319.901017,185,65.546698
271.359975,166,65.665286
238.297287,135,65.759035
377.807013,252,65.946534
231.265648,118,66.02466
209.218767,108,66.102784
268.263017,202,66.243412
235.21557,121,66.321533
219.516997,118,66.399662
273.608298,152,66.509035
428.768255,342,66.751556
387.417442,253,67.649652
214.134851,122,67.729903
245.416862,150,67.839277
336.381926,198,67.979901
247.481227,138,68.073651
365.050851,224,68.2299
408.079713,360,68.479899
220.908162,125,68.558024
205.372384,106,68.63418
316.154729,209,68.774802
440.168708,297,69.696676
321.150383,195,69.829763
210.523991,111,69.907888
281.289192,220,70.064137
226.116848,115,70.142262
393.9441,254,70.314138
252.25215,144,70.423512
452.67619,314,70.633279
205.088199,123,70.730143
224.336983,126,70.808268
226.937208,130,70.902018
373.598996,248,71.805947
206.485398,131,71.899698
253.017701,140,71.993447
227.099273,117,72.071571
138.591948,287,72.274697
261.60342,139,72.368445
308.283562,178,72.493445
213.549098,116,72.571569
305.070525,178,72.696569
284.975175,179,72.828664
210.28555,123,72.922414
181.95838,104,72.984914
247.339412,129,73.078664
211.957739,106,73.156788
320.244255,278,74.071486
263.080085,153,74.165226
246.26562,142,74.270269
188.951284,102,74.348396
246.431279,139,74.442145
212.048178,113,74.520319
241.331528,140,74.617847
259.5466,164,74.731339
186.26726,363,74.981341
345.87458,245,75.13759
236.645118,128,75.215713
244.360242,135,75.309462
254.348111,145,76.118047
247.91085,133,76.211796
315.230155,198,76.352421
214.700619,112,76.430546
299.921857,172,76.555545
325.473862,235,76.718845
196.419193,103,76.782402
310.278535,170,76.907402
276.784364,159,77.016777
271.748678,150,77.110526
208.843161,109,77.188651
291.061465,165,77.298026
249.170825,136,77.391776
305.673336,178,78.24314
275.236132,156,78.352515
271.862583,158,78.46189
234.056098,126,78.555641
248.507091,144,78.64939
294.194415,168,78.76691
214.96119,110,78.845037
230.977177,131,78.938785
277.766544,172,79.048159
229.783306,125,79.141908
237.166292,141,79.235658
215.771853,116,79.313783
303.080653,175,79.438782
219.586756,111,79.516907
265.223059,152,80.336704
265.2486,159,80.446078
245.63267,132,80.539827
239.020468,125,80.633576
246.174732,130,80.720258
248.971608,130,80.814008
246.307744,137,80.907758
319.990861,197,81.048383
296.013354,164,81.173383
236.606541,124,81.251508
250.696254,149,81.360883
278.584161,155,81.470257
275.45233,171,81.595258
281.379277,160,81.712488
298.424477,179,82.558271
256.312156,138,82.648984
203.769105,104,82.72711
270.228604,151,82.836483
229.349139,122,82.914608
233.900053,127,83.008358
239.675454,134,83.102108
257.676883,142,83.195857
297.186606,203,83.336482
149.603818,81,83.398982
504.880482,391,83.680231
271.808073,144,83.782122
284.127056,167,83.891488
348.770181,223,84.774293
326.798992,226,84.930543
221.427035,117,85.008668
211.178401,121,85.086792
202.00175,108,85.164919
265.217259,155,85.274293
272.208892,148,85.368042
243.976631,128,85.461793
211.463771,106,85.539917
255.636296,137,85.633668
249.618456,138,85.734518
269.024681,143,85.828272
359.395507,220,85.984516
265.877133,145,86.790017
313.713068,178,86.915016
253.752393,144,87.008766
230.388915,135,87.102515
211.539406,108,87.18064
233.393394,126,87.274399
233.305151,124,87.352514
309.79426,198,87.493139
260.295947,144,87.602514
180.85009,91,87.665013
280.983873,164,87.766866
209.041853,112,87.844992
235.09004,124,87.938741
177.41634,95,88.001241
231.938122,122,88.094991
301.893143,189,88.931084
274.485081,149,89.040459
266.075694,149,89.134208
283.373387,170,89.259207
376.792109,243,89.431082
198.818001,100,89.493582
178.801049,89,89.556083
183.239189,93,89.618583
278.684988,166,89.735094
249.587051,130,89.828846
235.304127,122,89.906969
213.549784,118,90.00072
223.168986,126,90.078843
244.971337,140,90.188218
306.168744,188,90.313219
228.137914,127,91.10469
242.726907,129,91.19844
279.895544,171,91.32344
211.624584,113,91.401565
233.900041,127,91.479689
206.242448,107,91.557813
170.355318,86,91.618212
358.42861,227,91.790087
266.393046,146,91.883836
232.62393,126,91.977588
241.552792,127,92.055711
249.011959,139,92.165086
253.611298,135,92.258836
278.753066,156,92.368211
258.963765,134,92.46196
233.265738,121,93.262365
174.856711,87,93.324865
324.029451,188,93.465491
248.321244,149,93.559238
190.127337,98,93.634228
291.483891,177,93.759227
211.045762,104,93.821728
213.655598,104,93.899852
182.280581,94,93.962351
358.535403,243,94.134227
286.407183,160,94.2436
330.782006,207,94.384225
226.646692,116,94.477974
211.042683,113,94.556099
243.48545,128,95.332924
353.594922,237,95.504796
208.946313,115,95.582921
261.329195,137,95.676671
354.051113,221,95.83292
237.121028,120,95.926672
208.569696,109,95.98917
232.086252,125,96.082919
192.144095,99,96.145419
297.01976,168,96.270419
290.580924,162,96.379793
269.084502,141,96.489168
296.227214,167,96.598543
265.730893,148,96.712691
211.754912,110,97.49797
244.374507,135,97.591719
278.110874,154,97.69667
202.653104,103,97.759169
283.51912,154,97.868543
245.719397,133,97.962294
233.999407,122,98.056044
247.360346,128,98.134167
404.896172,272,98.337293
266.23562,143,98.431042
243.694129,147,98.540417
353.669838,220,98.696665
304.45272,170,98.814151
207.62377,119,98.892276
246.794555,128,99.681016
288.937354,155,99.792485
243.680604,138,99.886234
262.419167,138,99.995609
227.043532,130,100.073733
213.861644,108,100.151858
272.320248,147,100.261232
276.47168,152,100.370607
273.897562,151,100.479983
235.671386,127,100.558107
289.000292,174,100.681116
338.257251,206,100.837366
189.309244,100,100.899866
281.454738,155,101.009245
263.013295,140,101.828849
298.87727,167,101.953848
274.47949,147,102.047597
258.815553,146,102.156972
251.842543,129,102.250724
138.487927,76,102.297597
274.960078,151,102.406971
210.147059,108,102.485096
213.606898,106,102.563224
273.802569,156,102.664794
261.43434,135,102.758545
237.146068,127,102.852295
292.355077,159,102.96167
181.170373,89,103.024177
274.669434,150,103.133545
322.311251,187,103.984395
265.89283,151,104.078144
257.429392,137,104.18752
212.032439,112,104.260395
265.663999,141,104.354145
254.370091,131,104.46355
282.457613,149,104.572894
301.520667,169,104.682268
259.456677,139,104.783158
246.184756,135,104.876908
279.274046,150,104.986282
237.659621,127,105.064407
308.708564,174,105.189407
267.768134,144,105.283156
255.827606,136,106.080028
254.967354,140,106.189402
302.70229,167,106.298778
304.971279,175,106.423776
272.940029,147,106.517526
218.588576,109,106.595651
250.595017,133,106.685059
255.261656,135,106.778809
299.537276,178,106.903811
266.242585,146,107.013185
265.99373,145,107.106933
247.898882,128,107.200683
310.371765,177,107.325683
246.009065,125,107.403807
299.381718,167,108.243794
237.784054,122,108.321918
205.048749,104,108.400043
277.74996,153,108.509419
174.131505,89,108.571917
264.453047,144,108.665667
283.729679,160,108.785196
245.43158,130,108.868925
291.808128,163,108.993922
252.587242,131,109.08768
291.263404,171,109.199158
307.365727,179,109.324158
233.903582,124,109.402283
270.077516,151,109.511657
262.744485,136,109.611473
228.089503,116,110.391519
270.270844,149,110.500894
262.314367,139,110.594644
221.720893,110,110.681401
296.663685,173,110.806401
305.305693,179,110.931401
260.859635,144,111.025151
262.471958,138,111.118902
277.509115,147,111.228275
267.353771,144,111.337649
238.806346,125,111.415774
260.46128,144,111.525149
235.478321,126,111.618899
294.061991,174,111.735369
287.516871,161,112.579118
284.42776,158,112.696355
262.840152,136,112.790103
249.574407,130,112.883854
315.974219,192,113.008853
248.751012,127,113.102603
375.466659,249,113.274477
311.652571,177,113.399476
283.221799,161,113.508852
268.635001,145,113.618227
275.917859,147,113.719065
295.157819,169,113.844066
265.006373,144,113.937815
264.627001,141,114.743372
326.841947,197,114.883997
255.912525,135,114.977748
270.756943,146,115.071498
295.504021,169,115.196496
270.405467,140,115.290245
299.55199,164,115.399621
298.543102,162,115.52462
263.663802,143,115.618371
243.467858,129,115.717211
284.752019,160,115.813991
251.622928,133,115.907742
269.19517,143,116.017116
192.437456,96,116.079617
262.943039,139,116.885174
302.217546,167,117.010175
286.173503,159,117.119549
356.460555,230,117.275799
267.620038,154,117.385173
320.141455,192,117.525798
280.223512,146,117.635172
258.72055,135,117.720407
295.354743,163,117.845407
246.90322,132,117.939157
281.4827,145,118.032907
260.695247,140,118.126657
273.458564,145,118.236032
283.550461,160,119.058454
220.520296,111,119.136579
303.096277,169,119.261579
293.633771,164,119.370953
258.948011,144,119.480328
241.72855,126,119.558454
285.213485,156,119.664603
253.158478,132,119.758354
240.34817,136,119.852102
267.118931,147,119.961476
327.983158,193,120.102101
239.953256,127,120.180226
222.961184,115,120.273977
205.421136,104,120.336476
250.502053,138,121.156083
332.790972,195,121.296706
263.92863,141,121.406083
209.056507,109,121.484209
261.010587,143,121.577956
261.601257,143,121.680127
250.254086,134,121.773876
269.148852,141,121.867626
268.05225,138,121.961375
258.131498,132,122.055126
260.167226,137,122.1645
274.788168,152,122.25825
248.363412,135,122.351999
304.005632,178,122.476999
243.270653,125,122.570748
274.339593,149,123.406008
272.600919,144,123.499759
305.906858,174,123.619614
224.064957,112,123.697741
342.357528,199,123.838364
204.896219,102,123.91649
253.008681,135,124.010238
253.750273,136,124.103988
272.512594,147,124.213363
389.340193,253,124.385238
253.229185,131,124.478988
260.611343,138,124.572737
224.836126,113,124.666486
238.349144,127,125.454856
268.34947,139,125.548604
212.724108,106,125.618039
250.341078,129,125.714897
213.841299,107,125.78666
279.295275,148,125.896034
331.959552,191,126.021034
304.779818,168,126.146034
257.966828,134,126.239783
257.000039,131,126.317908
364.527926,219,126.474157
309.475148,185,126.617345
215.256521,111,126.680913
261.8011,137,126.780748
296.986366,167,127.618254
281.27665,161,127.72763
255.839861,135,127.821379
344.142152,210,127.977629
248.894159,130,128.071379
407.830909,269,128.258878
283.671909,154,128.368253
266.169259,153,128.477632
286.48664,160,128.587001
269.797541,152,128.696376
282.898097,155,128.798229
272.382206,148,128.907602
205.39547,105,128.985727
273.511699,151,129.790481
230.67104,119,129.884228
276.564627,149,129.977978
262.53161,140,130.087352
334.521711,197,130.227977
296.540658,172,130.337352
273.542879,152,130.446726
238.428708,131,130.540476
305.87892,169,130.665476
268.988021,153,130.766335
260.57138,135,130.860086
292.659502,162,130.985085
272.994385,148,131.078837
282.031934,161,131.930966
292.4613,164,132.055965
256.756036,135,132.149714
281.33301,145,132.243464
275.912776,145,132.352838
300.783563,166,132.462213
279.340443,154,132.571588
288.319736,166,132.696587
312.756765,180,132.814074
297.28136,162,132.939074
278.876127,151,133.048449
286.517666,161,133.157824
286.55362,151,133.267198
266.93363,142,133.360948
249.545021,130,134.183605
275.514955,159,134.29298
338.692989,194,134.433604
314.587035,183,134.558604
246.056956,125,134.649341
315.848351,182,134.77434
303.544216,169,134.899341
244.210367,125,134.977466
302.172174,175,135.102464
274.825986,151,135.211838
259.20252,138,135.305589
201.836276,101,135.368088
287.610641,166,135.493088
316.741825,185,136.328567
278.373138,153,136.422317
285.192435,151,136.531691
310.768783,179,136.649671
269.195855,143,136.759045
245.943348,132,136.852794
280.635911,142,136.946545
274.174986,146,137.040294
272.729082,154,137.149669
311.932428,178,137.274668
237.716437,125,137.368418
323.969672,181,137.493418
253.85116,131,137.587168
298.009807,164,138.407803
247.85524,135,138.501551
253.092261,131,138.5953
295.802431,162,138.71578
300.810184,160,138.825156
202.762527,110,138.903281
271.467651,152,138.99703
442.790813,282,139.200155
291.181354,157,139.30953
241.776339,120,139.387655
184.9341,93,139.450155
314.927474,180,139.575154
261.550503,142,139.680692
244.721482,131,139.774442
269.264436,136,140.571315
315.588965,184,140.714021
256.162004,135,140.798175
260.298703,132,140.891923
293.338479,156,141.001298
299.754596,423,141.313797
219.554559,110,141.391922
279.247021,152,141.501298
265.542756,138,141.595047
307.235057,171,141.712547
267.342546,145,141.821923
301.750513,168,141.931297
327.655822,191,142.787158
266.887795,144,142.88091
251.597615,136,142.974659
276.579769,148,143.084033
320.887269,182,143.209032
303.887532,161,143.318407
278.335401,150,143.427781
292.940774,160,143.537156
292.835558,152,143.64653
252.257434,134,143.74028
243.355492,124,143.83403
283.445846,158,143.943404
289.271651,162,144.068405
210.681777,115,144.859374
276.059068,143,144.953123
282.387956,155,145.062499
264.33773,140,145.156247
303.372179,173,145.281247
236.04755,116,145.359373
220.205514,107,145.437496
242.75844,123,145.531246
285.036766,155,145.633524
231.369449,112,145.71165
308.741899,175,145.836649
286.580839,156,145.946023
310.117951,171,146.071028
270.694008,146,146.164775
247.797612,125,146.258523
408.450343,262,147.171918
284.553411,155,147.281294
245.300523,127,147.359416
265.976054,143,147.468792
309.888134,175,147.593792
265.764018,142,147.680665
296.980781,164,147.805663
279.548023,161,147.915038
290.439592,156,148.024413
308.496676,184,148.165037
310.043833,175,148.290039
259.219553,134,148.383788
281.336183,152,149.204576
271.167632,144,149.298325
308.958406,173,149.423324
243.116228,121,149.501449
282.52378,163,149.617667
286.907125,156,149.727042
283.791411,147,149.820794
277.55466,154,149.930169
285.274033,153,150.039544
303.400876,167,150.164542
303.422248,164,150.273918
349.760091,211,150.430167
283.571355,153,150.539541
342.082667,195,151.406045
294.350317,155,151.515419
282.021452,151,151.617621
152.623239,257,151.805121
332.898196,201,151.945747
271.297377,143,152.055121
249.86001,127,152.133246
295.04929,159,152.258248
284.903205,155,152.36762
345.990463,206,152.508244
322.5505,185,152.633245
344.726758,201,152.780953
253.020368,133,153.577826
285.680373,153,153.69576
280.128434,147,153.805136
264.884954,134,153.898886
263.793191,138,153.992635
274.816037,141,154.086385
295.214455,156,154.19576
245.038814,125,154.28951
281.435301,149,154.398883
305.672595,173,154.508259
322.763824,192,154.648883
256.65922,135,154.734122
260.880998,132,154.827885
284.970751,157,155.633968
267.122685,141,155.727719
277.791695,143,155.837094
285.397459,158,155.946467
288.766028,163,156.055841
279.167756,144,156.149591
291.313134,159,156.274591
258.235952,131,156.352716
283.850321,154,156.46209
229.597097,121,156.55584
284.264583,151,156.64959
247.656582,123,156.734813
246.172504,125,156.828564
298.537417,161,156.937937
185.409255,294,157.868197
288.501223,156,157.977571
261.961847,139,158.071321
269.299776,144,158.16507
221.305959,108,158.243197
264.440526,135,158.336946
297.315718,166,158.461945
292.185938,161,158.571319
264.001186,144,158.66507
332.010839,190,158.79818
267.076199,145,158.907555
294.600882,154,159.016975
267.370447,140,159.110679
292.692191,163,159.946324
258.77409,131,160.024449
245.164748,122,160.118199
251.361924,127,160.211948
215.415587,106,160.274449
287.019678,164,160.399447
282.597525,153,160.508822
278.613966,150,160.602571
241.085861,121,160.696321
317.327387,187,160.829418
311.960483,174,160.954417
234.945814,116,161.032541
457.304456,307,161.266916
284.033691,160,161.376291
200.413295,99,162.180461
301.027992,158,162.289836
257.722832,131,162.383583
250.96105,136,162.477334
275.181742,145,162.586708
270.248582,149,162.69608
262.488039,137,162.781301
259.241268,135,162.890682
291.4866,153,163.000049
280.025888,151,163.109424
274.670766,150,163.203174
261.600533,141,163.312548
292.126338,160,163.421923
296.629525,162,163.531298
242.936928,124,164.322785
249.581516,136,164.43216
266.993701,137,164.52591
249.088879,128,164.62198
286.937977,150,164.720841
266.25366,146,164.814591
275.085889,152,164.923966
276.467882,146,165.033341
315.311092,168,165.149133
251.808164,126,165.242885
280.355444,149,165.336641
280.754226,154,165.446009
274.419574,152,165.555384
255.416796,134,165.649134
272.596137,143,166.472974
277.003056,143,166.566721
268.049282,137,166.665042
307.792927,173,166.778502
299.283801,160,166.887876
280.985914,144,166.997251
151.756086,271,167.184752
290.1876,158,167.294126
331.162765,179,167.419125
277.465356,149,167.5285
292.143504,151,167.633601
293.633046,149,167.72735
273.478407,141,167.836725
257.617628,131,168.633598
281.510309,150,168.734454
270.14448,140,168.843831
292.528762,157,168.953205
260.247243,137,169.046954
250.83751,130,169.140704
272.606316,148,169.234455
281.149429,157,169.343828
274.162159,141,169.453203
288.153222,143,169.546954
302.065522,160,169.66504
267.461276,139,169.758791
267.550377,146,169.868166
292.445012,152,169.97754
309.230116,162,170.798155
291.182088,152,170.90753
299.110287,167,171.016906
277.274958,141,171.126279
260.724285,138,171.220029
279.494598,163,171.329404
295.30201,157,171.438779
255.503151,138,171.548153
267.285691,139,171.649377
189.078841,95,171.711877
237.077286,116,171.790002
249.083268,127,171.883752
240.06698,123,171.977502
289.353431,151,172.071252
240.901574,124,172.165001
262.395513,136,172.970056
278.530986,159,173.079433
293.894032,165,173.204432
261.709514,141,173.298181
258.443706,131,173.391932
253.648432,132,173.48568
315.183373,166,173.595054
229.337554,113,173.680686
317.02157,164,173.790061
219.773857,109,173.868185
272.24414,142,173.977561
262.416397,135,174.071309
285.040615,159,174.180683
264.898926,134,174.276719
296.806108,161,175.086391
232.554537,115,175.164514
312.866761,166,175.289513
261.619005,132,175.383264
260.773771,134,175.477013
250.847803,122,175.555137
279.059245,149,175.664512
299.392184,178,175.796643
286.182147,154,175.906018
304.429295,163,176.015394
242.485412,134,176.109144
265.218105,145,176.218578
293.389883,156,176.327893
376.136207,263,177.233578
277.868945,146,177.342951
273.214372,144,177.445968
276.937943,144,177.539716
333.452285,169,177.664716
264.517023,135,177.749943
252.884324,130,177.843692
262.353341,135,177.937442
276.792264,142,178.031193
264.733175,129,178.124943
310.43332,166,178.24994
311.076086,165,178.359316
243.778344,133,178.453065
284.349195,148,178.56244
237.526493,118,179.352402
304.10113,150,179.44615
294.953704,153,179.555526
292.576383,155,179.664877
272.590713,140,179.762735
227.087635,112,179.840859
269.539712,142,179.950234
262.934994,134,180.043984
274.050828,144,180.137733
277.25593,140,180.247108
236.837741,122,180.325235
308.013874,146,180.434608
262.014694,131,180.528359
260.141074,135,180.633799
268.809719,134,180.72755
265.669533,141,181.555673
268.659044,135,181.64942
266.337156,135,181.751282
273.753904,139,181.845034
275.046019,136,181.938781
237.966559,119,182.032531
284.279572,146,182.126281
234.334741,121,182.220031
281.977467,151,182.31378
258.137391,135,182.407532
289.722179,153,182.516905
305.49225,171,182.633963
311.351847,150,182.743338
313.490666,168,182.868338
348.314615,186,183.69646
192.185115,98,183.767085
275.333021,139,183.860835
328.838972,161,183.97021
339.168311,170,184.09521
255.680805,126,184.188961
275.460166,139,184.282709
211.923659,106,184.360835
269.236727,137,184.454584
325.519537,154,184.56396
379.455559,182,184.696585
316.356172,172,184.80596
233.036262,115,184.884088
314.968458,168,185.009084
232.394148,123,185.08721
297.796405,154,185.892183
328.929416,164,186.017182
257.079037,134,186.110932
206.324319,102,186.173432
295.359922,159,186.298431
424.951873,243,186.470306
286.239272,141,186.564056
285.743102,150,186.665428
312.375641,166,186.792529
288.681623,155,186.901903
236.117077,117,186.980028
262.896963,124,187.073778
266.617297,140,187.167527
268.127083,138,187.962082
269.436973,140,188.05583
294.496921,151,188.165206
370.093022,183,188.290206
237.761915,119,188.36833
303.540226,155,188.477743
298.593271,158,188.587079
317.587739,163,188.716183
308.053003,162,188.828603
344.684119,175,188.937977
372.022176,185,189.078604
340.83764,175,189.203601
330.554341,171,189.312975
359.916684,176,190.134868
381.335968,181,190.259868
255.108455,130,190.353616
292.959295,139,190.447366
327.157616,168,190.572366
267.278493,139,190.666116
284.23781,153,190.782612
317.693175,147,190.876362
314.96567,156,190.985736
340.258305,165,191.110736
277.641474,138,191.204486
349.59861,168,191.329486
313.489437,154,191.43886
324.111093,165,192.290062
250.960599,126,192.368186
360.99052,155,192.477562
266.810069,136,192.571311
287.465045,148,192.665061
309.586335,153,192.781552
342.745233,176,192.890927
261.072581,126,192.984678
269.641693,132,193.078426
227.041295,115,193.15655
266.422364,137,193.2503
258.671212,131,193.34405
296.370535,145,193.453424
297.656055,142,193.547174
214.648758,105,193.61764
277.476714,142,194.445763
285.422901,147,194.53952
348.064115,174,194.664512
353.856294,164,194.78099
200.611568,96,194.84349
354.944037,173,194.968491
328.78496,168,195.077867
272.584285,122,195.171614
296.733876,134,195.265363
343.516483,177,195.390363
303.579397,161,195.499738
320.914751,148,195.609113
267.680029,143,195.711857
310.148277,144,195.805607
269.343808,133,196.618104
345.938149,151,196.719969
354.451554,143,196.829345
300.818927,149,196.923094
302.798877,151,197.032468
278.827368,137,197.126218
263.177544,129,197.219968
327.001975,157,197.329343
412.331053,180,197.454342
330.949972,159,197.563716
366.781979,183,197.695965
330.997294,153,197.805341
300.990421,139,197.899091
314.617151,149,198.71872
307.49432,149,198.81247
396.107539,207,198.968719
322.694774,157,199.078095
291.255223,139,199.171844
396.080648,172,199.281219
317.892713,160,199.406223
407.780165,192,199.531219
242.327246,129,199.617787
422.936383,186,199.758413
358.232693,173,199.867786
323.722736,153,199.977161
301.917513,148,200.086536
388.450731,185,200.937441
293.800776,139,201.031191
304.162534,155,201.140568
350.698608,155,201.24994
334.186835,155,201.359315
372.329965,185,201.49994
374.012054,193,201.633835
275.008847,123,201.71196
380.187779,183,201.852584
321.83862,152,201.961959
271.96233,130,202.040084
376.798817,193,202.180709
333.017788,166,203.000774
338.773022,160,203.125774
359.406831,180,203.250774
344.775893,160,203.36015
375.645794,167,203.469524
328.690968,135,203.563274
421.06013,187,203.696295
351.318587,165,203.80567
358.904349,170,203.930668
339.319892,154,204.040043
408.958468,169,204.149418
259.407206,126,204.243166
336.572078,152,204.352542
343.865805,148,205.156524
484.463961,218,205.297148
390.025774,167,205.422148
394.92673,179,205.547148
504.328204,201,205.683992
402.577986,169,205.808993
409.384349,207,205.949616
444.103891,196,206.090241
392.359403,177,206.215241
350.920929,164,206.324615
362.282666,175,206.449615
314.007544,143,206.543365
319.443631,133,207.352005
375.1635,163,207.461379
361.39794,155,207.570754
314.34698,144,207.664506
336.862784,163,207.781012
387.918322,180,207.906013
377.186635,160,208.015386
373.805753,171,208.140387
257.269963,134,208.234135
439.089925,190,208.359134
433.903351,221,208.515384
361.857642,152,208.617693
343.53731,161,209.445816
470.892025,196,209.586441
349.638054,167,209.695815
393.581128,173,209.827944
442.574012,178,209.952943
511.080767,218,210.109193
295.375022,140,210.202943
212.561209,103,210.281068
461.565376,197,210.406067
395.017206,173,210.531066
384.378456,160,210.650113
292.268,127,210.728242
411.883768,164,211.571988
313.238166,136,211.665736
427.148076,187,211.813488
277.742715,129,211.891613
380.986032,173,212.016612
580.42922,219,212.172863
344.280777,164,212.282236
403.760991,171,212.407236
487.886401,199,212.54786
459.475584,217,212.696163
429.429899,176,212.821163
443.045399,194,212.961787
305.01969,149,213.782391
456.347101,195,213.923015
366.808198,161,214.048015
270.275019,136,214.141764
458.468275,190,214.266764
337.665241,151,214.376139
410.450244,167,214.485514
440.443687,203,214.635417
530.311477,203,214.776042
433.761578,189,214.916668
520.529745,197,215.041667
340.968862,159,215.151043
398.57414,181,215.986277
337.328851,159,216.095651
412.655869,188,216.220652
266.948524,122,216.314401
492.011751,197,216.455027
327.506861,134,216.53315
369.00255,168,216.665322
482.872069,197,216.792476
406.998706,202,216.933101
356.276534,155,217.042476
297.085269,148,217.15186
445.980735,188,217.276851
431.142258,176,218.104973
380.857041,156,218.214348
412.710735,170,218.339347
546.338681,218,218.495599
466.734035,193,218.617872
343.517744,137,218.711623
498.408364,193,218.852247
407.709642,169,218.977247
516.876997,225,219.133509
618.4291,239,219.289747
433.371597,177,219.414746
256.440725,117,220.204155
502.131292,205,220.344781
458.914291,181,220.469781
406.878216,186,220.615176
574.462605,231,220.774462
482.741054,186,220.899461
432.054874,183,221.024461
561.721132,226,221.18071
366.842073,176,221.30571
429.69271,192,221.446334
448.645006,174,221.571335
406.328166,171,222.407596
380.264223,148,222.501345
355.008224,149,222.618365
373.049433,158,222.72774
541.600999,216,222.883991
347.036536,159,222.993366
401.152386,198,223.140558
454.521999,205,223.272337
452.731625,178,223.397335
416.716208,183,223.522334
714.455949,277,223.718961
375.037742,165,224.547083
491.738312,196,224.696421
410.233879,237,224.858927
534.390697,212,224.999552
487.139086,182,225.124552
484.724263,183,225.24955
367.298547,164,225.358925
403.806932,161,225.483924
364.820598,157,225.593299
135.980184,266,225.77451
496.291585,210,226.635303
515.226379,283,226.829917
474.965186,186,226.954917
381.863068,179,227.079917
510.533676,195,227.22054
387.422802,166,227.329916
366.660894,150,227.423663
572.375469,223,227.579913
389.77286,164,227.696302
383.2331,153,227.793206
500.91234,200,227.933828
463.898973,199,228.774688
371.447357,171,228.899686
342.339719,159,229.00494
524.277324,227,229.161191
430.992067,207,229.31744
370.871155,165,229.426814
362.654144,162,229.5362
398.187241,162,229.661193
609.500539,261,229.833079
387.231719,173,229.958066
733.568236,263,230.873825
399.255637,165,230.998825
488.839033,206,231.139448
520.100415,234,231.295697
364.045389,184,231.436323
465.080151,212,231.576947
331.678999,151,231.680569
516.035317,214,231.836819
440.845812,188,231.961819
445.496074,180,232.086819
494.590276,217,232.243066
310.600161,139,233.059183
493.605219,209,233.21543
449.967258,189,233.340431
471.896863,192,233.481054
424.735493,190,233.618689
433.422009,193,233.743691
427.432869,198,233.884314
505.903816,197,234.024991
367.106783,150,234.134315
535.090245,208,234.27494
378.418988,185,234.399938
309.261424,133,235.193582
541.041936,210,235.334206
740.096523,313,235.552954
526.261752,217,235.709204
323.818898,145,235.802954
525.46804,215,235.959203
441.066617,188,236.084203
517.52127,218,236.240453
508.454947,232,236.396702
425.717783,192,236.537327
514.020921,260,237.406429
441.76947,175,237.531428
500.415446,195,237.664814
459.903405,184,237.805438
491.814282,210,237.946064
346.608974,174,238.071063
388.150223,175,238.180436
505.44539,237,238.352312
471.24568,194,238.492937
751.277989,256,238.664811
411.022941,183,239.501124
604.640959,248,239.664792
554.576584,200,239.805417
512.704849,211,239.946043
458.964121,179,240.071042
469.689727,215,240.227291
525.426139,233,240.399165
446.243271,177,240.508539
442.069991,174,240.633539
611.063497,241,240.813505
530.586461,236,241.711561
470.32171,194,241.83656
233.154121,124,241.930309
438.480578,180,242.055308
518.42113,206,242.195971
323.28707,143,242.305308
547.965507,222,242.445933
563.754137,216,242.602181
558.957123,246,242.766523
624.704272,224,242.938398
549.750617,228,243.805123
510.077885,235,243.976999
484.379135,209,244.117623
459.734815,209,244.273872
508.934358,203,244.414497
454.82646,206,244.555121
526.216458,217,244.717446
464.368833,192,244.843475
550.294784,207,244.984097
525.499242,209,245.124722
389.313679,191,245.993418
309.041597,129,246.071543
389.844576,185,246.212168
415.436184,169,246.321543
410.160235,182,246.446542
415.180134,179,246.571541
339.370986,144,246.665291
632.560096,243,246.84093
481.396361,207,246.981555
371.542495,177,247.106554
613.637227,238,247.27843
554.762352,235,248.134614
591.611793,229,248.306487
542.779898,205,248.447112
497.239052,209,248.587736
536.570762,217,248.735472
446.555786,215,248.891722
525.779378,213,249.047971
575.107746,221,249.204224
527.045145,189,249.329222
554.285507,219,250.195976
500.094269,213,250.352224
510.486211,212,250.492847
567.580664,235,250.664722
565.308145,228,250.828079
451.838644,218,250.968705
524.496706,201,251.109328
561.903061,246,251.281204
325.484134,151,251.390577
454.540323,182,251.515577
393.211503,177,252.368249
628.027633,239,252.5245
459.893371,177,252.649498
357.581821,151,252.766947
514.007662,217,252.907572
612.625196,217,253.063821
400.803246,167,253.188821
589.244754,217,253.329446
526.256202,226,253.485697
485.018317,201,253.634102
431.732969,185,254.477849
484.977367,193,254.618473
279.642376,128,254.714315
546.178701,204,254.845341
526.925379,195,254.985966
408.657198,190,255.110965
424.193518,176,255.235965
573.284053,266,255.423464
710.685069,258,255.595339
453.356257,196,255.73117
709.488075,273,256.619038
124.172283,248,256.790912
654.6809,226,256.947162
784.12261,289,257.150286
401.802935,201,257.290912
1055.532385,412,257.572161
690.705756,246,257.736531
670.029966,262,257.924029
557.134047,220,258.793144
547.862087,222,258.933769
523.762994,219,259.090017
470.007633,210,259.230642
590.996049,226,259.38689
830.226038,328,259.617953
667.446903,248,259.789828
515.996529,221,259.946077
566.568008,199,260.086703
641.292565,273,260.984428
33.789171,179,261.125053
514.936333,201,261.265678
687.864729,337,261.500052
454.158195,206,261.650657
797.212758,327,261.869407
875.034237,367,262.119407
64.775171,174,262.244406
421.385232,185,263.080621
544.880178,250,263.252495
528.380016,208,263.39312
805.274357,299,263.611869
685.678656,271,263.792275
515.451754,219,263.948525
538.883045,210,264.104774
901.426297,329,264.323524
153.213907,280,265.212234
533.402018,217,265.368485
455.719217,195,265.509109
529.374383,207,265.649734
494.556575,218,265.797527
425.716245,178,265.922526
747.392358,277,266.110026
293.141106,184,266.235025
520.221627,197,266.375648
606.415435,234,267.242633
663.384491,251,267.398883
360.07557,152,267.508256
342.104393,160,267.61763
780.920664,330,267.859134
784.786294,251,268.031007
327.909844,148,268.124758
903.654349,311,268.343507
438.551568,211,268.484131
530.23409,228,269.367765
1192.647633,417,269.664638
722.044734,269,269.84363
547.399578,215,269.999879
493.652644,184,270.124879
377.076237,164,270.234252
604.161258,220,270.390557
624.531183,255,270.562378
617.655405,254,270.742865
1293.313757,521,271.812454
577.516798,225,271.968705
590.266872,254,272.156202
550.182675,211,272.296827
1325.293607,438,272.611109
349.350043,198,272.743126
735.088995,293,273.665
1105.139947,373,273.92218
955.001472,389,274.187804
659.752383,260,274.375303
689.965644,269,274.562803
665.76319,241,274.727847
389.588741,179,274.852848
607.033834,239,275.009095
889.709322,361,275.95373
564.629144,272,276.141229
1073.289594,371,276.406853
230.165167,145,276.500604
677.391408,246,276.664683
562.112373,248,276.836556
470.203989,206,276.97718
657.275534,271,277.875924
657.075515,254,278.047798
938.888371,331,278.282172
768.164282,291,278.485298
917.058519,336,278.711688
592.532278,216,278.867937
741.005849,249,279.039812
854.327045,290,279.242937
597.394036,210,280.094794
704.799194,262,280.26667
511.443712,198,280.407292
506.423556,216,280.547918
712.100763,251,280.727149
817.032449,374,280.97715
745.17348,279,281.180273
493.269758,193,281.305273
1399.920765,506,282.360272
1389.71138,434,282.664834
472.35466,221,282.821084
501.356349,188,282.946084
706.400271,252,283.117958
530.964254,218,283.274207
724.393728,242,283.446082
605.938713,241,284.344816
605.393234,222,284.485442
849.558848,303,284.697194
421.639255,164,284.806568
406.980018,209,284.947195
661.937369,273,285.134694
856.193644,294,285.337874
615.474934,222,285.494066
776.054456,289,286.392783
632.22195,268,286.580283
748.526419,264,286.760897
774.991008,264,286.948398
338.375747,141,287.042147
963.123953,330,287.276521
761.355441,274,287.464021
525.397072,219,287.618028
655.146735,254,288.508654
1344.775821,514,288.859526
562.295252,213,289.015777
715.254944,303,289.218899
764.842391,273,289.406398
589.044452,271,289.593897
783.742529,268,289.774631
670.044985,284,290.696505
749.889797,263,290.876502
659.894498,240,291.048365
876.790212,300,291.251489
763.601059,278,291.438988
709.830302,269,291.63333
830.570918,290,291.828763
869.624016,321,292.774398
749.502734,243,292.946271
712.233141,275,293.133772
709.68074,271,293.32127
579.622607,238,293.493145
558.717586,209,293.63377
746.681458,275,293.829374
851.870379,326,294.048124
844.608868,300,294.962001
841.448969,280,295.14949
567.290941,220,295.30574
707.612575,274,295.493241
603.880007,236,295.649492
657.148495,235,295.812848
947.092534,309,296.031598
529.325405,211,296.17222
620.673426,248,297.040304
557.562982,196,297.180929
454.102216,180,297.305927
1121.052101,373,297.555926
596.266404,250,297.734915
698.994101,253,297.906788
903.559515,314,298.125538
388.202458,164,298.234913
733.746532,265,299.134194
796.166798,281,299.321693
812.496763,281,299.509193
618.071766,238,299.681068
736.154177,251,299.861068
615.201292,240,300.017318
492.580965,213,300.173567
727.420745,248,300.345442
783.251776,278,300.532941
787.033791,258,301.417722
683.189498,245,301.589597
913.277057,329,301.820966
842.470607,293,302.024088
700.699292,264,302.195963
723.718877,235,302.367837
789.223126,279,302.555336
587.976284,231,303.422824
652.365893,302,303.634068
495.36447,184,303.759067
1349.770822,448,304.071567
704.087163,253,304.243441
658.347423,314,304.446563
419.143601,168,304.571563
520.503289,210,304.717251
786.865442,355,305.649103
823.289611,290,305.856348
296.5576,159,305.967959
973.797857,368,306.217958
440.173227,165,306.342958
1195.073113,403,306.6182
482.997758,216,306.758825
766.703703,250,307.665073
946.425264,335,307.891949
1006.509762,342,308.118645
650.084215,259,308.306149
964.153511,359,308.556144
885.619923,317,308.767389
748.840427,235,308.939264
680.42865,268,309.840008
989.245375,327,310.058758
699.607528,247,310.230633
369.115641,172,310.355633
508.62502,187,310.480632
905.37552,290,310.680909
778.801425,285,310.884031
706.124433,255,311.055907
686.54511,270,311.96927
606.238077,223,312.12552
913.862427,322,312.344269
862.65361,297,312.563018
692.961627,249,312.727033
624.937775,220,312.883281
774.007513,281,313.086405
526.881904,215,313.227034
643.162273,238,314.109139
870.377633,291,314.312264
679.385799,306,314.535275
1122.415417,375,314.79426
498.016986,210,314.934883
383.806277,157,315.04426
949.312713,324,315.263007
503.127596,182,315.388007
750.541211,275,316.274487
665.106567,229,316.430736
571.366668,245,316.602611
1126.170585,423,316.898234
713.451883,306,317.101358
1097.62062,393,317.366983
477.178368,203,317.507607
638.69554,233,318.375107
653.259184,238,318.546982
684.355583,320,318.758944
875.338213,285,318.966337
631.301828,225,319.122586
523.63071,199,319.247587
1285.176972,439,319.560086
921.808803,293,320.461694
750.080166,259,320.649194
892.745826,284,320.844798
844.119533,288,321.032298
720.84462,279,321.235422
578.936058,229,321.391672
760.376102,267,321.579171
577.2173,203,321.727678
920.378181,382,322.696337
849.855418,329,322.932822
589.071791,214,323.073447
1023.362104,406,323.354744
602.402527,201,323.495319
1014.999563,326,323.711963
951.85368,327,324.649462
833.486715,284,324.848273
748.895585,271,325.020146
609.421903,213,325.176395
402.764343,159,325.28577
699.219507,236,325.44202
758.711849,286,325.645144
744.413767,259,325.817018
604.260142,216,325.973269
900.388319,277,326.871119
2086.185175,729,327.371115
612.212925,240,327.54299
332.437915,151,327.633408
1002.122752,351,327.883407
753.742942,252,328.055281
1033.129739,331,328.985258
876.363791,319,329.204007
593.14041,207,329.344632
509.960261,183,329.469632
698.337242,244,329.641507
706.34099,265,329.829006
1661.850313,521,330.18838
1225.880327,455,331.228439
1316.479588,447,331.540938
523.866537,194,331.665938
1308.714856,432,331.969927
1611.433165,536,332.343569
511.440923,203,333.195968
1000.487739,325,333.414717
1163.81708,368,333.664718
1059.58796,321,333.891572
891.425698,297,334.094698
1287.799117,495,334.422823
739.444086,269,335.305581
809.288234,339,335.539954
924.224038,322,335.766808
538.774426,231,335.923058
582.205689,218,336.079308
1241.837347,378,336.329306
1331.891629,449,337.352751
1018.631609,408,337.634001
704.402465,247,337.81401
1075.1318,435,338.110886
704.063406,263,338.282759
449.183558,185,338.407758
965.971948,303,338.618085
652.032939,230,339.479558
770.359408,363,339.736648
963.469482,358,339.986648
782.946611,281,340.178613
1451.532689,438,340.475487
1244.420452,519,340.842621
1075.549663,324,341.789989
951.703164,343,342.024362
968.53088,339,342.258738
813.209433,283,342.461861
905.866517,295,342.664985
655.779135,227,342.812719
981.827832,334,343.742911
535.822004,216,343.899161
1047.618579,353,344.133533
440.070498,175,344.258533
1143.905154,401,344.539782
1237.518827,436,344.829123
317.348367,137,344.922873
652.704687,246,345.094749
1008.885358,324,346.039637
852.195066,281,346.227134
949.39249,359,346.46151
826.727547,275,346.649008
471.976215,212,346.79772
2513.145702,887,348.103008
615.513986,237,348.27488
1373.435024,476,348.587379
394.585524,184,348.719495
1689.690947,486,349.047621
514.204867,183,349.172621
732.170538,253,350.071062
1480.114937,497,350.414799
1136.25453,362,350.664797
1147.073232,362,350.921917
741.762718,262,351.109417
368.150676,154,351.203167
1193.484419,361,351.453166
934.130369,301,352.36771
784.823617,279,352.555209
505.681267,218,352.716546
1014.913632,376,352.959681
899.637677,289,353.162807
1398.181722,433,353.459678
867.883553,325,354.375064
633.108112,210,354.531315
1209.524841,430,354.821179
956.884083,445,355.133678
647.934956,246,355.305553
720.266085,228,355.461803
611.148886,205,355.602427
381.674553,158,356.407365
867.478259,318,356.633704
1859.710745,597,357.039952
557.424965,367,357.289953
865.470016,283,357.477451
522.832535,186,357.618075
595.563235,213,357.750582
906.189473,287,358.649802
1562.835093,470,358.977925
868.528703,343,359.212299
1140.116057,401,359.493548
727.840101,250,359.665423
2081.48205,652,360.840498
890.263975,309,361.059249
608.77571,230,361.215497
799.822631,252,361.387374
546.597209,194,361.527997
1330.446676,404,361.806037
689.035259,253,361.977913
830.287938,281,362.892266
834.485693,278,363.095391
1371.957171,462,363.40789
1695.212944,532,363.776657
560.045285,211,363.917282
1126.434757,346,364.151658
867.436633,338,365.103772
1210.314863,377,365.369395
704.09016,264,365.541269
509.626883,188,365.666274
641.913368,223,365.831614
641.177758,248,366.003489
754.990814,282,366.190988
1587.954196,571,367.2928
992.825243,325,367.511551
1133.194635,375,367.773955
1375.184376,506,368.117704
319.341201,143,368.227079
988.677908,362,369.187328
2969.247674,1000,369.867766
947.35442,267,370.055265
721.379005,275,370.242765
672.681008,320,370.47714
1131.600854,370,371.453988
1313.726239,528,371.82265
1053.183665,332,372.041399
1073.460956,387,372.307026
1175.896462,388,372.572649
1139.627397,374,373.548524
527.670292,208,373.696339
990.716772,343,373.917192
700.250513,291,374.120317
779.354539,261,374.29219
1098.430437,386,374.557814
1419.860348,517,375.619301
1045.530331,326,375.853677
1662.536214,523,376.197426
1217.856103,382,376.463049
1206.383684,447,376.768068
916.416891,282,377.665035
748.057336,259,377.836908
1339.223363,428,378.133783
1380.094049,429,378.430657
950.288728,302,378.633781
1327.936217,439,378.938762
1871.704513,656,380.102633
758.567493,233,380.274508
846.332352,280,380.462008
858.228642,269,380.649507
632.52878,247,380.813855
864.727652,274,381.01698
1140.679349,326,381.945829
380.206167,163,382.055204
912.033879,330,382.289578
1102.075563,329,382.508327
1342.479985,454,382.827893
1328.926605,419,383.124768
1135.896797,358,384.074872
790.650296,282,384.277996
1155.827853,414,384.559245
1509.294407,423,384.852201
643.02798,246,385.008451
851.636616,266,385.19595
1323.845699,403,386.172806
1306.618091,372,386.422805
1010.535354,316,386.649395
820.04508,260,386.82127
1823.674015,554,387.203584
1650.175577,462,388.243146
839.855676,294,388.446271
1638.453536,475,388.766044
1334.927082,381,389.031668
1280.514434,383,389.297293
1119.083208,343,389.531667
1434.331792,409,390.539553
1743.302839,498,390.874754
905.618155,297,391.077879
1080.391259,318,391.296627
881.888197,275,391.484127
893.478981,301,391.695806
1314.316166,399,392.680176
1289.733584,391,392.952885
1727.452196,574,393.343509
1798.118081,536,393.712219
947.002742,302,394.618469
1892.24222,530,394.984966
1717.526072,482,395.313092
665.907101,236,395.46934
1183.591943,349,395.711963
1190.461245,376,395.961963
1067.801515,353,396.906568
1266.611189,457,397.219067
843.694693,316,397.437816
752.575733,254,397.616855
990.617735,325,397.836636
1377.843137,384,398.829175
422.443556,181,398.954173
1542.10138,501,399.297922
1181.407659,342,399.532298
1517.938651,474,399.852873
2532.682258,738,401.079754
849.788803,308,401.298503
2003.922189,563,401.680143
820.118243,272,401.871733
1656.210958,475,402.199857
702.143054,265,403.118818
1593.072349,453,403.431317
1004.65664,297,403.634441
3027.057027,788,404.172817
1175.912095,430,404.469692
3388.700982,1000,405.85955
1430.492281,403,406.140821
1354.068932,442,406.437676
1665.647873,521,407.50878
1738.771539,500,407.860627
1158.100556,360,408.110626
1778.524106,462,408.423125
854.832016,260,408.614329
1697.447467,496,409.665231
992.965704,332,409.891104
1391.173212,421,410.172352
1878.549094,612,410.594226
1697.08073,454,411.618581
985.901958,315,411.828809
1428.895415,427,412.125684
850.762675,261,412.297558
1115.155254,374,412.563182
2689.353111,757,413.783101
713.027637,261,413.966638
718.907455,247,414.122888
819.052685,274,414.310387
2220.795808,661,414.774213
1267.401514,362,415.008587
923.785211,281,415.906324
368.951602,145,416.000074
1220.419741,348,416.250073
2386.775117,679,416.711802
1114.113954,345,416.946177
356.708743,141,417.055553
1297.023292,365,418.016816
1846.498723,538,418.391816
686.840373,228,418.548068
1466.939263,429,418.836976
2295.677287,602,419.243225
2168.187227,618,420.390959
1295.562852,364,420.633962
565.637296,199,420.774586
1131.645232,326,420.993336
2712.512418,753,422.235811
1018.993681,314,422.438934
1175.08352,348,422.680899
647.088079,232,422.837148
2632.377777,702,423.305897
687.444852,238,423.462146
1142.584441,356,424.407738
1342.836835,405,424.695769
3224.173141,859,425.276007
946.837257,303,425.479131
980.951211,321,426.424743
441.143537,184,426.549743
1117.615401,339,426.793848
1048.322626,358,427.028222
3491.591393,907,427.664624
1320.716736,419,428.648996
2243.570887,666,429.11026
1569.819622,490,429.45401
1087.142078,324,429.680128
989.57077,328,430.633252
1531.537038,478,430.95291
691.193479,232,431.124784
1411.371216,401,431.390409
3033.927166,946,432.766379
1495.210845,700,433.250751
1152.99582,375,433.500751
419.886762,172,433.618386
2137.083708,620,434.04027
1842.790994,532,435.095245
1451.785548,436,435.392121
873.859408,257,435.579618
1629.258555,488,435.918099
3343.998752,915,437.259977
1554.715525,435,437.556848
1751.009192,515,437.908718
1374.721243,382,438.158717
686.655637,226,438.314967
1810.680897,505,439.387357
1126.213123,368,439.63416
594.874334,235,439.806035
1143.866329,354,440.056033
2455.248249,668,441.251634
1098.763711,317,441.454757
983.684358,323,441.680643
1474.459571,389,441.949383
1009.501512,301,442.168132
1073.534074,324,442.386884
1546.447131,450,443.399568
1210.366435,361,443.649567
1722.383871,490,443.984783
2448.951534,596,444.391033
2376.416469,650,445.555253
2553.281168,706,446.031124
495.52678,194,446.171748
2045.956105,555,446.546747
2970.092698,775,447.796759
979.34865,283,447.984259
3406.187212,864,448.587284
2124.919708,555,448.97827
1536.038806,409,449.969759
1000.831722,314,450.188504
2704.466042,706,450.680876
2091.720402,545,451.062973
1462.516694,496,452.117847
2736.068274,759,452.633472
1097.922081,338,452.859345
349.532182,147,452.96872
1873.636913,472,453.992801
869.706627,298,454.195924
1891.051284,496,454.533281
937.956436,345,454.777529
1865.589317,542,455.152527
2614.957355,681,456.321074
2664.972802,701,456.813596
1213.330642,350,457.053259
1151.582206,356,457.287633
1489.758173,451,458.309037
2374.281814,642,458.759202
936.272656,313,458.977952
2288.273067,592,459.384202
1006.318158,292,459.587325
1489.033779,437,460.618674
1670.619933,481,460.934361
1366.989396,376,461.199984
2006.554056,541,461.574984
1457.8782,404,462.570944
1445.078618,459,462.875924
1903.027344,535,463.250923
2756.593796,706,463.727111
1242.0267,336,464.680233
2681.83441,747,465.202988
97.852929,227,465.359237
909.895738,274,465.546737
2559.922702,635,465.977168
1030.784495,292,466.89152
1059.474683,358,467.125894
2021.688193,521,467.485268
995.243746,303,467.696303
2952.763495,738,468.922144
583.448116,215,469.06277
1389.90408,384,469.328394
1515.782867,471,469.649428
2233.30046,659,470.118176
943.95717,286,471.000311
619.215908,209,471.156562
1765.316767,508,471.484685
938.393161,300,471.695826
1900.132441,502,472.02395
1606.839214,464,473.032039
713.920548,235,473.203913
1019.149128,292,473.391414
982.405144,332,473.618449
1887.181079,527,473.977823
3469.129101,914,475.380013
1026.94903,286,475.583137
1385.529249,405,475.880011
1729.835716,476,476.223758
2414.863493,637,477.435671
992.129749,317,477.664699
1483.434155,442,477.977198
938.467689,305,478.195947
3705.14449,956,479.665406
1071.053636,318,479.899781
954.213958,309,480.118528
1784.590337,496,480.477902
833.820842,315,480.696651
1728.690651,598,481.88414
1244.083217,353,482.13414
614.475185,245,482.306014
491.081552,193,482.446638
1401.873417,386,482.721347
1443.462594,435,483.049474
1413.892228,387,483.330723
3211.865198,801,484.680389
565.766393,219,484.836639
2221.613524,617,485.274138
717.809891,248,485.446012
2318.583722,609,486.649392
2341.487001,622,487.086893
1468.992805,430,487.38835
568.344236,216,487.528977
3030.418176,760,488.766592
1013.13397,327,488.985342
1209.214734,343,489.219716
1719.980989,479,489.563465
1482.802702,408,489.836636
2846.408936,711,491.01661
2330.368255,616,491.438484
1419.767484,381,491.696959
932.424971,308,491.915708
2302.2621,607,493.017547
974.434826,302,493.220671
1555.132094,424,493.517545
1550.354683,422,493.807832
846.255254,253,493.979707
885.320333,286,494.899615
1926.085817,545,495.274615
1273.438889,437,495.571488
3842.265145,946,496.930999
984.099692,311,497.149746
896.895678,283,497.337245
2755.101739,727,497.844374
2008.811097,520,498.203748
1418.857769,383,499.196005
842.981176,291,499.383505
1942.514218,510,499.735334
1174.331155,319,499.954083
3061.667365,808,501.211659
996.988553,337,501.446032
554.849899,180,501.571033
1105.718368,314,501.782238
1492.125779,444,502.079112
667.061231,224,502.235363
1551.170652,417,502.516612
1367.812291,368,503.477688
1088.575608,325,503.715131
950.058611,301,503.923288
1696.702173,524,504.282662
3262.744602,822,505.555996
1269.011351,342,505.798471
1652.878607,466,506.110971
2040.476015,561,506.501595
977.039738,315,506.730269
2356.656867,629,507.863016
1566.700921,415,508.15989
1549.641142,393,508.425514
809.076893,251,508.597389
2559.266833,635,509.743191
1849.071209,547,510.102566
1184.782647,331,510.336939
2501.342656,618,510.751177
2215.034329,533,511.820991
1254.175567,360,512.07099
948.882538,280,512.25849
902.559672,270,512.445989
2274.989158,578,512.844695
1180.290423,332,513.063444
813.601193,235,513.946215
1048.706197,294,514.149339
654.870744,221,514.305589
436.840766,173,514.414963
795.102512,240,514.586837
1099.582158,344,514.813715
783.535367,226,514.969965
749.885502,236,515.141841
1636.206196,430,516.149202
820.663136,252,516.321075
2187.834659,562,516.715817
1205.50924,317,516.922972
738.585864,275,517.126097
677.223605,209,517.266721
817.950111,251,518.149801
1164.598483,315,518.352927
1541.375152,388,518.618551
653.615169,224,518.782928
1067.987625,308,518.986053
2135.19462,532,519.361052
1399.401914,404,520.323406
1491.156702,388,520.589031
1526.820131,402,520.868305
1011.929236,290,521.055805
1440.190836,403,521.337055
412.47475,163,521.446431
1416.584582,396,522.443631
2395.884036,585,522.844255
1154.779921,309,523.063004
872.651933,264,523.243497
1021.504405,329,523.477871
880.464658,249,523.649746
1105.508622,309,524.564075
991.899961,289,524.762814
1719.563027,453,525.083508
1374.362508,396,525.349146
1904.897465,508,525.708506
1525.343544,389,526.6967
1499.901277,385,526.968449
854.38839,265,527.149574
946.813609,277,527.337072
1764.882093,488,527.68082
2739.415443,729,528.884275
983.053959,326,529.103021
1718.724905,452,529.415521
3401.076189,791,529.938294
2730.134505,767,531.165664
1001.532906,321,531.40004
1119.442304,316,531.603163
737.183645,230,531.76654
2366.952954,597,532.172832
773.013958,233,533.049151
1804.524249,458,533.36165
2500.440465,709,533.83976
823.097015,256,534.011635
3663.028446,884,535.330177
1209.817634,327,535.548928
1243.405973,385,535.808721
2444.988714,657,536.267633
354.016849,142,536.361382
1177.238785,312,537.308776
1483.344327,377,537.574399
977.220417,270,537.759442
2359.000369,641,538.196938
1619.06835,452,538.509438
1200.48968,330,539.454798
1942.268159,510,539.793538
3010.884856,790,540.340412
2886.914119,720,541.555189
2781.357897,716,542.046668
3265.623938,796,542.577916
3976.864288,1000,543.969649
1207.377661,334,544.204022
3289.799154,885,544.806468
2186.523337,583,545.922941
1146.770049,328,546.141689
824.019967,247,546.313564
2795.614455,705,546.805625
280.00998,129,546.899376
325.195474,139,546.993127
3863.254809,1000,548.375235
396.936334,158,548.484608
787.075212,250,548.650475
458.252581,172,548.775477
3762.744549,1000,550.157561
3769.516007,973,550.805933
1894.450024,492,551.134056
1744.18709,437,552.142209
2276.826876,562,552.517209
1076.963992,305,552.731168
2156.383883,626,553.153043
1284.146032,335,554.087533
1432.554752,437,554.384407
3767.824714,1000,555.048738
945.750134,294,555.251863
2261.396069,609,556.402335
685.492649,222,556.558584
1219.948097,334,556.790162
1217.29387,320,557.008913
1498.501463,399,557.274536
1066.483775,343,557.508918
1269.771397,368,558.485752
3941.574436,1000,559.181037
1958.428126,505,559.524787
426.434266,169,559.634163
1449.701584,432,560.633452
3007.589794,811,561.180325
3482.276315,956,562.547779
2966.942451,825,563.102324
3698.169559,1000,563.796939
1002.860043,328,564.743542
3492.864071,1000,565.431042
1018.30081,299,565.64979
3166.996102,858,566.950017
4011.598471,1000,567.633931
501.687355,192,567.758934
582.435176,212,567.915182
1846.175078,496,568.954312
2435.237428,746,569.469936
2151.107045,592,569.876185
3291.994203,924,571.21214
2482.377511,613,571.634014
1557.455346,428,571.923377
3741.002483,893,573.227875
1689.918328,455,573.524765
3946.516475,1000,574.219349
801.300109,264,574.406848
2722.825109,777,575.649008
3684.716013,966,576.312375
554.995942,218,576.453
1770.483956,503,577.524194
3416.21545,911,578.157295
1428.39206,418,578.438544
3444.944524,927,579.799834
924.818481,292,580.002957
477.160491,165,580.112331
3848.75012,1000,580.792999
391.588021,151,581.589871
658.844182,238,581.758404
1497.471757,406,582.039654
2082.149009,518,582.383402
3463.505362,1000,583.789509
1452.901165,433,584.08638
982.375389,303,584.289506
957.097565,288,584.492629
1585.649622,453,584.796606
3194.149557,819,586.071672
843.966085,260,586.243546
926.067942,300,586.462298
3613.985767,963,587.126642
3590.067233,1000,588.527915
1179.889323,329,588.743181
4190.847337,1000,590.140928
1460.398986,456,590.453429
1408.224,432,590.758945
1208.443755,384,591.023222
362.784821,146,591.116971
3902.107084,1000,592.493839
1371.410573,407,592.767564
1027.368271,325,593.006088
3399.273741,901,594.33421
1820.772944,506,594.681881
1051.273257,332,594.91089
1145.127,316,595.129641
1757.426711,476,595.442138
632.79183,234,596.324492
1660.412528,473,596.649748
1207.189801,328,596.884122
1231.415703,352,597.12313
350.625045,154,597.22811
1006.644603,340,597.462482
1331.759079,365,597.720613
1450.867008,378,598.696097
989.082812,292,598.886714
1582.854105,432,599.183588
2159.676243,637,599.619298
1835.782383,557,600.697422
1115.699227,364,600.938909
1294.789625,373,601.188906
1478.450333,398,601.45453
962.580711,277,601.634036
1303.942627,396,601.915286
886.372346,269,602.814023
1077.393625,308,603.032771
1046.70225,296,603.22027
3772.421467,961,603.868224
848.227548,266,604.751318
2253.443268,594,605.157568
1135.221524,331,605.391941
1432.569411,394,605.665113
906.908496,288,605.868238
994.751841,300,606.071364
1207.258017,341,607.047249
1457.799697,376,607.297248
2285.753251,579,607.696249
2572.01227,671,608.164998
2472.465009,632,609.31273
2467.854244,605,609.727334
1338.432492,370,609.99296
4027.168777,1000,611.37508
1161.034617,354,611.618336
916.000008,275,611.805837
4086.241603,1000,612.493334
1185.698419,335,613.423323
4017.227227,1000,614.102851
863.536452,280,614.29035
1078.020186,308,614.509101
1050.713141,301,615.422477
2119.811931,551,615.805262
1028.501714,317,616.024011
2506.590583,695,616.508385
1497.835931,425,617.500841
1453.998437,427,617.789671
1366.601925,365,618.03967
984.396086,290,618.242811
1839.682677,472,618.555294
1768.26112,489,619.594637
1064.263911,297,619.805144
1624.292265,410,620.086394
1393.338092,376,620.352019
1322.876674,394,620.617642
2242.617974,586,621.727698
1527.803337,446,622.040196
467.304489,189,622.165195
1604.050767,473,622.477693
1722.591425,439,622.782652
1148.076586,361,623.032651
1937.628409,533,624.086904
1324.917747,356,624.336903
2785.120369,679,624.799149
908.095119,271,624.986647
1740.834662,512,626.073817
2071.961687,497,626.417565
3971.171307,928,627.055272
2732.766638,698,628.266997
997.659512,297,628.470121
1439.509742,415,628.760503
984.28748,296,628.963631
656.664436,208,629.104255
2108.230406,557,630.205128
3942.448635,1000,630.886097
2155.059967,598,631.292346
706.138715,221,631.448596
1158.010095,349,632.398956
2724.572618,688,632.874779
1058.146416,311,633.093528
1778.142181,483,633.421654
2629.615481,676,634.587294
1334.907437,434,634.875641
824.334186,277,635.063141
479.32605,194,635.203764
1125.861461,328,635.422514
893.195573,271,635.618532
1556.112781,431,636.634155
2484.55934,608,637.048533
3451.739933,850,637.633774
858.099904,250,637.793152
2165.149339,545,638.88418
3898.534326,965,639.540428
1698.497069,471,639.876645
429.665671,158,639.98602
1536.831015,408,640.965586
3361.068662,837,641.543709
2199.445293,567,641.91538
1385.961619,397,642.89904
3270.652861,794,643.46154
1279.044442,359,643.71863
377.814199,148,643.812381
2601.909994,643,644.249879
2944.377322,716,645.47727
1714.476164,434,645.781256
1446.67431,388,646.046869
1889.743545,480,646.374992
2487.545146,669,647.555614
4113.918268,980,648.219951
1300.182419,370,648.46995
2034.523134,522,649.555711
2791.847125,698,650.032553
619.264127,200,650.173178
1244.307566,369,650.423178
1104.007279,313,650.63408
1890.524169,504,651.680952
3880.89549,954,652.329678
2097.336787,506,652.681053
759.845022,231,653.543529
2735.868203,711,654.024581
947.181768,337,654.258955
3981.60801,1000,655.665411
4071.117919,1000,656.352912
852.805249,265,656.540409
3446.321175,848,657.835209
2293.257947,608,658.257083
2910.494675,745,658.764955
1254.564735,357,659.014955
1233.003075,334,659.961454
4087.395174,1000,660.633327
1612.014739,450,660.937332
1746.455477,451,661.942445
3922.505722,1000,662.619159
3032.880922,749,663.139887
2472.742696,669,664.3154
1509.236108,390,664.581026
1085.716206,332,664.808536
1570.744607,413,665.096034
4164.624644,1000,666.480268
635.17311,216,666.633699
717.301309,213,666.774323
3953.375756,972,667.453499
938.78857,264,668.352541
926.484811,280,668.54004
2352.520496,614,668.954376
328.974826,139,669.048125
3821.364364,1000,670.446117
1915.851538,520,670.797997
3784.965731,1000,671.485496
4028.655282,1000,672.875878
922.93477,303,673.094628
4090.45477,1000,673.774647
1389.437937,404,674.751492
1028.031913,293,674.954616
759.165481,251,675.126492
1143.433522,331,675.360865
3771.750773,944,676.008305
1164.236596,327,676.952921
954.669152,273,677.140421
3010.551242,781,677.680448
1017.327776,306,677.88357
1442.517833,398,678.891724
4074.098848,1000,679.563596
1179.056144,314,679.775788
877.697388,278,679.96329
3266.854893,794,681.204804
850.098658,250,681.361053
1509.477626,419,681.649291
1081.521813,288,681.840868
4062.327191,1000,683.243216
898.176016,272,683.430714
2511.957685,603,683.845075
1728.190353,437,684.141949
2227.596558,580,685.243426
3104.733377,741,685.750574
2030.954077,514,686.109947
1279.719704,374,686.359946
2173.750177,577,687.510197
445.946584,165,687.619573
1047.714282,288,687.814189
2539.218635,618,688.251687
2332.294042,545,688.617838
3971.294649,920,689.961419
4140.381733,1000,690.648918
1850.153711,476,691.6984
1220.563497,331,691.914556
2571.476507,654,692.367667
2805.475958,661,692.812245
4164.297277,1000,694.195775
1007.305081,284,694.386509
914.232208,279,694.574007
1835.464544,464,694.899095
1501.063188,392,695.87499
606.535125,189,695.999989
1566.80842,424,696.296861
591.37794,195,696.421861
2959.864289,748,696.945751
981.372038,288,697.133249
1477.681193,394,698.125735
3216.193378,784,698.66487
1729.539618,442,698.961743
622.332831,208,699.102368
2076.35543,517,700.157355
1947.229561,704,700.649644
301.077388,137,700.743394
2181.027374,540,701.118394
405.656691,176,701.227768
1463.387013,388,702.219256
1319.684384,350,702.453631
2281.945936,572,702.838323
973.426524,293,703.041447
170.985092,291,703.24457
1389.795794,383,703.510193
4347.542612,991,704.901699
1809.498271,457,705.214198
2019.22679,502,705.557947
1272.01789,334,706.508735
845.463209,249,706.68061
345.253836,135,706.782507
332.266759,138,706.876255
1370.784462,369,707.126256
2351.003232,583,707.516878
1935.07554,477,708.555502
2991.771258,724,709.047985
1627.73806,409,709.329234
859.823283,267,709.516733
486.33514,175,709.633453
1859.675636,479,710.695951
2057.93377,517,711.031241
2255.42475,557,711.421865
2105.615818,513,711.773983
1671.510176,428,712.750864
2091.624864,492,713.094614
1596.362288,434,713.391487
2354.957837,578,713.774813
1164.721918,312,713.993564
2126.408849,537,715.095451
1779.287511,446,715.392327
3029.04435,701,715.870491
1659.499628,432,716.167365
1300.70892,378,717.149741
2911.416755,690,717.618491
2098.916512,523,717.98598
1503.327291,396,718.251604
2666.355549,621,719.376637
1245.53816,335,719.611011
2782.098145,667,720.073846
1466.888223,388,720.33947
988.870082,278,721.232263
2877.335329,675,721.680851
1425.546899,383,721.946474
899.960715,257,722.11835
2315.841621,567,722.493348
2550.185998,629,723.633765
1634.83679,460,723.946264
1031.530484,276,724.133762
2938.336915,696,724.618135
3377.205166,796,725.867846
876.247307,263,726.055346
2663.059925,647,726.492844
2316.542069,570,727.593685
1277.995939,344,727.820876
2249.519261,592,728.227127
1249.170928,424,728.523999
3779.949908,899,729.883517
1676.107378,436,730.196016
2185.434417,571,730.586637
3329.723648,771,731.805558
3264.251541,767,732.336807
2393.864058,607,732.750185
4245.141694,1000,734.16472
3436.482061,806,734.717666
370.035628,157,734.812483
2943.185428,747,736.040543
2026.014056,519,736.384293
403.115545,173,736.509292
1913.580689,498,736.845522
2063.454229,527,737.215163
2251.825638,573,738.324763
4243.175936,1000,739.023994
1160.722059,335,739.258368
2378.579914,626,740.406101
4320.858093,1000,741.086833
1948.58766,466,741.399332
2254.242526,600,742.515847
1470.221045,402,742.774487
2201.344748,607,743.196361
3904.593712,915,744.53158
4319.772173,1000,745.212198
2865.755729,715,745.713253
4147.266517,1000,747.11069
4030.294689,1000,747.789772
2685.642976,645,748.969792
2088.594282,537,749.329165
2190.797225,592,749.744005
2412.552084,612,750.86219
3962.257976,1000,751.549688
3854.005202,1000,752.95704
1857.788519,494,753.300788
2233.393811,648,753.74658
3368.389908,825,754.309076
703.376236,218,755.165467
2195.657581,564,755.55609
3947.675455,1000,756.236073
3868.707992,1000,757.649329
1525.713483,435,757.946203
1920.049181,520,758.305577
1180.815642,348,758.53995
3933.482847,1000,759.946572
4023.732726,1000,760.618447
1575.88364,411,761.595326
2142.402792,530,761.94848
4091.280453,1000,762.634124
3021.869136,743,763.844362
1312.599603,359,764.094363
3313.007734,816,764.650863
1640.873782,454,765.650859
403.965853,167,765.768339
1513.780316,383,766.033962
1816.613818,486,766.362087
1816.720142,500,766.712703
2376.207933,596,767.837005
1522.302183,378,768.087005
1291.470793,338,768.321379
3534.383076,798,768.87635
4134.468162,1000,770.274451
1228.416059,320,770.4932
4091.393853,1000,771.173162
3518.609582,808,772.430259
1901.732144,477,772.749834
2692.110882,681,773.202958
1307.824931,358,774.149792
1927.046941,498,774.493541
1628.554951,433,774.782911
2840.503854,666,775.236037
1842.238902,475,776.277705
904.28945,269,776.465204
1151.019042,327,776.680981
1801.782478,431,776.977855
1268.097415,358,777.212229
2734.197558,682,778.392198
1461.21304,392,778.664566
1531.700251,438,778.94995
2622.144994,655,779.403074
288.948883,123,779.481198
2001.165893,498,780.5323
2566.008932,622,780.96193
414.520197,170,781.086931
3717.977043,885,781.696303
4238.590649,1000,783.071568
3401.055173,891,783.665317
2663.721146,658,784.823917
1723.600867,458,785.136418
3801.99267,928,785.774693
4317.058208,1000,787.172461
1926.282215,492,787.500583
1790.368201,426,787.806106
781.975372,268,787.97798
1358.313695,353,788.922652
4305.386403,1000,789.594525
4068.654894,966,790.969261
1121.53996,349,791.203636
4156.104657,1000,791.88337
3833.57495,918,793.344625
1655.164922,445,793.649371
4041.356095,959,794.305622
4344.169266,1000,795.711857
206.231829,95,795.774357
345.613844,137,795.868106
1775.102276,450,796.180605
2829.211175,670,797.34396
346.604559,138,797.437766
3124.569813,752,797.962548
2106.441834,533,798.337548
1014.321521,283,798.525049
2352.260664,633,799.680913
1941.311612,492,800.026762
441.37353,156,800.120511
2731.446941,679,800.58926
2597.218856,635,801.751573
1623.838242,418,802.032823
1228.274252,331,802.251574
1663.972617,426,802.548446
3168.465743,793,803.791487
3410.936974,866,804.378804
644.224618,217,804.535053
2381.559985,594,804.937361
693.346936,219,805.802035
1724.163189,438,806.098912
2046.586788,573,806.495655
362.580211,156,806.595515
1522.004624,429,806.879059
1540.036374,397,807.87095
4234.502055,1000,808.558447
3548.390427,841,809.133923
2138.175242,532,810.219179
1541.611095,399,810.500431
83.455887,58,810.531678
1579.004195,415,810.82167
3626.607627,846,812.095383
1829.530288,475,812.423506
2006.112236,503,812.77691
4054.903831,1000,813.448784
2737.251718,692,814.649853
1859.10166,460,814.954863
3127.165904,725,815.454862
372.99333,141,815.548612
1834.403345,483,816.58924
4002.235789,1000,817.274498
1600.709231,439,817.571371
2067.678863,494,818.649639
448.844602,167,818.774638
1535.733138,408,819.055888
4233.888163,1000,819.735878
346.826062,139,819.829627
1271.702495,361,820.790378
1231.567208,360,821.040377
2647.119687,642,821.477878
2825.208855,673,821.938156
3399.483071,768,823.187425
1391.489802,378,823.437479
3004.683164,729,823.945824
1719.301686,438,824.950509
1274.748728,345,825.195151
1327.816046,381,825.460776
3827.858321,928,826.093894
3965.272902,1000,827.477748
2721.929351,676,827.938967
2935.236257,750,829.181026
1580.144368,392,829.446651
4114.575798,1000,830.126655
3229.830614,798,831.371808
2474.435412,600,831.790413
1348.202403,359,832.040418
1765.819221,459,832.352912
1058.449681,295,833.267249
4125.363948,1000,833.949674
2767.574769,673,834.402797
2507.118093,607,835.514837
1770.894402,451,835.821107
3117.039094,725,836.321106
2042.212228,508,836.664856
270.564929,116,836.750109
2191.725081,580,837.868966
2533.530763,622,838.29084
1525.386886,401,838.572089
1827.014493,465,839.610452
3307.893887,780,840.133426
1977.054181,545,840.524051
2764.839463,688,840.991516
2758.163798,681,842.172483
2574.245817,625,842.594357
4139.871959,1000,843.984219
1978.53877,484,844.312345
2418.951016,616,844.727206
2381.362863,604,845.133455
1758.473709,454,846.15719
879.905379,264,846.34469
2158.205744,547,846.711681
4206.574974,958,848.078147
1239.729966,329,848.312521
4293.071852,1000,848.993119
2607.542402,645,849.430616
1850.266316,454,850.465277
1332.163491,379,850.712306
4000.033968,982,851.399804
1473.247171,376,852.376645
2244.056936,551,852.746731
1759.276392,440,853.043606
2918.125994,740,853.559228
2023.605959,520,854.618335
1996.976112,480,854.937946
2846.684823,691,855.42232
2121.016058,512,855.759092
1793.398443,446,856.797445
3924.944155,886,857.391193
1016.864312,305,857.594317
2829.560143,700,858.798085
680.474763,216,858.954334
3579.467052,842,859.532459
4206.167668,1000,860.937279
4236.110109,1000,861.618524
1375.039331,376,861.884148
4345.110106,1000,863.250675
3804.366518,1000,863.93098
3827.451312,900,865.250604
3195.30613,745,865.758957
3033.064779,720,866.258957
2937.553774,702,867.438955
2005.900191,550,867.821428
4295.209531,1000,869.234814
2366.777234,604,869.649443
1198.325685,335,869.868194
4447.950135,1000,870.555691
1902.028079,463,871.594039
4202.828997,937,872.230333
2461.171129,597,872.634046
3663.087142,865,873.938046
3620.355419,867,874.531793
3193.962574,771,875.780689
4360.762021,1000,876.463857
4302.139068,981,877.833618
3493.988739,804,878.382682
369.752205,152,878.492056
2786.49796,663,878.936701
2005.274291,470,880.008729
2886.772933,682,880.477476
4443.810812,1000,881.157445
3119.204239,698,882.337177
4204.628398,1000,883.016215
2568.187009,605,884.133458
1835.162917,479,884.461582
3110.687459,742,884.953038
2107.803178,502,885.296787
372.769262,158,886.118533
2476.08455,592,886.524784
877.164159,261,886.696657
2617.695613,631,887.126667
996.151843,299,887.329791
1103.931114,305,888.247172
4032.834914,920,888.883874
3861.198411,910,889.508873
327.839327,131,890.329489
618.170042,195,890.454488
3439.161517,767,890.97777
4131.9132,901,891.602767
4433.550624,1000,893.00919
1644.136371,433,893.290438
2119.861027,508,893.649812
4168.784898,954,895.011397
4517.852351,1000,895.696532
586.759412,188,895.821531
893.496216,267,896.720302
2469.069189,573,897.110926
2246.727252,540,897.485925
1186.798653,336,897.714681
1487.535621,385,897.980307
2492.871332,569,899.102585
4211.153203,963,899.751293
4171.539624,1000,901.134963
3862.967134,917,901.774107
2906.758327,709,902.256291
4389.580871,1000,903.650302
798.706528,245,903.822177
4196.379584,961,905.173058
349.065033,148,905.282434
2662.003951,652,905.727366
3216.631883,754,906.242989
1454.480156,372,906.492986
864.7659,254,907.376096
2111.27331,539,907.727114
4286.177248,1000,908.414612
1012.157517,294,909.343572
424.204955,159,909.452948
4153.800581,1000,910.149769
987.887457,288,910.337268
4192.478765,1000,911.727287
3902.319655,935,912.352285
4379.48357,1000,913.742772
2983.12091,705,914.227143
702.807378,201,914.367768
369.311057,148,914.461517
1259.434237,344,914.695892
2254.745275,538,915.773974
792.596563,230,915.914597
1749.426909,449,916.227098
3992.032826,946,916.875873
2673.383252,653,918.056064
1655.720261,444,918.368563
1249.763674,352,918.602939
434.202273,157,918.720411
1878.073028,490,919.06416
382.313341,150,919.15791
1166.168994,325,920.106323
949.724733,261,920.278197
1969.747547,484,920.618896
1263.335099,327,920.837713
1354.800124,363,921.07209
1564.613099,399,922.047947
1041.757969,284,922.25107
2809.881892,671,922.712847
2275.951588,537,923.072221
4202.323036,982,924.454331
1423.549409,381,924.712922
2570.516064,646,925.150422
1836.044594,478,925.478545
2032.502043,520,926.532509
1203.507191,320,926.74345
2544.609332,597,927.149699
364.872843,147,927.259075
2111.735735,502,927.602823
2808.966504,702,928.793814
645.639954,208,928.934439
1864.315818,451,929.246938
339.464914,135,929.340688
4426.867754,1000,930.735406
1279.372405,336,930.954155
3095.913083,724,931.454153
948.445152,283,931.649326
3189.93204,768,932.907419
1478.124645,394,933.188703
1866.930983,457,933.501165
310.309797,132,933.579291
4549.5145,1000,934.970145
4634.942427,1000,935.649431
4484.124326,1000,937.047215
2453.13423,597,937.453464
1527.559306,395,937.728652
1451.232754,391,937.994275
4529.854109,1000,939.376406
2936.828698,684,939.852468
4379.223095,1000,941.265846
1006.150784,278,941.453345
543.803397,177,941.578346
2297.907837,608,941.99305
4562.136288,1000,943.391755
3148.024941,769,943.915356
1323.710125,352,944.14973
4280.275127,1000,945.545086
2646.018234,624,945.962246
1148.69997,320,946.180995
2809.940378,689,947.371299
1556.901119,405,947.649583
2892.570297,684,948.114007
3246.40254,752,948.617716
4384.689516,1000,950.015247
366.862113,156,950.124622
3726.90752,862,950.727586
2206.38567,547,951.813858
4269.143467,1000,952.501355
3064.538208,716,953.696273
345.975285,155,953.797139
2998.062945,684,954.265884
909.152131,275,954.43776
2720.310596,663,954.899677
2620.812005,674,956.079688
2374.045442,637,956.517185
4480.329432,1000,957.199827
1571.829413,443,958.19577
1639.279062,419,958.492644
4350.682039,1000,959.173633
4279.876372,1000,960.590711
867.82405,249,960.774249
2650.661265,651,961.22738
439.517474,154,961.321125
2064.863008,511,962.376151
1985.275236,487,962.715543
1757.985953,470,963.028676
4099.914399,994,964.416199
579.502265,201,964.556824
3231.936222,753,965.063904
4284.741187,1000,966.446455
2224.527984,550,966.828589
1540.182616,403,967.094214
390.552711,164,967.205712
3433.457541,816,968.480782
1421.316228,370,968.727902
4307.960883,1000,969.415401
1815.822645,479,969.751617
929.393246,262,970.649026
4305.914585,1000,971.339675
412.967991,161,971.449047
1155.732889,321,971.680304
4426.438906,1000,973.07904
504.366855,167,973.204032
938.127212,279,973.391531
4489.094482,1000,974.087427
1684.588931,444,975.094547
4271.126681,1000,975.774796
1997.636268,505,976.118547
4392.13863,1000,977.500668
4443.662099,1000,978.180425
2463.513819,593,979.313547
4199.883877,1000,979.992783
3373.221899,814,981.266532
3683.905541,845,981.852968
4421.573965,1000,982.540466
1298.673013,346,983.486114
2467.134965,581,983.887339
4224.629165,1000,984.559213
413.397361,172,984.681321
3449.972848,788,985.922824
4440.144789,1000,986.594697
4363.963326,1000,987.985425
2781.252323,690,988.454173
4461.421795,1000,989.861531
4044.246477,913,990.486529
3750.874057,855,991.789903
3894.309124,863,992.383651
3098.224547,731,992.89173
1621.904469,398,993.885204
897.915193,253,994.057078
483.50875,166,994.166452
4486.445747,1000,994.845442
4752.905981,1000,996.2298
3906.999074,888,996.838354
1762.421494,442,997.150855
571.139443,199,997.29148
1816.138062,464,998.315236
4559.379743,1000,999.011664
2376.486164,584,999.402288
2648.998532,633,1000.539754
329.586073,145,1000.649128
4578.425371,1000,1001.32913
706.639329,230,1001.48538
2639.063793,624,1002.617791
2815.018103,657,1003.063385
556.386763,186,1003.20401
327.192766,130,1003.282135
684.167847,224,1003.438384
677.194724,227,1003.594634
1137.116602,312,1004.523896
927.993215,288,1004.734147
1737.78503,428,1005.015395
4604.984991,1000,1005.696357
908.504833,276,1006.589114
491.504369,188,1006.712098
560.982252,185,1006.837097
864.36345,254,1007.008972
354.230618,148,1007.118348
341.727623,143,1007.212096
598.214826,198,1007.352723
573.923192,198,1007.47772
868.722715,269,1007.66522
554.79778,193,1007.798353
568.381396,197,1008.64974
580.163517,187,1008.790364
542.335468,194,1008.915361
595.336132,206,1009.055986
627.699158,216,1009.212236
275.391103,130,1009.305986
338.620133,145,1009.399735
441.646511,164,1009.509109
549.454439,187,1009.634109
560.908221,206,1009.782821
581.913819,194,1009.907821
322.381627,142,1010.017195
370.406163,154,1010.83965
1672.83214,449,1011.152148
650.856373,227,1011.308398
263.935542,125,1011.386524
548.502738,193,1011.527149
581.227471,192,1011.649854
614.519045,212,1011.806102
1281.777212,360,1012.056101
476.62453,170,1012.165482
1699.838879,449,1013.204869
1339.295905,357,1013.439243
352.606019,153,1013.548618
962.488217,313,1013.761262
566.080272,192,1013.901886
489.273794,175,1014.026886
576.202119,199,1014.151886
548.793444,184,1014.29251
1363.449058,387,1015.242693
505.477036,174,1015.367693
569.923294,193,1015.508318
778.835537,243,1015.669821
945.181433,280,1015.859469
1061.529075,311,1016.078217
693.4692,224,1016.234467
544.602196,184,1016.359468
943.729309,279,1017.259839
590.554631,203,1017.400487
402.622002,156,1017.509839
577.129506,194,1017.634838
653.725169,227,1017.798192
904.093688,273,1017.985689
600.943666,202,1018.115924
535.077935,195,1018.256549
836.097267,259,1018.428424
1888.302316,491,1019.484543
1162.732689,319,1019.696139
1999.719021,502,1020.055516
584.184327,199,1020.180516
880.322017,258,1020.363606
1661.931498,457,1021.406019
1190.455656,314,1021.618369
569.543594,197,1021.758994
345.596687,146,1021.852745
1887.586491,484,1022.180867
293.545726,137,1022.290242
349.056079,155,1022.399617
1075.495162,299,1022.602741
928.875632,276,1022.798332
327.484507,140,1023.595207
1877.856086,470,1023.91307
550.385563,187,1024.038069
4231.740797,988,1024.718772
2115.58467,515,1025.773908
583.790191,196,1025.898908
548.79628,186,1026.023908
639.965173,210,1026.180157
970.202699,274,1026.367657
679.375948,230,1026.523906
2263.108988,554,1026.905981
597.022506,206,1027.758463
1550.06912,418,1028.039711
1007.705081,302,1028.258461
1988.716993,507,1028.602209
4181.579876,1000,1029.994633
905.851599,255,1030.166507
2866.35981,692,1030.635256
990.678849,302,1030.845486
1960.292819,494,1031.189236
2373.570509,590,1032.323694
976.3823,288,1032.526819
509.549354,176,1032.635233
3182.733744,755,1033.150857
4336.333433,1000,1034.534
1486.469694,407,1034.809435
1882.68554,501,1035.13756
4351.585452,1000,1036.53951
1621.460907,428,1036.827918
1312.220168,352,1037.062293
830.375844,248,1037.234168
1665.474872,434,1037.531041
3181.093561,714,1038.727413
4435.56729,974,1039.399288
876.318497,253,1039.571162
