TimeElapsed,ev_tdlam_before,EpThisIter,loss_pol_entpen,EpisodesSoFar,loss_kl,loss_ent,EpRewMean,TimestepsSoFar,EpLenMean,loss_pol_surr,loss_vf_loss
2.4587996006011963,0.0366970896721,103,0.0,103,0.0145847,4.20918,15.6123491287,2003,19.5,-0.0278267,40.4594
4.582363605499268,0.412178754807,75,0.0,178,0.021927,4.18874,25.7450004262,4080,25.96,-0.0428339,69.4029
6.702374219894409,0.247576832771,44,0.0,222,0.0140747,4.20248,46.1706615151,6124,35.81,-0.0343755,134.123
8.788829565048218,0.140023171902,35,0.0,257,0.0126424,4.19306,68.7052395204,8141,45.57,-0.0305871,202.571
10.842739343643188,0.0130046606064,25,0.0,282,0.0106898,4.18252,101.723642048,10188,59.67,-0.0299145,239.918
12.91358232498169,0.368637740612,22,0.0,304,0.00921664,4.16763,128.307217626,12248,69.91,-0.028146,222.196
14.97622275352478,0.610714107752,20,0.0,324,0.00741524,4.17243,157.164738914,14252,80.79,-0.0218362,220.893
17.077094793319702,0.683973938227,21,0.0,345,0.00778605,4.16712,179.083724696,16368,88.62,-0.0251624,189.396
19.140383005142212,0.779062390327,19,0.0,364,0.00847933,4.17393,200.061715385,18431,96.59,-0.0279445,167.745
21.20600700378418,0.782542511821,19,0.0,383,0.00880412,4.18654,214.115834788,20414,101.35,-0.0261335,160.606
23.27280902862549,0.789589941502,21,0.0,404,0.00785408,4.18667,221.653170916,22511,102.63,-0.0219376,151.525
25.367888689041138,0.85581804812,19,0.0,423,0.0101903,4.15215,226.041160486,24483,103.3,-0.0274323,121.729
27.405808448791504,0.856875300407,19,0.0,442,0.0150644,4.14083,233.774288043,26588,104.88,-0.0266631,148.065
29.48327922821045,0.851763501763,18,0.0,460,0.0120648,4.13783,240.717175702,28613,106.36,-0.0297658,119.925
31.546377420425415,0.847975626588,18,0.0,478,0.0093675,4.15708,251.425852569,30706,107.98,-0.025408,148.241
33.59324836730957,0.853251039982,17,0.0,495,0.00851281,4.14545,263.520248281,32727,111.11,-0.0261456,147.109
35.67119789123535,0.886671185493,16,0.0,511,0.00872833,4.11087,277.771910568,34729,114.51,-0.0242089,123.543
37.73374080657959,0.88979794085,16,0.0,527,0.00899624,4.12533,291.898417015,36807,118.85,-0.0267084,107.076
39.80291557312012,0.918595254421,15,0.0,542,0.00926303,4.10907,304.304442843,38788,122.0,-0.0270589,100.408
41.84421110153198,0.939078450203,15,0.0,557,0.00819442,4.10889,320.15824076,40842,125.82,-0.0225844,88.3732
43.90824007987976,0.942825872451,15,0.0,572,0.00935847,4.11312,334.443087243,42934,129.73,-0.0244063,85.0644
45.96757960319519,0.941058728844,15,0.0,587,0.00708789,4.12177,341.362573004,44991,131.94,-0.020575,72.9628
48.031646728515625,0.958285443485,15,0.0,602,0.011566,4.11225,350.468581462,47057,134.36,-0.0275518,59.8376
50.08119440078735,0.968547705561,15,0.0,617,0.00757464,4.08766,357.282723823,49109,135.83,-0.0208909,48.6305
52.130831241607666,0.94866264239,13,0.0,630,0.00951217,4.08916,369.709769581,51096,138.65,-0.0246673,69.5983
54.16291284561157,0.931330032647,14,0.0,644,0.0110196,4.07372,380.413720514,53181,141.16,-0.0289193,83.7857
56.226760149002075,0.945271048695,12,0.0,656,0.009415,4.03884,396.273063731,55192,144.9,-0.030867,93.5781
58.25540328025818,0.948726516217,12,0.0,668,0.0105313,4.03271,411.505813557,57248,148.89,-0.0282517,107.381
60.25734043121338,0.952725820243,12,0.0,680,0.00955032,4.01594,430.356514346,59338,153.18,-0.0255291,104.325
62.3041627407074,0.945893779397,12,0.0,692,0.00851463,3.98016,447.403909761,61423,156.87,-0.0224502,105.864
64.34318518638611,0.955035366118,10,0.0,702,0.0103579,3.99922,469.990855894,63302,162.45,-0.024919,92.3982
66.407954454422,0.956192199141,12,0.0,714,0.00994439,3.98272,493.202574208,65510,168.04,-0.0254029,99.3994
68.42915630340576,0.94660494104,10,0.0,724,0.00860912,3.98608,508.8385528,67403,171.92,-0.0230028,113.615
70.49911427497864,0.957902420312,11,0.0,735,0.010216,3.94227,529.044959703,69460,176.79,-0.0283247,92.0145
72.53047394752502,0.943447366357,11,0.0,746,0.00779321,3.93193,548.672463245,71655,181.61,-0.0235251,116.412
74.57748675346375,0.878137141466,10,0.0,756,0.0137932,3.91057,557.208418819,73592,184.0,-0.0267874,190.337
76.62448573112488,0.967170082033,11,0.0,767,0.00972578,3.91022,567.672571645,75671,186.12,-0.02747,80.3534
78.70266938209534,0.968879485503,11,0.0,778,0.00743703,3.8904,571.113336984,77655,186.41,-0.0244866,72.1913
80.74918365478516,0.969710279256,10,0.0,788,0.00854926,3.86624,585.656044385,79712,190.13,-0.0238212,57.9721
82.76529884338379,0.966594662517,11,0.0,799,0.0108472,3.83913,590.859175272,81912,191.97,-0.0241776,77.6811
84.78400135040283,0.972840860486,10,0.0,809,0.00957211,3.81799,598.74852529,83930,193.63,-0.0265995,54.2417
86.8340368270874,0.979626566172,10,0.0,819,0.0100533,3.82533,601.649466768,85973,194.5,-0.0264775,43.8199
88.8350899219513,0.978222189471,10,0.0,829,0.00928851,3.80505,609.849435061,87927,196.06,-0.0302606,48.5004
90.88206434249878,0.986360649578,11,0.0,840,0.0109351,3.78083,612.889142431,90102,196.38,-0.0282718,27.8749
92.90537095069885,0.986411418766,9,0.0,849,0.0120144,3.76133,629.781048278,92127,200.75,-0.0259082,31.9177
94.98335027694702,0.979042792693,9,0.0,858,0.011238,3.72597,631.264492194,94124,201.53,-0.029584,41.5646
97.03125238418579,0.988168341108,9,0.0,867,0.0104894,3.68818,643.934181498,96182,205.11,-0.0286395,22.4135
99.0802686214447,0.989141057245,9,0.0,876,0.0102759,3.65142,660.906179988,98136,209.31,-0.0306051,21.1747
101.1030113697052,0.984337382019,10,0.0,886,0.00985693,3.64322,668.374813146,100329,210.84,-0.027642,35.0259
103.14000654220581,0.983317434788,8,0.0,894,0.00670844,3.65504,686.223301473,102367,215.87,-0.0238381,31.4632
105.18729257583618,0.986159647815,10,0.0,904,0.00987826,3.6782,686.450519046,104410,215.18,-0.0271679,30.5145
107.24880862236023,0.992594846524,9,0.0,913,0.0110583,3.64051,689.824074935,106366,215.79,-0.0273659,20.4152
109.29606175422668,0.991421959363,10,0.0,923,0.00725776,3.61651,694.139447786,108507,217.13,-0.0255838,23.9301
111.32827234268188,0.98919027485,9,0.0,932,0.00966143,3.62511,704.453202459,110540,220.18,-0.0224452,23.5298
113.36179828643799,0.992851492483,9,0.0,941,0.0086911,3.58306,710.061484865,112538,221.61,-0.0306111,15.6893
115.41379356384277,0.991819764487,9,0.0,950,0.00885586,3.57042,712.145506411,114526,221.99,-0.0294466,14.0402
117.46398401260376,0.99157222826,9,0.0,959,0.0120685,3.55781,720.059144445,116626,223.15,-0.0302466,17.3729
119.52995157241821,0.989739316516,10,0.0,969,0.0105434,3.5346,718.050993033,118764,221.72,-0.0272145,23.0372
121.56205129623413,0.991795571521,8,0.0,977,0.0114192,3.50046,726.300517627,120741,224.12,-0.0299593,16.2846
123.65535569190979,0.989524773322,9,0.0,986,0.00918778,3.47392,726.379035002,122750,224.21,-0.0257779,13.992
125.70333099365234,0.99098642543,8,0.0,994,0.0118245,3.48128,728.474069913,124829,224.62,-0.0274861,23.2078
127.78222036361694,0.989938640967,8,0.0,1002,0.0115419,3.47533,741.614587893,126903,228.99,-0.0272849,23.7576
129.81831240653992,0.991016019136,7,0.0,1009,0.0124056,3.46657,760.726597583,128936,234.39,-0.03143,18.5367
131.85283279418945,0.992144453339,7,0.0,1016,0.0123011,3.44177,777.437184948,131013,239.73,-0.0279098,16.7951
133.87400913238525,0.990854299627,8,0.0,1024,0.00911599,3.41811,789.478021722,133070,243.46,-0.0246747,22.5203
135.9212155342102,0.99262188375,8,0.0,1032,0.0119129,3.39221,799.546065232,135131,245.91,-0.0284762,20.5921
137.9877061843872,0.987403325737,7,0.0,1039,0.0075006,3.40155,807.159927482,136965,248.75,-0.0263129,30.7304
140.0149426460266,0.984322821721,7,0.0,1046,0.00987084,3.39949,821.220442301,138972,253.49,-0.0242643,34.6324
142.0607078075409,0.98731863033,8,0.0,1054,0.0110303,3.35966,832.157754955,141153,256.6,-0.0282024,17.906
144.06186723709106,0.987581517547,6,0.0,1060,0.0109834,3.37958,851.688035514,143137,263.14,-0.0288864,25.6431
146.1400957107544,0.993191746995,6,0.0,1066,0.0110616,3.37249,882.185752188,145339,272.49,-0.0337707,15.6045
148.21842122077942,0.991193918511,8,0.0,1074,0.0100676,3.34567,887.532935104,147402,274.25,-0.0284418,29.9153
150.26761054992676,0.992685296573,8,0.0,1082,0.0110605,3.32349,892.328377738,149473,275.73,-0.0288905,21.8007
152.30318188667297,0.981563340873,9,0.0,1091,0.0142763,3.31579,886.774845734,151441,274.06,-0.0329724,24.3444
154.3503189086914,0.969719881192,6,0.0,1097,0.0107112,3.33578,900.80899438,153443,278.4,-0.0284385,41.5923
156.39811754226685,0.971253614873,7,0.0,1104,0.0116563,3.29428,913.127767122,155613,282.14,-0.0261872,43.9484
158.4597611427307,0.981236737221,7,0.0,1111,0.0126146,3.28246,909.00144799,157631,281.02,-0.0295074,21.6732
160.52175664901733,0.99136799667,5,0.0,1116,0.0110209,3.24427,924.010470952,159540,285.27,-0.0278233,14.3876
162.52344226837158,0.992709992919,6,0.0,1122,0.0136964,3.23346,947.406569302,161644,291.6,-0.0295786,17.1799
164.56153106689453,0.992479698732,7,0.0,1129,0.00937002,3.25639,960.285584305,163804,295.36,-0.029166,24.8611
166.60850977897644,0.986242257059,8,0.0,1137,0.0144348,3.25916,956.805548413,165856,293.63,-0.0335483,23.5234
168.65821170806885,0.991783148609,8,0.0,1145,0.0122977,3.27608,956.889699859,167920,292.82,-0.0315732,19.8948
170.7176492214203,0.990787249058,5,0.0,1150,0.0161588,3.24829,981.414582142,169912,300.02,-0.0331733,11.3823
172.74883437156677,0.993932307232,7,0.0,1157,0.00913263,3.25084,974.243658549,171933,297.45,-0.0296609,18.0299
174.78735637664795,0.983850477263,4,0.0,1161,0.0134148,3.2289,994.342535474,173859,303.96,-0.0298752,23.3237
176.8500533103943,0.993298820686,7,0.0,1168,0.0116015,3.23342,990.200064073,176062,302.17,-0.0276076,16.1755
178.91378617286682,0.985113631934,5,0.0,1173,0.0132412,3.19882,1010.04958919,178051,308.98,-0.0333195,16.8812
180.9287588596344,0.986762672663,7,0.0,1180,0.013162,3.19802,1022.40103085,180175,312.83,-0.0327335,19.2052
182.9591863155365,0.971193350852,5,0.0,1185,0.0120525,3.1862,1044.4485531,182158,320.2,-0.03132,33.0455
185.0305917263031,0.984734854661,5,0.0,1190,0.0137353,3.16086,1065.70239932,183984,327.5,-0.033284,20.0899
187.07840085029602,0.987378389575,6,0.0,1196,0.0114763,3.15326,1077.81352773,186247,331.44,-0.033426,20.1268
189.1577136516571,0.986389589496,5,0.0,1201,0.0121343,3.16061,1097.26396724,188299,337.42,-0.0327583,20.8392
191.20968008041382,0.989889290184,6,0.0,1207,0.013033,3.16406,1099.82775875,190274,337.73,-0.0292438,16.3761
193.26763796806335,0.987640910782,5,0.0,1212,0.0145911,3.13887,1113.74775674,192394,341.7,-0.0296493,14.6648
195.31885838508606,0.99485219596,6,0.0,1218,0.0127031,3.13655,1115.40841693,194407,342.09,-0.03061,13.059
197.34271097183228,0.995811086614,6,0.0,1224,0.0130549,3.13568,1120.27183897,196458,343.26,-0.0322685,7.01747
199.40681719779968,0.996013786644,6,0.0,1230,0.0135816,3.10985,1126.17150862,198451,344.45,-0.0321177,8.36572
201.45466017723083,0.99604923185,6,0.0,1236,0.0144643,3.10309,1137.19208824,200191,347.23,-0.0287522,10.6654
203.50870394706726,0.83877274394,3,0.0,1239,0.0116382,3.10493,1176.38745416,202389,359.74,-0.0152359,358.647
205.54614353179932,0.978973113,3,0.0,1242,0.0126146,3.09407,1198.31301638,203885,367.08,-0.0269852,15.4234
207.58767127990723,0.92163964361,6,0.0,1248,0.0134657,3.10589,1228.60479091,206768,376.88,-0.0163599,297.917
209.59326934814453,0.994583725464,6,0.0,1254,0.013809,3.04686,1233.82615541,208813,378.1,-0.0331004,9.94312
211.62669563293457,0.988695408218,5,0.0,1259,0.0139202,3.05907,1216.39867233,210489,372.33,-0.0315666,28.3215
213.6626262664795,0.996701493161,5,0.0,1264,0.0126913,3.03465,1238.39805547,212778,378.57,-0.0301114,7.4901
215.70335602760315,0.997122939909,7,0.0,1271,0.0140668,3.04328,1232.23115955,214926,376.02,-0.0337721,7.09661
217.7491056919098,0.994895511307,4,0.0,1275,0.012954,3.02868,1237.09333051,216560,377.41,-0.0292951,10.4313
219.79643154144287,0.987232034095,4,0.0,1279,0.0145711,3.03564,1269.57575745,218750,387.99,-0.030682,13.0364
221.8465747833252,0.995990649797,6,0.0,1285,0.0130451,3.04799,1264.87789402,220657,384.99,-0.0374963,10.4903
223.88273811340332,0.960115071386,5,0.0,1290,0.01366,3.03864,1282.98901536,222994,390.1,-0.0220293,88.1251
225.93711400032043,0.991171796806,5,0.0,1295,0.0150851,2.99164,1288.78401517,224954,390.99,-0.0318019,9.52667
227.99937629699707,0.992095593363,7,0.0,1302,0.0145707,2.98942,1272.09786093,227152,385.53,-0.0326988,16.2096
230.0173680782318,0.994239094667,5,0.0,1307,0.0110699,2.95128,1285.29265403,229186,389.12,-0.0333598,12.4125
232.03776478767395,0.992975808214,5,0.0,1312,0.0122429,2.97985,1287.88326279,231353,389.59,-0.0337807,10.3304
234.05362248420715,0.976054461673,4,0.0,1316,0.0120582,2.98199,1301.44492836,233242,393.9,-0.0226529,28.4259
236.10006594657898,0.991592217237,4,0.0,1320,0.0136212,2.9736,1335.91637575,235475,403.99,-0.0273371,6.37012
238.14783906936646,0.984443275258,6,0.0,1326,0.0138452,2.95544,1331.40407547,237430,403.11,-0.0321998,13.544
240.22735500335693,0.992246790323,4,0.0,1330,0.0101785,2.93931,1351.36021531,239405,409.54,-0.0313106,10.1401
242.26518988609314,0.994624021929,6,0.0,1336,0.0125192,2.89718,1363.14570398,241527,413.36,-0.0356833,10.2683
244.28072905540466,0.996081563644,5,0.0,1341,0.0129444,2.86825,1331.49138188,243461,402.05,-0.0326829,10.0085
246.31462025642395,0.995995306876,4,0.0,1345,0.0170235,2.87168,1317.87496661,245329,396.89,-0.0307698,6.79645
248.39662265777588,0.996722042561,4,0.0,1349,0.0110551,2.84961,1339.33525301,247523,403.83,-0.0337508,5.84057
250.46035814285278,0.996596593875,6,0.0,1355,0.0166173,2.83353,1345.23112913,249676,405.48,-0.0350448,5.27668
252.47573256492615,0.75664241612,2,0.0,1357,0.0200016,2.84615,1364.37967688,251065,411.53,-0.0154525,391.242
254.5265874862671,0.909896828234,5,0.0,1362,0.0173081,2.86801,1395.5224574,253754,421.25,-0.0186309,260.671
256.5541455745697,0.982437668368,5,0.0,1367,0.0160755,2.8729,1394.97895335,255759,420.54,-0.0243235,20.5398
258.64801359176636,0.993255299982,5,0.0,1372,0.0139948,2.89679,1412.06487059,257882,425.21,-0.0336375,13.443
260.6994912624359,0.994420922361,6,0.0,1378,0.0173261,2.86752,1394.0236927,259958,419.46,-0.0350614,10.7481
262.7331655025482,0.995189996436,6,0.0,1384,0.0132394,2.82756,1382.47775776,261936,415.21,-0.0367943,12.491
264.7652266025543,0.995783115737,5,0.0,1389,0.0158431,2.80698,1385.5998648,264059,415.11,-0.0354632,10.3948
266.7961926460266,0.996921325102,6,0.0,1395,0.0165988,2.78943,1372.47400388,266037,410.83,-0.0360424,7.96049
268.83591389656067,0.888051241636,4,0.0,1399,0.0144563,2.83759,1400.01924734,268197,419.17,-0.0144975,385.75
270.8660960197449,0.994624389336,4,0.0,1403,0.0158231,2.80911,1426.1562597,270251,426.73,-0.0315117,6.01831
272.9130504131317,0.995916201733,6,0.0,1409,0.0132379,2.81146,1411.05008252,271958,421.86,-0.0340819,13.4968
274.96011543273926,0.996942313621,5,0.0,1414,0.0193948,2.80715,1394.89625938,274190,416.12,-0.0352115,8.17315
277.01451873779297,0.994980675634,6,0.0,1420,0.0163891,2.78658,1373.16422554,276401,409.26,-0.0308271,4.84568
279.0463197231293,0.997728909133,4,0.0,1424,0.0152213,2.77713,1384.50449387,278153,412.62,-0.0362602,4.13325
281.0781066417694,0.997587110149,5,0.0,1429,0.0128573,2.75273,1409.61187203,280476,419.59,-0.0343421,5.68356
283.1112415790558,0.997675445862,4,0.0,1433,0.0147383,2.75361,1408.5000606,282488,418.61,-0.0337998,4.46168
285.11648750305176,0.994096152484,3,0.0,1436,0.0139289,2.7613,1441.03298449,284335,428.08,-0.0348203,5.22394
287.1635706424713,0.996060689446,3,0.0,1439,0.01547,2.745,1458.69911101,286069,432.99,-0.0348717,4.67747
289.1939661502838,0.927748002112,3,0.0,1442,0.00913828,2.76624,1506.1236013,288559,447.68,-0.0172203,25.6077
291.24096179008484,0.842506051064,3,0.0,1445,0.0151823,2.76001,1517.75920647,290461,451.32,-0.0230835,267.243
293.24244499206543,0.967157818377,4,0.0,1449,0.0135469,2.74679,1520.0377797,292651,451.28,-0.0336437,62.3257
295.2805247306824,0.990983394906,4,0.0,1453,0.0137041,2.75831,1536.59559371,294675,456.43,-0.0310382,10.1509
297.31119894981384,0.158536314964,2,0.0,1455,0.0133592,2.76217,1578.49773656,296675,469.99,-0.0233877,581.83
299.3269066810608,0.975969081745,5,0.0,1460,0.0125509,2.71058,1541.99472568,298647,457.88,-0.0305048,15.4888
301.3271644115448,0.990265533328,4,0.0,1464,0.0180399,2.69623,1553.65086382,300728,461.07,-0.0325558,10.082
303.3586359024048,0.990598372184,3,0.0,1467,0.0162747,2.67453,1580.84757041,302660,469.01,-0.0345398,10.2139
305.39869236946106,0.994036091957,4,0.0,1471,0.0130543,2.66239,1593.03777707,304764,472.59,-0.0413269,12.3111
307.42850375175476,0.997351700673,4,0.0,1475,0.0144046,2.67679,1617.85339218,306778,479.66,-0.0366515,6.42053
309.5077660083771,0.996569468407,5,0.0,1480,0.0179826,2.64856,1641.08198136,309155,486.07,-0.036112,7.00198
311.54616045951843,0.997085088398,5,0.0,1485,0.0158367,2.63033,1651.96760879,311095,488.81,-0.0368836,4.86699
313.5795826911926,0.996895324904,2,0.0,1487,0.0145667,2.60413,1688.91533351,312937,499.84,-0.0337927,5.10552
315.6012976169586,0.997536372393,4,0.0,1491,0.0163146,2.57858,1708.11344997,315086,505.13,-0.0378291,6.63077
317.65565395355225,0.997857911978,6,0.0,1497,0.0160845,2.52989,1708.561381,317228,504.52,-0.038766,5.9488
319.71751952171326,0.997093160637,5,0.0,1502,0.0147302,2.52144,1662.61674684,318933,490.02,-0.0376485,4.9406
321.75044775009155,0.996901080944,5,0.0,1507,0.012122,2.4934,1694.03751793,321313,499.49,-0.0379377,6.68812
323.7869544029236,0.997362212045,6,0.0,1513,0.0131611,2.46472,1680.0863649,323379,495.28,-0.0387519,7.07506
325.7990415096283,0.996264776215,4,0.0,1517,0.0131232,2.45732,1703.03001642,325504,501.79,-0.0357517,6.00615
327.8508036136627,0.996280945837,5,0.0,1522,0.0163071,2.45131,1705.21992427,327407,502.12,-0.0289686,6.16069
329.8808431625366,0.997656685999,5,0.0,1527,0.0164751,2.46519,1681.91422901,328974,494.65,-0.0345819,5.31561
331.9296672344208,0.997801854974,5,0.0,1532,0.0165392,2.43887,1687.54012106,331666,496.0,-0.0285335,4.15128
333.9527542591095,0.997925114352,6,0.0,1538,0.0147159,2.46321,1629.46378286,333599,478.41,-0.0335741,5.23269
335.998911857605,0.99864703801,5,0.0,1543,0.0173034,2.43293,1587.88759244,335545,465.29,-0.0384659,3.944
338.03487849235535,0.894618235528,4,0.0,1547,0.0147101,2.45358,1572.41403273,337812,460.05,-0.0174056,361.011
340.0617380142212,0.993849102408,6,0.0,1553,0.0137454,2.45385,1544.74066019,339805,451.3,-0.0375667,10.6289
342.10869574546814,0.995189698879,4,0.0,1557,0.014651,2.40378,1514.92265093,341603,441.09,-0.0357373,7.20399
344.1244955062866,0.997818005271,4,0.0,1561,0.0149501,2.38631,1522.08731489,343847,442.76,-0.0364098,4.24198
346.17357087135315,0.998420842458,4,0.0,1565,0.0167029,2.35429,1536.75866146,345767,447.08,-0.0404569,3.60708
348.22659134864807,0.997746558394,5,0.0,1570,0.0184911,2.2974,1494.6575471,347580,434.02,-0.0385646,4.84373
350.29560947418213,0.998472989188,3,0.0,1573,0.0170182,2.27964,1498.49465343,349292,434.88,-0.0365396,2.51209
352.29615569114685,0.877467133105,5,0.0,1578,0.0300472,2.27163,1509.34531302,351852,438.46,-0.0210413,444.702
354.34318828582764,0.995694561396,7,0.0,1585,0.0154082,2.2639,1482.96350473,354126,430.31,-0.0350882,5.56044
356.4518356323242,0.997358829016,6,0.0,1591,0.0178187,2.2764,1415.16340471,356102,410.16,-0.0389627,5.90238
358.5928521156311,0.997187578585,4,0.0,1595,0.0183287,2.2829,1420.32445656,357638,411.5,-0.0397158,6.05872
360.717960357666,0.997819371289,4,0.0,1599,0.0187279,2.29607,1452.60107425,360055,421.09,-0.0352979,4.31074
362.8514244556427,0.930100336671,4,0.0,1603,0.0173437,2.28706,1469.60840506,362250,426.19,-0.022677,135.842
364.99900817871094,0.987317479216,5,0.0,1608,0.0155004,2.25912,1471.18637628,364295,425.96,-0.0346861,10.4173
367.123726606369,0.99593106145,6,0.0,1614,0.0164106,2.22973,1461.05552607,366257,422.78,-0.0338591,8.38546
369.15525794029236,0.995455182623,4,0.0,1618,0.0195572,2.2098,1474.67855793,368516,426.68,-0.0330191,9.12554
371.18689823150635,0.997478313046,4,0.0,1622,0.0168892,2.18653,1471.36773569,369989,425.82,-0.0390159,6.03548
373.21833896636963,0.997420748696,5,0.0,1627,0.0185101,2.19572,1492.59183259,372192,432.18,-0.02776,6.26043
375.2486755847931,0.998759410344,4,0.0,1631,0.0165035,2.19061,1503.80122348,374686,435.06,-0.0354722,2.75437
377.3116099834442,0.998302406748,4,0.0,1635,0.0181899,2.19161,1516.32727245,376496,438.69,-0.0344918,4.24443
379.35850739479065,0.997514353832,3,0.0,1638,0.0128772,2.1744,1548.87156838,378421,448.22,-0.0395942,4.86378
381.374534368515,0.770179063082,2,0.0,1640,0.0303379,2.19007,1579.10802614,380157,457.7,-0.0168611,430.251
383.4281413555145,0.841646790504,4,0.0,1644,0.017712,2.20604,1610.50733259,382739,467.52,-0.0232967,225.956
385.46050214767456,0.862416580319,3,0.0,1647,0.0150432,2.20394,1620.82179427,384863,470.51,-0.0207694,388.819
387.5075252056122,0.978871751577,4,0.0,1651,0.0184399,2.16926,1635.90705396,386727,474.83,-0.0362127,10.2435
389.5536620616913,0.988218453713,4,0.0,1655,0.0193575,2.16505,1657.99725972,388917,481.53,-0.0376322,14.5713
391.58501505851746,0.854252249002,3,0.0,1658,0.0192991,2.1465,1673.78186338,390909,486.62,-0.0196066,444.314
393.60979437828064,0.995697008446,5,0.0,1663,0.0291151,2.14677,1665.72094975,393124,484.12,-0.0367357,8.45459
395.6328954696655,0.995867997408,7,0.0,1670,0.0167953,2.13773,1636.83908248,395153,475.73,-0.0336805,8.25107
397.6710216999054,0.997248684755,4,0.0,1674,0.0188171,2.12515,1610.49449462,397043,467.51,-0.0344656,4.58128
399.7018024921417,0.993573555257,6,0.0,1680,0.0155975,2.12935,1600.09448222,399173,464.9,-0.0404497,9.58074
401.7183918952942,0.996235229773,8,0.0,1688,0.0168935,2.12628,1585.90451255,401212,461.38,-0.043914,13.3985
403.73412823677063,0.995979873464,6,0.0,1694,0.0182402,2.13134,1573.83978221,403019,458.06,-0.0383458,7.15746
405.8000342845917,0.908424586058,5,0.0,1699,0.017523,2.12524,1559.02695531,405502,454.47,-0.020605,421.864
407.85004806518555,0.995634460822,4,0.0,1703,0.0230113,2.11991,1540.31299182,407102,448.52,-0.0386455,6.50682
409.88942074775696,0.748798400164,3,0.0,1706,0.0215699,2.09379,1572.87894915,409328,459.31,-0.016675,808.569
411.90690875053406,0.907356590033,6,0.0,1712,0.0185336,2.10593,1577.42446354,411573,461.09,-0.0201258,247.484
413.93944334983826,0.909315675497,5,0.0,1717,0.0166841,2.12098,1552.06073463,413680,454.36,-0.019817,347.35
415.98641633987427,0.873389050364,3,0.0,1720,0.0300513,2.13208,1573.94106005,415160,461.37,-0.0199888,294.932
418.0068416595459,0.976168867201,3,0.0,1723,0.0262454,2.07402,1593.19529796,417410,466.74,-0.0332707,11.16
420.0375587940216,0.226068377495,2,0.0,1725,0.0200722,2.0903,1626.65065869,419410,478.74,-0.0257781,619.717
422.0701665878296,0.0541843771935,2,0.0,1727,0.020201,2.08206,1668.61543529,421410,492.18,-0.0251568,783.789
424.11238956451416,0.819821342826,3,0.0,1730,0.0220615,2.08976,1680.73675148,423829,497.93,-0.0334601,269.035
426.13222908973694,0.0489949584007,2,0.0,1732,0.0256374,2.1176,1708.03451274,425829,507.24,-0.0148264,782.434
428.16275238990784,0.723911315203,2,0.0,1734,0.0216051,2.12134,1736.17314665,427604,516.2,-0.0217833,406.791
430.1622271537781,0.113568127155,2,0.0,1736,0.0273661,2.1433,1758.43808715,429604,523.53,-0.0174223,702.044
432.18768429756165,0.571241438389,3,0.0,1739,0.0140191,2.16499,1764.72344842,431836,526.79,-0.0220953,680.758
434.21904015541077,0.87303070724,4,0.0,1743,0.026023,2.15931,1745.28078758,433846,521.07,-0.0276772,335.32
436.2650079727173,0.891958452761,5,0.0,1748,0.0240511,2.15131,1700.87339339,436075,508.13,-0.0251944,358.84
438.2819001674652,0.893507808447,5,0.0,1753,0.0138939,2.15293,1683.34964924,438187,503.85,-0.026455,374.462
440.3154046535492,0.828402787447,3,0.0,1756,0.0200694,2.18036,1675.82552058,439682,502.46,-0.025713,357.475
442.3187839984894,0.0934884548187,2,0.0,1758,0.0240943,2.19711,1691.61898985,441682,507.73,-0.0190715,703.745
444.32863569259644,0.982461737469,3,0.0,1761,0.0226272,2.15977,1731.04901839,444063,519.59,-0.0412696,11.1386
446.3833589553833,0.818270936608,3,0.0,1764,0.0241597,2.16396,1759.73262254,446352,528.59,-0.0187478,375.58
448.405401468277,0.982906576246,5,0.0,1769,0.0215174,2.16658,1780.25257094,448430,535.34,-0.0415261,17.4689
450.45249342918396,0.844095051289,2,0.0,1771,0.0140396,2.17043,1798.33906106,449873,541.32,-0.0207035,358.3
452.4694700241089,0.909529291093,5,0.0,1776,0.0143815,2.16194,1793.30320557,452392,540.77,-0.0253707,297.69
454.5175952911377,0.882702715695,4,0.0,1780,0.0187681,2.12113,1839.52907296,454606,554.33,-0.0248627,376.295
456.53890109062195,0.886253885925,4,0.0,1784,0.0171176,2.14428,1873.44996313,456556,564.72,-0.0285209,336.086
458.5927698612213,0.976625399664,6,0.0,1790,0.0208097,2.15549,1870.62082142,458357,565.72,-0.0398243,37.8228
460.60919713974,0.955747961998,5,0.0,1795,0.0181099,2.12416,1885.25164977,460586,570.37,-0.0353793,49.498
462.6177966594696,0.966880269349,6,0.0,1801,0.0155421,2.1068,1860.9827006,462511,564.04,-0.0340832,55.3906
464.644170999527,0.988755905069,5,0.0,1806,0.0171513,2.0969,1826.28132663,464631,553.03,-0.0418932,14.4204
466.6622314453125,0.827346429229,2,0.0,1808,0.0200787,2.09154,1875.86514478,466601,567.61,-0.0204508,186.479
468.70311427116394,0.968858065084,6,0.0,1814,0.0290624,2.0896,1877.87623655,468885,568.0,-0.0333564,39.4224
470.7337181568146,0.993154507596,4,0.0,1818,0.0179049,2.06548,1846.75834424,470500,558.2,-0.0465454,17.6221
472.76505517959595,0.992082780227,5,0.0,1823,0.0245119,2.03252,1820.95571946,472477,550.67,-0.0445663,16.7968
474.7885982990265,0.992485668976,4,0.0,1827,0.0202442,2.00312,1779.29198723,474901,534.91,-0.0451726,8.43517
476.83450412750244,0.870710164309,4,0.0,1831,0.0150571,2.01397,1741.1214319,477022,521.93,-0.0281104,438.576
478.8628981113434,0.984504059888,3,0.0,1834,0.0217699,2.0053,1718.63530176,479039,514.35,-0.0445723,15.6487
480.89454555511475,0.994847319089,4,0.0,1838,0.0197574,2.01241,1682.57501547,481045,502.09,-0.0453086,6.84474
482.89273715019226,0.981747647747,3,0.0,1841,0.0190525,2.02493,1698.82610126,483192,505.55,-0.0323598,13.9159
484.9294319152832,0.988490250893,5,0.0,1846,0.0237032,1.99046,1677.66918748,485325,498.14,-0.043241,18.4592
486.9608221054077,0.995633658487,3,0.0,1849,0.0222786,1.96738,1695.70045254,486720,502.75,-0.0379003,4.52871
488.9995901584625,0.936212494969,5,0.0,1854,0.0150003,1.97445,1691.20341121,489198,500.11,-0.0255425,156.311
491.0650441646576,0.98613260407,5,0.0,1859,0.0255583,1.94108,1657.43031496,491422,488.5,-0.0326788,19.1479
493.08571577072144,0.844566762447,3,0.0,1862,0.0215682,1.92158,1654.24855779,493497,487.0,-0.0235204,436.221
495.12458896636963,0.992648357525,5,0.0,1867,0.025938,1.91612,1629.72533869,495351,478.78,-0.0383101,14.4534
497.16371297836304,0.992734254338,6,0.0,1873,0.0192504,1.91504,1572.4545456,497603,460.36,-0.0397748,20.1778
499.19529390335083,0.997324092314,5,0.0,1878,0.0261488,1.87471,1568.59139554,499598,458.28,-0.0439031,7.72595
501.2350449562073,0.994042500854,3,0.0,1881,0.0205382,1.85121,1596.80962569,501618,465.8,-0.0384365,7.38521
503.236093044281,0.894525803626,3,0.0,1884,0.0133466,1.89509,1618.38331088,503694,471.38,-0.0224682,185.447
505.24170684814453,0.758227676153,2,0.0,1886,0.0219456,1.86961,1656.64542023,505213,482.13,-0.0226417,431.939
507.272043466568,0.987730391324,3,0.0,1889,0.0206405,1.85071,1692.64993051,507267,490.95,-0.0359717,9.23116
509.3191182613373,0.770317927003,2,0.0,1891,0.0240939,1.83094,1725.02098452,508986,500.33,-0.0181675,369.499
511.33507537841797,0.908932454884,4,0.0,1895,0.0174514,1.83307,1772.51715318,511942,513.56,-0.0263401,255.585
513.3508806228638,0.989631233737,4,0.0,1899,0.0254169,1.81047,1794.21985468,513722,518.5,-0.045529,10.1876
515.3676269054413,0.991566184908,6,0.0,1905,0.0230919,1.78514,1784.04317047,515738,514.64,-0.0418146,16.5141
517.4213778972626,0.989413382486,7,0.0,1912,0.0219148,1.78219,1746.50146695,517892,502.58,-0.0379713,26.026
519.4363882541656,0.883565351367,3,0.0,1915,0.0172065,1.75937,1759.39097248,519913,506.36,-0.022676,395.07
521.4841525554657,0.908514305949,5,0.0,1920,0.018625,1.76321,1758.43528552,522075,505.95,-0.0267319,247.388
523.4864437580109,0.639177232981,2,0.0,1922,0.0334002,1.76882,1804.92699589,524075,519.63,-0.0209959,443.307
525.4925746917725,0.986404435709,3,0.0,1925,0.0193804,1.75295,1822.38582563,526129,524.55,-0.041522,9.95806
527.5301055908203,0.994796867482,4,0.0,1929,0.0229743,1.72521,1799.07459889,528099,517.48,-0.0471454,8.9024
529.5613532066345,0.918442092836,3,0.0,1932,0.0178932,1.73096,1824.59893894,530066,524.17,-0.023283,101.585
531.5924255847931,0.859242603183,3,0.0,1935,0.02269,1.75214,1826.13813892,531835,524.48,-0.0264541,369.723
533.608464717865,0.98812290933,3,0.0,1938,0.0237755,1.74063,1833.79437929,533686,526.41,-0.0412223,9.4785
535.6631555557251,0.886477790773,4,0.0,1942,0.0284696,1.71965,1841.37358169,536359,528.85,-0.0232919,439.033
537.6833910942078,0.990675529465,3,0.0,1945,0.0267545,1.69619,1850.09092208,537876,530.98,-0.0408008,10.6186
539.749009847641,0.995863679331,5,0.0,1950,0.0223666,1.70534,1841.48172377,540529,528.09,-0.0419597,8.35902
541.7501153945923,0.764388948679,2,0.0,1952,0.0284362,1.71327,1856.96333861,541807,532.78,-0.0186315,459.563
543.797304391861,0.890352353454,4,0.0,1956,0.032619,1.71589,1896.33939215,544537,544.27,-0.0207843,440.67
545.7974364757538,0.993157712277,3,0.0,1959,0.0345758,1.72255,1923.00448991,546609,551.87,-0.03176,4.81729
547.818808555603,0.887156449258,4,0.0,1963,0.0249176,1.73337,1905.20580224,548640,546.7,-0.021425,427.405
549.880756855011,0.946240860969,4,0.0,1967,0.0236533,1.70455,1925.41541748,550569,552.18,-0.0271773,57.7092
551.8769967556,0.983046839014,5,0.0,1972,0.0240246,1.69382,1944.95158658,552807,557.53,-0.0395775,8.85466
553.8827102184296,0.99390196288,4,0.0,1976,0.02437,1.67932,1959.07341152,554807,561.09,-0.0342429,7.1361
555.8893785476685,0.870139449835,3,0.0,1979,0.0225879,1.703,1967.2037132,556788,563.88,-0.0196392,333.779
557.9364476203918,0.989170127548,4,0.0,1983,0.0224668,1.70447,1938.89859011,558816,555.62,-0.0433873,10.1814
559.9677484035492,0.994697513524,4,0.0,1987,0.0221406,1.69328,1915.68617579,560851,548.11,-0.0390295,7.12863
562.014899969101,0.994761810638,3,0.0,1990,0.0208424,1.67063,1909.46373356,562604,546.18,-0.0411673,7.0765
564.0308158397675,0.886150471866,4,0.0,1994,0.040885,1.6696,1882.30308464,565056,537.85,-0.0210968,413.801
566.0465595722198,0.751446425915,2,0.0,1996,0.0176644,1.65085,1897.10546826,566393,542.21,-0.0233215,435.525
568.0644447803497,0.882281646132,4,0.0,2000,0.024612,1.67262,1915.38042869,569117,547.77,-0.018271,433.476
570.115549325943,0.902815490961,6,0.0,2006,0.0218003,1.67178,1920.50122533,571292,549.85,-0.0257394,410.952
572.164413690567,0.99076750502,7,0.0,2013,0.0274532,1.68156,1921.47196357,573414,550.08,-0.0398002,17.673
574.1875958442688,0.989979251288,4,0.0,2017,0.0213557,1.69841,1919.00656485,575357,549.05,-0.0371795,12.6192
576.2337672710419,0.985194978304,5,0.0,2022,0.0233081,1.70034,1858.43211416,577115,530.4,-0.0417072,22.4347
578.2506151199341,0.774893417954,2,0.0,2024,0.0360679,1.7291,1879.35370164,578861,536.47,-0.019493,324.717
580.3297648429871,0.993558420334,5,0.0,2029,0.0315122,1.67643,1876.34664054,581619,535.2,-0.0333544,9.22247
582.3356635570526,0.994451978244,4,0.0,2033,0.026381,1.65219,1847.42521823,583664,525.98,-0.0443437,7.41023
584.3658201694489,0.997085118666,3,0.0,2036,0.0255971,1.64972,1866.77096862,585712,531.0,-0.0377645,4.4198
586.3965351581573,0.996522684814,3,0.0,2039,0.0205835,1.62001,1856.57010746,587377,527.96,-0.0428591,4.45729
588.4451022148132,0.997670591343,4,0.0,2043,0.026795,1.62891,1853.66652211,589507,526.03,-0.0456516,4.60164
590.4685263633728,0.993253533263,4,0.0,2047,0.0253275,1.60456,1852.61847141,591475,525.53,-0.0331534,14.5764
592.498941898346,0.998316174373,4,0.0,2051,0.0265801,1.54572,1863.04257845,593637,528.3,-0.0406628,3.67292
594.4992461204529,0.99827969959,2,0.0,2053,0.0232183,1.53799,1846.71527073,595049,522.42,-0.032622,2.56795
596.5151743888855,0.892667666078,4,0.0,2057,0.0202666,1.56524,1836.94866208,597397,519.72,-0.0187593,380.169
598.5818212032318,0.877026923001,4,0.0,2061,0.0271125,1.5706,1831.42639709,599795,517.92,-0.0190996,440.486
600.6015872955322,0.917272761464,4,0.0,2065,0.0209407,1.60441,1836.61175554,601839,519.2,-0.0227522,168.354
602.664294719696,0.988898315467,5,0.0,2070,0.0274469,1.621,1843.23076748,604094,520.99,-0.0442616,8.64577
604.6866075992584,0.994435031898,4,0.0,2074,0.0216383,1.61823,1860.75624915,605950,525.41,-0.0355785,5.45138
606.7187750339508,0.994632847141,6,0.0,2080,0.0250413,1.61337,1790.48229932,608140,504.76,-0.035521,6.49375
608.7499628067017,0.997043884126,5,0.0,2085,0.0265923,1.58026,1773.25956082,610031,499.3,-0.0445601,5.47957
610.8140919208527,0.998097513104,4,0.0,2089,0.0290678,1.58912,1789.65629282,612056,503.62,-0.0409022,3.23561
612.8520021438599,0.996144530363,6,0.0,2095,0.0212334,1.57287,1743.14121251,614356,489.63,-0.041033,8.00207
614.8588633537292,0.998734447872,3,0.0,2098,0.0233657,1.56201,1702.46926199,615804,476.81,-0.0362046,2.81323
616.8620965480804,0.954663451761,4,0.0,2102,0.0332843,1.56183,1741.84835833,618329,487.74,-0.017462,84.266
618.8965244293213,0.988331845962,5,0.0,2107,0.0289671,1.58747,1748.93807688,620454,488.84,-0.0232425,5.46225
620.9122743606567,0.997383048991,4,0.0,2111,0.0253336,1.57508,1772.85269393,622402,495.12,-0.0396592,4.91491
622.9648947715759,0.998489189893,5,0.0,2116,0.0229484,1.56845,1792.58296059,624455,499.96,-0.044629,3.52743
624.9987890720367,0.99754532543,5,0.0,2121,0.0200404,1.55817,1779.56434547,626396,495.84,-0.0398927,4.85705
627.0206437110901,0.998503834009,4,0.0,2125,0.0198285,1.51661,1732.07303991,627848,481.76,-0.0453966,3.42719
629.0541086196899,0.998858199338,5,0.0,2130,0.0231192,1.49553,1747.51895621,630688,485.62,-0.0450156,2.92251
631.0699095726013,0.997108644806,4,0.0,2134,0.0268929,1.46758,1735.50116067,632601,482.17,-0.0410331,5.09734
633.1171879768372,0.997912394581,5,0.0,2139,0.0268978,1.47488,1692.14809065,634344,469.67,-0.0422063,5.12603
635.1402051448822,0.890772603452,4,0.0,2143,0.0216802,1.49084,1698.99559546,636716,472.09,-0.0190244,464.618
637.1714906692505,0.996660031145,4,0.0,2147,0.0242206,1.44533,1704.43574497,638779,473.04,-0.0474076,2.95135
639.2202055454254,0.971797956154,3,0.0,2150,0.0207973,1.43305,1723.86953681,640785,478.65,-0.0276859,11.2686
641.242956161499,0.851298630238,3,0.0,2153,0.0457146,1.423,1719.29723776,642836,477.87,-0.0207757,401.517
643.2654421329498,0.989646864124,4,0.0,2157,0.0277199,1.4247,1711.4883734,644890,474.93,-0.0366796,5.05122
645.2997307777405,0.996571651194,5,0.0,2162,0.0283625,1.39411,1675.46171825,646553,464.02,-0.0397451,4.04939
647.3340716362,0.997809597058,6,0.0,2168,0.0297959,1.35765,1663.05586545,649154,459.68,-0.0424302,4.14915
649.396491765976,0.996392912464,6,0.0,2174,0.0327642,1.35075,1639.89106315,651220,452.7,-0.0447392,7.41528
651.4288444519043,0.998454513028,3,0.0,2177,0.0217263,1.33238,1662.07802257,653047,458.65,-0.0421351,2.15748
653.4446218013763,0.997591037303,5,0.0,2182,0.0231691,1.36193,1675.26236095,655076,461.84,-0.0365466,3.04459
655.490690946579,0.996759359026,4,0.0,2186,0.0259906,1.34143,1687.18581781,657248,465.09,-0.040561,5.04159
657.5075173377991,0.997479079291,4,0.0,2190,0.0315772,1.34458,1694.72260119,659214,467.17,-0.0431947,5.05931
659.5695068836212,0.982089066878,6,0.0,2196,0.0233115,1.33975,1689.62062275,661250,465.55,-0.0328547,10.0712
661.6010026931763,0.996434518136,5,0.0,2201,0.0324293,1.3245,1663.48436025,663384,457.71,-0.0316964,7.47027
663.6293742656708,0.998233382823,5,0.0,2206,0.0264562,1.30378,1650.38663448,665448,453.57,-0.0386752,4.73948
665.6648819446564,0.998174190638,5,0.0,2211,0.025997,1.25765,1643.74279203,667498,450.96,-0.0447232,2.94989
667.7193377017975,0.998569699703,6,0.0,2217,0.0234885,1.26145,1635.35659332,669599,448.27,-0.0441896,2.93948
669.7645561695099,0.998297073995,5,0.0,2222,0.029816,1.25086,1633.21453986,671439,447.42,-0.0402092,3.60355
671.801839351654,0.997988539748,6,0.0,2228,0.0347655,1.24011,1610.92188252,673711,440.58,-0.0375727,5.82378
673.7961935997009,0.998023865744,6,0.0,2234,0.0241217,1.18774,1572.95990231,675543,429.42,-0.0427248,5.63242
675.8130815029144,0.998702227371,6,0.0,2240,0.0265114,1.17349,1571.40387146,677783,428.52,-0.0380607,3.54534
677.8457703590393,0.997481603641,5,0.0,2245,0.0247243,1.15387,1542.89405571,679636,419.61,-0.0453375,4.80102
679.8663861751556,0.997183669824,6,0.0,2251,0.0272639,1.13062,1491.39317798,681930,404.67,-0.035679,4.89349
681.9143166542053,0.997832860099,5,0.0,2256,0.0227324,1.10885,1463.76312837,683731,395.66,-0.045187,3.62033
683.9368770122528,0.995966116432,7,0.0,2263,0.0270989,1.11771,1434.82243158,685969,387.01,-0.0328156,13.02
685.968258857727,0.994785043877,7,0.0,2270,0.0235692,1.11211,1420.28783922,688076,382.95,-0.0462208,16.3114
687.9998939037323,0.995261100121,7,0.0,2277,0.0241184,1.11337,1372.96866746,690033,369.86,-0.0471252,13.1691
690.0146396160126,0.892883911729,4,0.0,2281,0.0265156,1.11234,1387.43719665,692198,374.27,-0.0234163,336.855
692.0549437999725,0.990559455007,5,0.0,2286,0.0271038,1.11151,1361.67266156,693918,366.7,-0.0396457,9.00871
694.0836522579193,0.929221391678,5,0.0,2291,0.0401318,1.10403,1362.41262948,696319,367.41,-0.0216029,316.536
696.116781949997,0.831811964512,3,0.0,2294,0.0390436,1.07992,1381.6830078,698112,373.53,-0.0240478,463.236
698.1471884250641,0.833526864648,3,0.0,2297,0.0208063,1.07967,1408.9953683,699874,381.38,-0.0259278,468.595
700.1889963150024,0.828952923417,3,0.0,2300,0.0190436,1.07314,1428.24723355,701740,387.3,-0.0246745,469.74
702.2260723114014,0.882200784981,4,0.0,2304,0.022626,1.07903,1451.99849427,704134,394.3,-0.0241747,434.607
704.2581415176392,0.996899346821,5,0.0,2309,0.0314648,1.05892,1463.15191682,706507,397.24,-0.0473547,5.27549
706.2813649177551,0.996318451129,4,0.0,2313,0.0318574,1.03382,1476.36587022,708240,400.59,-0.050702,8.27853
708.3141007423401,0.846132427454,3,0.0,2316,0.0239693,1.03662,1511.61033283,710325,410.91,-0.0234801,326.148
710.365903377533,0.989459019154,6,0.0,2322,0.0302951,1.01413,1518.81817612,712681,412.42,-0.037286,10.7126
712.3980917930603,0.995417569764,3,0.0,2325,0.0332083,1.00081,1515.36871073,713784,411.13,-0.0438647,5.93555
714.4292583465576,0.910086527467,5,0.0,2330,0.043941,0.988449,1555.64263826,716597,423.09,-0.0152324,436.029
716.4600503444672,0.994990366511,6,0.0,2336,0.0259167,0.977077,1564.23250917,718682,425.04,-0.0516466,10.7571
718.5067596435547,0.996794744395,6,0.0,2342,0.0394044,0.952351,1552.89592881,720690,421.55,-0.040816,7.65912
720.5549731254578,0.996181519469,5,0.0,2347,0.0311471,0.948016,1559.46167162,722789,422.9,-0.0398379,9.0363
722.5774190425873,0.996823237976,5,0.0,2352,0.0237594,0.936264,1564.54749063,724733,424.15,-0.0469674,11.1754
724.5777218341827,0.997078899061,5,0.0,2357,0.0263031,0.926466,1585.13528937,727014,429.48,-0.0444349,9.19678
726.6393389701843,0.997039257549,5,0.0,2362,0.0290696,0.896978,1598.10833108,728851,432.53,-0.0464721,8.8779
728.6707694530487,0.997684975853,4,0.0,2366,0.0279004,0.887247,1613.0798029,730557,436.54,-0.0413391,6.47616
730.7345087528229,0.998347928398,5,0.0,2371,0.0268721,0.893511,1651.16770519,732961,445.8,-0.0430896,5.71412
732.7878670692444,0.997138787294,5,0.0,2376,0.02568,0.877775,1680.90628719,735040,453.14,-0.0478137,7.74128
734.8046207427979,0.996729881037,4,0.0,2380,0.0308776,0.853714,1686.21112426,737144,453.36,-0.0452778,7.50026
736.8432333469391,0.995856715366,5,0.0,2385,0.0327631,0.847993,1699.01325361,739152,456.68,-0.0424661,9.1403
738.8925445079803,0.997461312916,5,0.0,2390,0.0264454,0.812257,1675.65901109,740989,449.2,-0.0506808,6.78367
740.9432144165039,0.997467855923,6,0.0,2396,0.0336824,0.81506,1660.08462811,743239,443.65,-0.0442885,8.59187
742.9934828281403,0.851164221764,3,0.0,2399,0.0265965,0.822802,1641.69378563,744989,437.49,-0.0170581,476.048
745.0146200656891,0.877497389913,4,0.0,2403,0.0448818,0.818027,1627.79363946,747086,433.21,-0.0238688,445.22
747.062017917633,0.995913098566,6,0.0,2409,0.0398243,0.806179,1618.36439412,749499,429.92,-0.0416402,7.55301
749.1007499694824,0.996305353474,6,0.0,2415,0.0267548,0.78094,1586.63040515,751466,421.41,-0.0461543,6.85618
751.101188659668,0.997161211213,5,0.0,2420,0.0278478,0.792835,1562.75458046,753483,414.15,-0.0450576,6.87235
753.1316266059875,0.995832672808,5,0.0,2425,0.0235507,0.783468,1566.96717248,755338,415.54,-0.0367975,12.9357
755.146541595459,0.997185704531,6,0.0,2431,0.0341649,0.775438,1524.45217386,757212,402.16,-0.0375804,7.78207
757.1634588241577,0.906750388443,5,0.0,2436,0.0311009,0.792081,1553.89435546,759765,410.83,-0.0231716,358.548
759.2095062732697,0.984891554341,6,0.0,2442,0.0382399,0.80505,1550.00568304,761636,409.46,-0.0107558,12.8304
761.2470569610596,0.996062350459,6,0.0,2448,0.0426618,0.813418,1538.31557485,763738,405.66,-0.0356021,7.91855
763.3017184734344,0.996834078804,4,0.0,2452,0.0250765,0.807804,1557.68404369,765801,410.68,-0.0472377,6.85885
765.3274886608124,0.99723647302,6,0.0,2458,0.0369841,0.811828,1541.40756698,767992,406.23,-0.048536,8.3967
767.3747963905334,0.995993734337,4,0.0,2462,0.0268502,0.802917,1550.41392704,769694,408.43,-0.0449297,8.73908
769.4051535129547,0.991358079016,5,0.0,2467,0.02882,0.774085,1551.92702164,772071,409.25,-0.0382418,24.3573
771.4362683296204,0.996378151001,4,0.0,2471,0.0325661,0.771345,1541.30674312,773620,406.59,-0.0496146,9.97278
773.4372191429138,0.996836041566,4,0.0,2475,0.0296988,0.770951,1564.84475504,775941,413.28,-0.044166,7.77911
775.4715230464935,0.997729544062,6,0.0,2481,0.0277875,0.762754,1536.90895791,778105,405.81,-0.0418776,7.54028
777.4901938438416,0.995597213972,4,0.0,2485,0.025004,0.745124,1544.28050924,779912,407.6,-0.0447324,9.66324
779.5381841659546,0.884866304696,4,0.0,2489,0.0284281,0.733273,1574.80894756,782098,416.14,-0.0218182,345.75
781.5540776252747,0.993315804284,5,0.0,2494,0.0324608,0.700663,1582.52231251,784292,417.74,-0.0390293,14.2964
783.5855369567871,0.996842810651,5,0.0,2499,0.0343172,0.691599,1566.45874976,786191,412.02,-0.040642,9.07496
785.6087265014648,0.993973192293,5,0.0,2504,0.0253362,0.675155,1551.40099836,788312,407.28,-0.0481496,14.1856
787.6560487747192,0.997470015893,6,0.0,2510,0.0316106,0.657148,1544.2260908,790389,405.2,-0.0472546,4.64047
789.7022354602814,0.997424227186,8,0.0,2518,0.0290299,0.696501,1516.19546513,792558,397.31,-0.0499673,8.1054
791.7333633899689,0.996477518231,5,0.0,2523,0.0320725,0.700954,1516.58597409,794379,397.11,-0.0450579,9.08993
793.7493431568146,0.997613224667,6,0.0,2529,0.0300056,0.668564,1531.45320862,796630,400.72,-0.0464777,6.4511
795.7650511264801,0.996869408991,5,0.0,2534,0.0286709,0.671758,1530.93594461,798622,399.47,-0.049887,7.56821
797.8042933940887,0.996821025852,5,0.0,2539,0.0329117,0.68854,1536.13136467,800592,400.4,-0.0433264,10.4301
799.8354573249817,0.996476274915,6,0.0,2545,0.0325736,0.659563,1542.07216157,802781,402.1,-0.0466945,9.60657
801.8928527832031,0.996900537983,4,0.0,2549,0.0318873,0.655497,1533.43011468,804533,399.65,-0.0443134,6.35679
803.9133424758911,0.99768507597,5,0.0,2554,0.0264427,0.6446,1536.18963874,806721,400.57,-0.0482911,7.30402
805.9309113025665,0.997291212901,6,0.0,2560,0.031282,0.645851,1539.53542582,808796,400.91,-0.0364563,11.0365
807.9674441814423,0.995999420993,4,0.0,2564,0.0334512,0.628903,1541.32231703,810594,400.53,-0.0365795,9.33291
809.979843378067,0.995717680082,6,0.0,2570,0.0304456,0.595451,1523.05042049,812692,395.18,-0.0417655,11.6753
812.0363233089447,0.996933966409,5,0.0,2575,0.0324381,0.607719,1506.37057899,814927,389.86,-0.037996,10.1667
814.0530261993408,0.995935975574,4,0.0,2579,0.033013,0.611676,1510.13292163,816510,390.54,-0.0455599,8.82072
816.0860621929169,0.99801042187,6,0.0,2585,0.0280192,0.567946,1517.68816352,819119,392.07,-0.0369718,4.74486
818.1241455078125,0.997563113924,6,0.0,2591,0.0354667,0.571514,1473.81662882,821168,379.64,-0.0219439,7.34852
820.2045209407806,0.997531771194,5,0.0,2596,0.0352168,0.53408,1472.69059531,822866,378.95,-0.042687,5.15562
822.2261390686035,0.996406089514,7,0.0,2603,0.027082,0.520489,1448.79272695,825211,372.54,-0.0398787,11.538
824.2409253120422,0.994526593015,4,0.0,2607,0.0343061,0.531715,1458.14490293,826975,375.07,-0.0452379,10.3603
826.2719917297363,0.996979736723,6,0.0,2613,0.0342273,0.512242,1476.61904066,829219,380.09,-0.0423838,6.353
828.3051698207855,0.993661236484,7,0.0,2620,0.0234231,0.506807,1474.82914239,831408,379.43,-0.0414003,20.646
830.3512995243073,0.997219788376,5,0.0,2625,0.0344363,0.527544,1485.38866354,833258,382.59,-0.0496772,8.64016
832.397698879242,0.997368790442,7,0.0,2632,0.0308201,0.51976,1462.30611936,835495,376.5,-0.0332109,6.10827
834.4391479492188,0.997506443411,5,0.0,2637,0.023383,0.524995,1469.54062709,837549,377.71,-0.0438446,4.04749
836.4602150917053,0.996491114842,5,0.0,2642,0.0298368,0.525568,1472.53844948,839592,378.86,-0.0496123,7.53432
838.5229434967041,0.998477472574,6,0.0,2648,0.0420449,0.494269,1469.40711477,841512,377.52,-0.040137,4.97128
840.5532388687134,0.997763075866,6,0.0,2654,0.0357256,0.475162,1443.71422668,843749,370.28,-0.050787,4.81082
842.5853786468506,0.994948371314,4,0.0,2658,0.0349326,0.496182,1465.60389337,845623,376.45,-0.0509523,7.17797
844.6156761646271,0.9976606532,7,0.0,2665,0.026155,0.509301,1429.4551018,847774,367.34,-0.039707,5.9193
846.6398067474365,0.99523532344,5,0.0,2670,0.0324579,0.489165,1437.45557147,849640,369.48,-0.0387619,8.93534
848.6713352203369,0.998240514658,6,0.0,2676,0.0277657,0.507983,1418.20383335,851921,364.5,-0.0431833,3.92374
850.73415350914,0.998366727959,5,0.0,2681,0.0338115,0.542715,1409.22690793,853811,361.83,-0.0424552,4.15739
852.8045904636383,0.996043887455,8,0.0,2689,0.0327444,0.509861,1380.12014074,856023,354.79,-0.0449353,9.02746
854.8120963573456,0.996501783142,5,0.0,2694,0.0362639,0.495324,1393.71480924,857887,358.49,-0.0395103,5.73729
856.8299555778503,0.995802498888,4,0.0,2698,0.0392214,0.471738,1395.25963166,859591,358.86,-0.0420164,6.94866
858.8811764717102,0.996843897039,4,0.0,2702,0.0329957,0.46878,1434.72257792,861971,369.89,-0.0449241,7.57763
860.9136984348297,0.996073070914,5,0.0,2707,0.0274399,0.468476,1428.60023982,863777,368.02,-0.0410265,8.2936
862.960923910141,0.996670583263,5,0.0,2712,0.0339815,0.418837,1440.18712178,866023,370.56,-0.0497734,4.72054
864.9993562698364,0.995904441457,5,0.0,2717,0.0364807,0.408337,1458.29737986,868001,375.6,-0.0444908,10.4068
867.0458931922913,0.996588093927,6,0.0,2723,0.0337288,0.39032,1478.22385881,870380,380.24,-0.0264386,9.77953
869.0773372650146,0.998035906814,5,0.0,2728,0.0378986,0.347459,1480.85796681,872343,380.96,-0.038796,5.17335
871.1042182445526,0.997276452603,5,0.0,2733,0.0345073,0.351011,1497.88703365,874426,385.6,-0.0478073,5.98501
873.1431994438171,0.99662987818,4,0.0,2737,0.030639,0.327888,1506.51858478,876401,388.52,-0.046229,7.51331
875.1565022468567,0.997163785854,5,0.0,2742,0.0383623,0.303493,1505.72037466,878431,388.39,-0.0367081,6.70495
877.2022752761841,0.997146415059,5,0.0,2747,0.0324386,0.292792,1521.51169321,880461,392.56,-0.047026,5.09766
879.2487938404083,0.998288166476,7,0.0,2754,0.0244911,0.283968,1504.27481866,882530,387.81,-0.0445312,4.35316
881.2727468013763,0.998245459632,7,0.0,2761,0.0411517,0.289519,1478.84123273,884530,380.23,-0.0403792,4.12024
883.2959606647491,0.99848233466,6,0.0,2767,0.0310156,0.289167,1480.14813219,886565,380.21,-0.0463757,4.70885
885.3271522521973,0.997859844239,5,0.0,2772,0.0325373,0.270671,1495.40136888,888626,383.82,-0.0412815,6.23778
887.3900282382965,0.996788421646,6,0.0,2778,0.0366499,0.278895,1473.36162672,890624,378.05,-0.0363876,8.5198
889.4369747638702,0.99754006532,5,0.0,2783,0.0292498,0.247684,1497.33455548,892836,384.06,-0.0384933,7.95036
891.4991462230682,0.998026333749,5,0.0,2788,0.0362712,0.252822,1522.82563167,894720,390.29,-0.037585,4.63751
893.5148799419403,0.997455198318,5,0.0,2793,0.0377206,0.238692,1532.17767053,896899,392.91,-0.052101,7.58905
895.5457100868225,0.999004787998,6,0.0,2799,0.031398,0.227665,1509.3201319,898866,386.24,-0.0496594,2.69274
897.5777950286865,0.998783803429,6,0.0,2805,0.0447162,0.230577,1485.28072081,900898,379.37,-0.0308845,4.39059
899.6516299247742,0.998089498375,4,0.0,2809,0.0308162,0.251927,1502.37860733,903041,383.33,-0.0485775,4.82566
901.6857712268829,0.997230143519,6,0.0,2815,0.0341818,0.226225,1489.47736263,905192,380.17,-0.0480615,7.07297
903.7015111446381,0.996998560615,4,0.0,2819,0.0357045,0.198161,1496.70320315,906923,381.82,-0.0399771,8.18736
905.7335827350616,0.996641203295,5,0.0,2824,0.0382338,0.209487,1504.27016994,909120,383.85,-0.038658,10.1816
907.7645580768585,0.876981444657,4,0.0,2828,0.0456263,0.206104,1517.84059988,911172,388.29,-0.0234767,520.163
909.8044271469116,0.996291989228,5,0.0,2833,0.0528495,0.180474,1524.39549406,913386,389.6,-0.0426234,6.5333
911.8199133872986,0.995763202198,6,0.0,2839,0.0385171,0.172076,1489.37839806,915309,379.61,-0.0428163,9.2401
913.8667092323303,0.996478251647,6,0.0,2845,0.0413797,0.180795,1480.5585635,917363,377.22,-0.0394783,5.73772
915.8965871334076,0.997417897917,6,0.0,2851,0.0315343,0.169554,1480.2386594,919489,377.48,-0.0442114,5.70599
917.9448218345642,0.998279752326,6,0.0,2857,0.037126,0.122496,1498.74254945,921598,382.51,-0.0406097,5.58271
919.9760489463806,0.997341989074,6,0.0,2863,0.0351351,0.137287,1506.61840294,923618,385.03,-0.0446301,9.03709
922.0065951347351,0.997948734555,5,0.0,2868,0.0314035,0.128736,1503.56643264,925381,384.27,-0.0430948,4.13382
924.0216510295868,0.997652190505,6,0.0,2874,0.0412567,0.115531,1500.76209536,927656,383.56,-0.0451617,3.89975
926.0703845024109,0.997508487431,6,0.0,2880,0.0375161,0.0886153,1478.26854418,929659,377.79,-0.0417736,6.85026
928.0769703388214,0.99743879633,5,0.0,2885,0.0380609,0.0995736,1499.37045253,931788,383.81,-0.0521004,5.33398
930.1241707801819,0.887213602662,4,0.0,2889,0.0890198,0.113007,1513.5916424,933867,388.5,-0.0217588,453.768
932.1433975696564,0.994277588557,4,0.0,2893,0.034102,0.0791491,1507.22754931,935554,386.55,-0.0405208,8.10391
934.1933829784393,0.997573137982,5,0.0,2898,0.048551,0.0606582,1521.50194025,937592,390.31,-0.0305031,7.21879
936.2089703083038,0.998050894472,5,0.0,2903,0.0344283,0.0337298,1542.78766322,939774,395.78,-0.0507623,5.85458
938.2573134899139,0.866813600063,4,0.0,2907,0.032001,0.0342304,1537.21486944,941708,395.19,-0.0244238,335.006
940.2737400531769,0.985570492223,5,0.0,2912,0.0494087,0.00725937,1551.03506578,943998,398.84,-0.0384483,11.0155
942.2970087528229,0.994579663035,6,0.0,2918,0.0385322,-0.0163417,1542.00853512,946102,395.99,-0.0412605,6.1987
944.3285105228424,0.997241138713,6,0.0,2924,0.0466321,-0.025672,1510.84201515,947895,387.75,-0.0462744,4.94145
946.3754916191101,0.997942010639,6,0.0,2930,0.0336942,-0.0304787,1488.03372516,950113,380.86,-0.0511324,5.80898
948.4243597984314,0.997823781567,5,0.0,2935,0.0345274,-0.0319344,1490.98132157,952254,381.59,-0.0426008,5.71427
950.4606988430023,0.998619624064,6,0.0,2941,0.0399527,-0.0458804,1489.61730957,954183,381.16,-0.0311363,6.75403
952.4800720214844,0.845655873418,3,0.0,2944,0.0370415,-0.036747,1529.7788302,956292,392.9,-0.0232991,430.717
954.505428314209,0.994630618021,6,0.0,2950,0.0476231,-0.0722177,1529.0413693,958438,393.08,-0.0452519,11.6689
956.5528666973114,0.991166622378,3,0.0,2953,0.0375706,-0.0807348,1545.90315954,959936,397.57,-0.0492795,9.52666
958.5996453762054,0.996984810801,5,0.0,2958,0.0471956,-0.108395,1573.965437,962344,404.6,-0.0472115,4.6862
960.6483416557312,0.997070921818,4,0.0,2962,0.046033,-0.11753,1596.71242218,964238,410.5,-0.0449415,6.27624
962.6707365512848,0.998124810983,6,0.0,2968,0.0393788,-0.157254,1593.62920867,966348,409.67,-0.055034,3.94223
964.7177975177765,0.997337396257,6,0.0,2974,0.0323642,-0.18428,1590.5419276,968544,408.88,-0.0454849,7.41048
966.7505073547363,0.99794697226,7,0.0,2981,0.0413325,-0.188427,1578.88414641,970598,405.77,-0.0466066,7.0226
968.8043215274811,0.998045631917,6,0.0,2987,0.0341748,-0.184045,1554.01653562,972468,398.72,-0.0350566,8.10441
970.8660778999329,0.998327140813,6,0.0,2993,0.0357867,-0.193339,1528.62664596,974640,390.86,-0.0463429,4.55136
972.8819797039032,0.998634641175,6,0.0,2999,0.0336414,-0.173132,1509.95748314,976688,386.05,-0.0408481,5.06639
974.9215059280396,0.997114974074,5,0.0,3004,0.0331521,-0.180705,1501.3817052,978475,384.19,-0.051743,8.59545
976.9551224708557,0.99519449193,5,0.0,3009,0.034705,-0.202775,1499.35733238,980824,383.27,-0.0446902,11.8772
979.0081708431244,0.995978701394,4,0.0,3013,0.0428776,-0.208772,1497.41466065,982707,382.93,-0.0297845,7.35036
981.0620610713959,0.996794052888,4,0.0,3017,0.0315543,-0.232542,1522.38152786,984806,389.63,-0.0507705,6.73539
983.0932745933533,0.998540333938,6,0.0,3023,0.0358407,-0.249159,1535.49266659,986875,393.04,-0.0428211,4.39904
985.1088140010834,0.996830283199,5,0.0,3028,0.0416409,-0.238846,1554.76451261,989013,397.9,-0.0456299,9.86615
987.173590183258,0.998124351026,6,0.0,3034,0.0311762,-0.253386,1539.22168399,990949,394.03,-0.0494145,4.86034
989.1953401565552,0.99839608965,6,0.0,3040,0.0396734,-0.228871,1537.72410265,993275,393.47,-0.0460545,5.32492
991.1837403774261,0.998498108471,5,0.0,3045,0.0460328,-0.223527,1516.08442847,995204,386.4,-0.0358528,3.72313
993.2109830379486,0.997457927326,6,0.0,3051,0.0440126,-0.24226,1492.16519849,997135,379.39,-0.0361595,9.84459
995.3276724815369,0.982499044389,4,0.0,3055,0.0265546,-0.23531,1500.05727125,999179,382.0,-0.0374111,18.8112
997.4403483867645,0.996145783458,5,0.0,3060,0.0584911,-0.241171,1494.17031286,1001379,380.33,-0.0424804,8.02868
