EpThisIter,TimestepsSoFar,loss_kl,EpisodesSoFar,loss_pol_entpen,EpLenMean,loss_pol_surr,TimeElapsed,ev_tdlam_before,EpRewMean,loss_ent,loss_vf_loss
40,2000,0.0114333,40,0.0,50.0,-0.0261902,2.0157744884490967,-0.0096777677536,-109.30389135,2.72676,533.901
41,4050,0.00814418,81,0.0,50.0,-0.0197494,3.7681522369384766,0.11406314373,-105.592006001,2.63925,163.612
41,6100,0.00747852,122,0.0,50.0,-0.0163822,5.507850646972656,0.110720396042,-99.7341618986,2.5764,166.494
41,8150,0.00659336,163,0.0,50.0,-0.0137818,7.250814437866211,0.0884632468224,-92.7111041387,2.506,180.455
41,10200,0.00664652,204,0.0,50.0,-0.0156465,8.993297338485718,0.101151943207,-87.3777865997,2.44308,178.874
41,12250,0.00931736,245,0.0,50.0,-0.0202441,10.74120306968689,0.122730076313,-81.2374386811,2.36702,168.374
41,14300,0.00779194,286,0.0,50.0,-0.0175217,12.484567642211914,0.222234487534,-76.4522447905,2.29775,139.092
41,16350,0.00930117,327,0.0,50.0,-0.0218354,14.227141618728638,0.347161352634,-72.0586846378,2.22238,109.228
41,18400,0.00775965,368,0.0,50.0,-0.0167303,15.954272747039795,0.423837482929,-68.7215944225,2.14718,86.3088
41,20450,0.00904205,409,0.0,50.0,-0.019956,17.70244836807251,0.465887367725,-66.8123924533,2.06611,75.2402
41,22500,0.00812497,450,0.0,50.0,-0.0198376,19.437660217285156,0.511174052954,-63.2468722358,2.01637,60.877
41,24550,0.00757365,491,0.0,50.0,-0.0220078,21.179136037826538,0.512138187885,-59.9994597435,1.94638,58.957
41,26600,0.00888566,532,0.0,50.0,-0.022813,22.912644147872925,0.588967561722,-56.6120871646,1.88906,43.0497
41,28650,0.0114071,573,0.0,50.0,-0.0243164,24.66401481628418,0.607769340277,-54.3919646966,1.80785,37.3466
41,30700,0.00699501,614,0.0,50.0,-0.0175725,26.39168620109558,0.659809827805,-50.9711614382,1.75612,27.7446
41,32750,0.0112175,655,0.0,50.0,-0.0255359,28.127387046813965,0.664190471172,-48.5446640811,1.70187,26.3791
41,34800,0.00857345,696,0.0,50.0,-0.0178026,29.865827798843384,0.66457670927,-47.1033757205,1.64721,23.7397
41,36850,0.00869462,737,0.0,50.0,-0.0203042,31.63156795501709,0.624773025513,-46.8625688659,1.5828,25.2763
41,38900,0.00943015,778,0.0,50.0,-0.0241009,33.3903591632843,0.725823193789,-45.4063568595,1.50106,20.5819
41,40950,0.0100659,819,0.0,50.0,-0.0214108,35.14121890068054,0.763447105885,-43.3056814802,1.43291,15.6429
41,43000,0.0103466,860,0.0,50.0,-0.0263732,36.90934681892395,0.76308760047,-41.2282331367,1.37622,14.6914
41,45050,0.0102234,901,0.0,50.0,-0.0270434,38.6645028591156,0.696863502264,-39.3664285949,1.30568,17.6489
41,47100,0.00898435,942,0.0,50.0,-0.0234745,40.421308517456055,0.747397780418,-37.9820903503,1.24012,13.7305
41,49150,0.0102562,983,0.0,50.0,-0.025978,42.16379380226135,0.716916292906,-36.5904336442,1.16185,12.7315
41,51200,0.00885016,1024,0.0,50.0,-0.0235005,43.91381359100342,0.741180419922,-34.9518285447,1.08565,11.3537
40,53200,0.00657204,1064,0.0,50.0,-0.0229139,45.664021015167236,0.715241611004,-33.5442377416,1.0397,10.714
41,55250,0.0099716,1105,0.0,50.0,-0.0213165,47.43725323677063,0.814896121621,-32.6671104588,0.973726,6.86123
41,57300,0.00905232,1146,0.0,50.0,-0.0243173,49.171796798706055,0.846474319696,-31.9945677362,0.89348,6.54141
41,59350,0.0114391,1187,0.0,50.0,-0.0236235,50.94090509414673,0.824539229274,-31.1336040623,0.820444,6.25532
41,61400,0.0135567,1228,0.0,50.0,-0.0219944,52.67938160896301,0.887319542468,-29.6395176715,0.725168,3.98112
41,63450,0.010934,1269,0.0,50.0,-0.0246636,54.45279264450073,0.814698278904,-28.1417098727,0.650084,5.36112
41,65500,0.00885929,1310,0.0,50.0,-0.022151,56.195271730422974,0.810184314847,-27.0894143179,0.588589,4.33221
41,67550,0.011784,1351,0.0,50.0,-0.0228693,57.96088004112244,0.882708884776,-26.6381904736,0.525887,3.1064
41,69600,0.00971173,1392,0.0,50.0,-0.026997,59.69576978683472,0.88682448864,-26.1023827729,0.473412,2.71318
41,71650,0.0107567,1433,0.0,50.0,-0.0230084,61.45269417762756,0.851151674986,-25.5299803673,0.42045,3.19842
41,73700,0.00921035,1474,0.0,50.0,-0.0249946,63.195189237594604,0.882435508072,-24.8838136744,0.35331,2.66918
41,75750,0.00998871,1515,0.0,50.0,-0.0226257,64.95536684989929,0.860216841102,-23.7744829313,0.301174,2.71637
41,77800,0.0133259,1556,0.0,50.0,-0.020297,66.69562411308289,0.86117900908,-23.3002844025,0.240026,2.41613
41,79850,0.0125952,1597,0.0,50.0,-0.0219734,68.46138072013855,0.757415056229,-22.9656938563,0.18929,2.9953
41,81900,0.0100975,1638,0.0,50.0,-0.0274151,70.20570397377014,0.849364832044,-22.6900608796,0.133219,2.43509
41,83950,0.00829216,1679,0.0,50.0,-0.0238467,71.9605004787445,0.841691672802,-22.1178710957,0.086194,2.50992
41,86000,0.011581,1720,0.0,50.0,-0.0199573,73.69466829299927,0.885722972453,-21.5160178683,0.0102783,1.69258
41,88050,0.013624,1761,0.0,50.0,-0.0234161,75.57087111473083,0.910893805325,-20.4567797095,-0.0351425,1.48096
41,90100,0.0105546,1802,0.0,50.0,-0.0244728,77.32009792327881,0.940437920392,-20.6252422942,-0.0806266,0.961599
41,92150,0.0111931,1843,0.0,50.0,-0.0261056,79.07469987869263,0.919542513788,-20.4256111998,-0.127019,1.28813
41,94200,0.0154945,1884,0.0,50.0,-0.0224857,81.00015783309937,0.914701372385,-20.5794698894,-0.165652,1.12204
41,96250,0.018344,1925,0.0,50.0,-0.00741569,82.7533552646637,0.904944613576,-20.3290321956,-0.21242,1.24405
41,98300,0.015585,1966,0.0,50.0,-0.0258517,84.47623300552368,0.922182269394,-20.4948940183,-0.251014,1.16561
41,100350,0.0083355,2007,0.0,50.0,-0.0197004,86.23741436004639,0.935061752796,-19.99636829,-0.299616,0.813273
41,102400,0.0140978,2048,0.0,50.0,-0.0250113,87.96977162361145,0.917083449662,-19.5202070736,-0.353971,1.11413
40,104400,0.0181392,2088,0.0,50.0,-0.0271528,89.72118759155273,0.92980980128,-18.6185142537,-0.390461,0.866493
41,106450,0.0116497,2129,0.0,50.0,-0.0204493,91.46144366264343,0.937551505864,-17.8007385279,-0.428873,0.892504
41,108500,0.0142428,2170,0.0,50.0,-0.0223091,93.22090196609497,0.931596130133,-17.3427907765,-0.465964,0.984922
41,110550,0.0148278,2211,0.0,50.0,-0.0227579,94.94578719139099,0.948372673243,-17.4312279704,-0.52532,0.702085
41,112600,0.0126586,2252,0.0,50.0,-0.0175211,96.70325946807861,0.916582018137,-17.147687679,-0.573783,0.877339
41,114650,0.0175133,2293,0.0,50.0,-0.0266182,98.43765139579773,0.940246932209,-16.9536040604,-0.61725,0.659271
41,116700,0.0148881,2334,0.0,50.0,-0.0209471,100.18680024147034,0.935956411064,-17.0895959926,-0.670004,0.743317
41,118750,0.0076506,2375,0.0,50.0,-0.0161825,101.93694853782654,0.955255474895,-16.7584306262,-0.679193,0.421067
41,120800,0.0181434,2416,0.0,50.0,-0.0136533,103.68709135055542,0.964041013271,-16.4890671419,-0.731254,0.388801
41,122850,0.016524,2457,0.0,50.0,-0.014227,105.42185139656067,0.954095877707,-16.7801129193,-0.794764,0.502377
41,124900,0.0142285,2498,0.0,50.0,-0.0195798,107.17997550964355,0.953858908266,-17.0503897268,-0.833633,0.513099
41,126950,0.0125303,2539,0.0,50.0,-0.0241454,108.91447353363037,0.956672742963,-16.2800171167,-0.871198,0.433332
41,129000,0.0150813,2580,0.0,50.0,-0.0229042,110.68107104301453,0.9402317442,-15.9022052771,-0.919254,0.550594
41,131050,0.0125012,2621,0.0,50.0,-0.0195809,112.42123103141785,0.956827752292,-15.7854256081,-0.960418,0.473142
41,133100,0.0289278,2662,0.0,50.0,-0.00499253,114.16497302055359,0.953069467098,-16.2039233079,-0.99927,0.538172
41,135150,0.0189966,2703,0.0,50.0,-0.0186589,115.9058940410614,0.954201709479,-16.0002684964,-1.05228,0.298303
41,137200,0.0124461,2744,0.0,50.0,-0.0238486,117.65600323677063,0.962856892496,-16.0262130673,-1.09309,0.330266
41,139250,0.0124599,2785,0.0,50.0,-0.021565,119.37484979629517,0.960779685527,-15.9703473269,-1.12967,0.386738
41,141300,0.0103181,2826,0.0,50.0,-0.0241541,121.13295722007751,0.956568837166,-16.0377528938,-1.18396,0.354801
41,143350,0.00905216,2867,0.0,50.0,-0.0199363,122.88306379318237,0.973828013986,-15.9389697342,-1.21351,0.277149
41,145400,0.0150817,2908,0.0,50.0,-0.0250794,124.63220643997192,0.954406734556,-15.8783853624,-1.25896,0.35937
41,147450,0.0148904,2949,0.0,50.0,-0.0209263,126.3899598121643,0.96194729954,-15.8218577725,-1.28632,0.333122
41,149500,0.0207289,2990,0.0,50.0,-0.0205046,128.1244878768921,0.975133141503,-15.3337205415,-1.32274,0.240421
41,151550,0.0155553,3031,0.0,50.0,-0.0179079,129.89139413833618,0.96620836854,-14.8719558134,-1.35865,0.247148
41,153600,0.0240566,3072,0.0,50.0,-0.0206579,131.64057874679565,0.959270484746,-14.4373549271,-1.41996,0.226044
40,155600,0.0215138,3112,0.0,50.0,-0.0142978,133.37510061264038,0.979712978005,-14.703063234,-1.45553,0.246521
41,157650,0.0226298,3153,0.0,50.0,-0.0165236,135.11761093139648,0.971212077886,-15.2304931239,-1.45732,0.212696
41,159700,0.0285901,3194,0.0,50.0,-0.0166401,136.8747682571411,0.973839933053,-15.2714733201,-1.5043,0.235631
41,161750,0.0137013,3235,0.0,50.0,-0.0184934,138.62730193138123,0.968827340752,-15.1849272442,-1.54078,0.249651
41,163800,0.0221024,3276,0.0,50.0,-0.0111521,140.39059615135193,0.965987388045,-14.8629207407,-1.57693,0.359866
41,165850,0.0209778,3317,0.0,50.0,-0.0279198,142.13803052902222,0.977931508794,-14.9651486996,-1.5971,0.183932
41,167900,0.0163235,3358,0.0,50.0,-0.0160848,143.91279196739197,0.974260197952,-14.3615548765,-1.61766,0.150971
41,169950,0.0196134,3399,0.0,50.0,-0.0252281,145.6637361049652,0.973623691127,-14.0808347672,-1.63402,0.227754
41,172000,0.0196106,3440,0.0,50.0,-0.0224801,147.4211814403534,0.949058778584,-14.1199128991,-1.6619,0.268694
41,174050,0.0141112,3481,0.0,50.0,-0.0293901,149.1559009552002,0.974898405373,-13.5590807827,-1.69612,0.148267
41,176100,0.0182074,3522,0.0,50.0,-0.0211511,150.90580677986145,0.967929866165,-12.84595374,-1.74123,0.208386
41,178150,0.0198477,3563,0.0,50.0,-0.017985,152.6556692123413,0.980776084587,-13.3273332527,-1.76913,0.181028
41,180200,0.0207524,3604,0.0,50.0,-0.0219601,154.76181507110596,0.96611270681,-13.6790997762,-1.79996,0.185675
41,182250,0.0231989,3645,0.0,50.0,-0.0316669,156.499582529068,0.978483377025,-14.020217734,-1.82741,0.120925
41,184300,0.0168111,3686,0.0,50.0,-0.0205506,158.27334213256836,0.975891053677,-14.1784606216,-1.84927,0.136034
41,186350,0.025182,3727,0.0,50.0,-0.0086341,160.00778698921204,0.967284154147,-14.2024567934,-1.89859,0.198671
41,188400,0.02295,3768,0.0,50.0,-0.0138604,161.78095269203186,0.977978078648,-13.9841540805,-1.90716,0.120622
41,190450,0.0208414,3809,0.0,50.0,-0.00720479,163.51544404029846,0.965529475361,-13.2916443805,-1.94025,0.196228
41,192500,0.0185939,3850,0.0,50.0,-0.0205899,165.2569751739502,0.972159354016,-13.3237902951,-1.9289,0.153441
41,194550,0.0197988,3891,0.0,50.0,-0.022193,167.0080919265747,0.981922851875,-13.7236271951,-1.94955,0.11193
41,196600,0.0201347,3932,0.0,50.0,-0.01904,168.75829243659973,0.98025280796,-14.3452085313,-2.00063,0.147994
41,198650,0.0190759,3973,0.0,50.0,-0.0261647,170.51608157157898,0.979414451867,-13.9904680144,-2.01082,0.146672
41,200700,0.0265968,4014,0.0,50.0,-0.0142448,172.27401494979858,0.973143808544,-13.8895207101,-2.04546,0.126433
41,202750,0.0180943,4055,0.0,50.0,-0.0195754,174.04246020317078,0.959566153586,-13.832585126,-2.08798,0.121566
41,204800,0.0284575,4096,0.0,50.0,-0.0112996,175.79351472854614,0.974456742406,-14.0470835313,-2.07128,0.135996
40,206800,0.0174496,4136,0.0,50.0,-0.0262652,177.5386664867401,0.976369434968,-13.7557245404,-2.0902,0.102028
41,208850,0.0236718,4177,0.0,50.0,-0.0274232,179.28135871887207,0.979824323207,-13.0298228674,-2.13044,0.0831573
41,210900,0.0201877,4218,0.0,50.0,-0.010034,181.03384351730347,0.955910280347,-11.9868558067,-2.13089,0.154806
41,212950,0.0207466,4259,0.0,50.0,-0.0271032,182.78813433647156,0.964048661292,-11.6956684463,-2.14568,0.115995
41,215000,0.0203703,4300,0.0,50.0,-0.0222374,184.5388844013214,0.98292812705,-12.1860732914,-2.17561,0.110614
41,217050,0.022367,4341,0.0,50.0,-0.0240959,186.28086829185486,0.981759827584,-12.4669168924,-2.18733,0.0910598
41,219100,0.019229,4382,0.0,50.0,-0.0292937,188.03112053871155,0.98029618524,-12.8312273474,-2.20021,0.101071
41,221150,0.0310995,4423,0.0,50.0,-0.0180496,189.7812523841858,0.976826235652,-11.9264814344,-2.21377,0.0860099
41,223200,0.0230939,4464,0.0,50.0,-0.023819,191.51572704315186,0.975550401956,-11.6243788391,-2.23762,0.123616
41,225250,0.0234257,4505,0.0,50.0,-0.01958,193.25823283195496,0.96794462204,-11.6791365343,-2.26777,0.121878
41,227300,0.0231537,4546,0.0,50.0,-0.0228367,194.98444175720215,0.97785647586,-11.6089579433,-2.28077,0.124055
41,229350,0.0384174,4587,0.0,50.0,-0.021674,196.75382447242737,0.978392232209,-11.4354804496,-2.32846,0.0919991
41,231400,0.0251525,4628,0.0,50.0,-0.0108805,198.48430848121643,0.940791271627,-10.6169395186,-2.339,0.213239
41,233450,0.0191769,4669,0.0,50.0,-0.015253,200.23309922218323,0.958926089108,-10.6611630099,-2.34674,0.139347
41,235500,0.0477423,4710,0.0,50.0,-0.0122311,201.95299744606018,0.96222198382,-10.9544751815,-2.36067,0.110505
41,237550,0.0260174,4751,0.0,50.0,-0.0195893,203.70308804512024,0.943149879575,-11.1176737854,-2.38015,0.128486
41,239600,0.0234555,4792,0.0,50.0,-0.0224304,205.43767023086548,0.96514750272,-11.4588926853,-2.38781,0.145415
41,241650,0.0243711,4833,0.0,50.0,-0.0143275,207.18016362190247,0.949128426611,-10.6817777468,-2.3948,0.158042
41,243700,0.0397637,4874,0.0,50.0,-0.0160139,208.90610527992249,0.956200927496,-10.036613222,-2.41786,0.125967
41,245750,0.0252021,4915,0.0,50.0,-0.0263996,210.65581727027893,0.966747868806,-9.80086273364,-2.45986,0.121175
41,247800,0.0278801,4956,0.0,50.0,-0.0188474,212.4060730934143,0.951449520886,-10.6851796221,-2.45837,0.135041
41,249850,0.0225475,4997,0.0,50.0,-0.0133271,214.14855194091797,0.945618063211,-10.5328307357,-2.46784,0.1493
41,251900,0.0193841,5038,0.0,50.0,-0.0107213,215.91445326805115,0.963481161743,-10.0697075797,-2.46816,0.171861
41,253950,0.0246758,5079,0.0,50.0,-0.014098,217.64662265777588,0.961553901434,-9.94598373362,-2.47227,0.103621
41,256000,0.0212528,5120,0.0,50.0,-0.0218841,219.3762059211731,0.974982112646,-9.90648579617,-2.49784,0.100279
40,258000,0.0184418,5160,0.0,50.0,-0.0224938,221.11768746376038,0.945724252611,-9.42496717475,-2.51849,0.0915585
41,260050,0.020095,5201,0.0,50.0,-0.0219224,222.87429022789001,0.950770884752,-8.96604658063,-2.55537,0.127065
41,262100,0.0269858,5242,0.0,50.0,-0.0217167,224.62514686584473,0.970115857199,-8.96758691149,-2.56134,0.0844666
41,264150,0.0209724,5283,0.0,50.0,-0.0210717,226.37465691566467,0.947442952543,-8.96149096632,-2.59249,0.166153
41,266200,0.0383311,5324,0.0,50.0,-0.00910158,228.10943412780762,0.937780272216,-9.10640877876,-2.59559,0.186197
41,268250,0.0180787,5365,0.0,50.0,-0.0162586,229.87758421897888,0.938796587288,-8.60399699894,-2.58141,0.124736
41,270300,0.0344951,5406,0.0,50.0,-0.0289524,231.608948469162,0.961478475481,-9.06904612786,-2.58752,0.132339
41,272350,0.030539,5447,0.0,50.0,-0.0148926,233.39141368865967,0.88626563549,-9.39951566514,-2.5772,0.153668
41,274400,0.0222809,5488,0.0,50.0,-0.016575,235.13291573524475,0.944526270032,-9.54218903817,-2.60037,0.151829
41,276450,0.0213639,5529,0.0,50.0,-0.0137897,236.90627074241638,0.954061511904,-9.5443865236,-2.62336,0.154193
41,278500,0.0140492,5570,0.0,50.0,-0.0188729,238.720844745636,0.914131827652,-9.04448174443,-2.61651,0.226041
41,280550,0.0240799,5611,0.0,50.0,-0.0284733,240.47714114189148,0.953071672469,-8.26627821312,-2.65407,0.116572
41,282600,0.045253,5652,0.0,50.0,0.0141617,242.22195863723755,0.917097456753,-7.83025929199,-2.6728,0.247323
41,284650,0.0307137,5693,0.0,50.0,-0.0214413,243.97669959068298,0.964156679809,-8.1667206719,-2.68399,0.0914528
41,286700,0.0276571,5734,0.0,50.0,-0.0214743,245.71136736869812,0.974004654214,-9.29702174381,-2.72218,0.0953133
41,288750,0.0254012,5775,0.0,50.0,-0.0145455,247.48456621170044,0.974325140938,-9.33325414078,-2.74945,0.11421
41,290800,0.0232476,5816,0.0,50.0,-0.0155157,249.32088804244995,0.952164839953,-9.45598351448,-2.79105,0.130165
41,292850,0.0198616,5857,0.0,50.0,-0.0140345,251.06253790855408,0.955750565976,-9.27487806433,-2.77995,0.173558
41,294900,0.0297955,5898,0.0,50.0,-0.0151629,252.8001184463501,0.970728835091,-9.35186068768,-2.77628,0.136438
41,296950,0.0184997,5939,0.0,50.0,-0.0268628,254.5688920021057,0.969233730808,-9.36274082647,-2.79613,0.133466
41,299000,0.0433733,5980,0.0,50.0,-0.00516305,256.3119032382965,0.972319813445,-9.89252071464,-2.83886,0.098348
41,301050,0.0277187,6021,0.0,50.0,-0.0178303,258.06201910972595,0.960542943329,-9.42551495688,-2.83519,0.113933
41,303100,0.023731,6062,0.0,50.0,-0.0262798,259.79624009132385,0.974585698918,-9.34405393573,-2.85353,0.0952571
41,305150,0.0258555,6103,0.0,50.0,-0.0244304,261.56544733047485,0.966342769563,-9.37361913038,-2.86775,0.100986
41,307200,0.0217576,6144,0.0,50.0,-0.0250039,263.2965683937073,0.96810587123,-9.76469668626,-2.90039,0.100805
40,309200,0.0254669,6184,0.0,50.0,-0.023475,265.0463991165161,0.967847384512,-9.37311634249,-2.91558,0.14168
41,311250,0.0373096,6225,0.0,50.0,-0.0150557,266.78063321113586,0.966380506754,-8.53611076259,-2.9213,0.0949235
41,313300,0.0224834,6266,0.0,50.0,-0.0202016,268.5310537815094,0.95865098387,-8.47215163202,-2.93109,0.0887497
41,315350,0.0420947,6307,0.0,50.0,-0.00972195,270.2579188346863,0.962228275836,-8.08503700827,-2.9439,0.106716
41,317400,0.0192668,6348,0.0,50.0,-0.0155406,272.00763297080994,0.956823602319,-8.17040026449,-2.9556,0.132666
41,319450,0.0231643,6389,0.0,50.0,-0.00668009,273.75754022598267,0.970368193462,-8.16762372807,-2.9932,0.123528
41,321500,0.0344256,6430,0.0,50.0,-0.0127901,275.5063979625702,0.964265745133,-8.44418167407,-2.97416,0.0842785
41,323550,0.0221485,6471,0.0,50.0,-0.0212496,277.2340850830078,0.971892457455,-8.47698682095,-2.99522,0.0780244
41,325600,0.0243992,6512,0.0,50.0,-0.0183959,278.9840247631073,0.975704194978,-9.03620252753,-3.01231,0.0739034
41,327650,0.0212843,6553,0.0,50.0,-0.0239196,280.7026598453522,0.979049379006,-9.16519196818,-3.01093,0.0508172
41,329700,0.029884,6594,0.0,50.0,-0.0132781,282.45249676704407,0.968408185989,-8.7390956883,-3.00848,0.0921835
41,331750,0.025393,6635,0.0,50.0,-0.0213217,284.1793735027313,0.976024879143,-8.66674052769,-3.0309,0.0792904
41,333800,0.0377301,6676,0.0,50.0,-0.0167834,285.9297411441803,0.972410112619,-8.99396034824,-3.05059,0.0945668
41,335850,0.0354646,6717,0.0,50.0,-0.0095824,287.66293692588806,0.962790556252,-8.64535902982,-3.06011,0.106105
41,337900,0.0385236,6758,0.0,50.0,-0.0200179,289.4055585861206,0.960974503309,-8.26954273771,-3.05541,0.0821186
41,339950,0.0330237,6799,0.0,50.0,-0.0163134,291.14078760147095,0.972539940849,-8.34071666103,-3.0696,0.0608018
41,342000,0.0216797,6840,0.0,50.0,-0.0230913,292.8965606689453,0.961199622601,-8.4460857819,-3.0947,0.109591
41,344050,0.0297316,6881,0.0,50.0,-0.0217948,294.6244776248932,0.974577475339,-8.74696630563,-3.08213,0.0682948
41,346100,0.0185644,6922,0.0,50.0,-0.0209218,296.37561321258545,0.958209320903,-8.28304387363,-3.10405,0.105849
41,348150,0.0271615,6963,0.0,50.0,-0.0250057,298.0956552028656,0.98136610724,-9.30121655311,-3.12693,0.0574501
41,350200,0.0308846,7004,0.0,50.0,-0.0182202,299.8514492511749,0.97367380932,-9.51428031731,-3.13957,0.0876557
41,352250,0.0302669,7045,0.0,50.0,-0.0151676,301.5864140987396,0.969891343266,-8.9780195262,-3.15959,0.0895576
41,354300,0.0336673,7086,0.0,50.0,-0.0064008,303.34966254234314,0.973832113668,-8.29793449385,-3.16155,0.0913547
41,356350,0.0286199,7127,0.0,50.0,-0.00892023,305.06994891166687,0.966134764254,-8.84316131795,-3.17872,0.123628
41,358400,0.0306718,7168,0.0,50.0,-0.0251816,306.80443000793457,0.966263089329,-8.65668924647,-3.22755,0.0775932
40,360400,0.0564788,7208,0.0,50.0,-0.00168061,308.52329993247986,0.977600911632,-9.0451870816,-3.21952,0.0748537
41,362450,0.0424179,7249,0.0,50.0,0.00204389,310.2498812675476,0.967653438449,-9.42704354238,-3.2421,0.0911757
41,364500,0.0263327,7290,0.0,50.0,-0.0223381,311.96882724761963,0.972505589947,-9.20492906337,-3.26835,0.0781295
41,366550,0.0428119,7331,0.0,50.0,-0.0180068,313.7220251560211,0.984012596309,-9.34345002112,-3.27171,0.0571675
41,368600,0.02615,7372,0.0,50.0,-0.0230534,315.452698469162,0.986401156522,-9.88952540081,-3.3028,0.0720154
41,370650,0.0335979,7413,0.0,50.0,-0.0203945,317.1951687335968,0.982492789626,-9.55743154439,-3.31794,0.0581012
41,372700,0.045521,7454,0.0,50.0,-0.00450676,318.9618537425995,0.985091999173,-9.41197461525,-3.35507,0.0698293
41,374750,0.0240164,7495,0.0,50.0,-0.0192834,320.7032790184021,0.958759967238,-9.29162587003,-3.38161,0.101477
41,376800,0.0329478,7536,0.0,50.0,-0.0201297,322.4376366138458,0.964548371732,-9.16317104125,-3.37615,0.110257
41,378850,0.0299075,7577,0.0,50.0,-0.0177408,324.18332505226135,0.970494775102,-8.4564248614,-3.37341,0.0865169
41,380900,0.032292,7618,0.0,50.0,-0.0175987,325.9533574581146,0.968290288001,-8.34817475639,-3.41923,0.10467
41,382950,0.0284748,7659,0.0,50.0,-0.0161561,327.69011402130127,0.957154855132,-8.03649348094,-3.44972,0.133682
41,385000,0.0343615,7700,0.0,50.0,-0.00874718,329.43709683418274,0.969358172268,-8.21699913726,-3.42812,0.0850306
41,387050,0.0332549,7741,0.0,50.0,-0.0172531,331.1713037490845,0.963393576443,-8.16496344667,-3.42431,0.0989757
41,389100,0.0477,7782,0.0,50.0,-0.00786654,332.93682861328125,0.986565321684,-8.84262377346,-3.40598,0.0711405
41,391150,0.0365532,7823,0.0,50.0,-0.0201071,334.6715157032013,0.976077482104,-9.2052361591,-3.4359,0.0758752
41,393200,0.0492951,7864,0.0,50.0,0.00630166,336.421573638916,0.959659315646,-8.52420175434,-3.4145,0.138015
41,395250,0.0273331,7905,0.0,50.0,-0.0217697,338.17968010902405,0.979335803539,-8.44084505944,-3.40208,0.080776
41,397300,0.0174889,7946,0.0,50.0,-0.0233597,339.9451913833618,0.933713532984,-8.09579703458,-3.41051,0.13971
41,399350,0.0308076,7987,0.0,50.0,-0.020721,341.67936182022095,0.980392063037,-8.87099185775,-3.42266,0.0808828
41,401400,0.0369539,8028,0.0,50.0,-0.0166388,343.4374523162842,0.955759283155,-8.80973678719,-3.45641,0.11035
41,403450,0.0382968,8069,0.0,50.0,-0.0145339,345.17267513275146,0.940661747009,-8.56036878243,-3.46499,0.154998
41,405500,0.0564286,8110,0.0,50.0,-0.015874,346.92166352272034,0.964313667268,-8.90787526349,-3.4946,0.105586
41,407550,0.037598,8151,0.0,50.0,-0.0193444,348.7193639278412,0.957365714014,-8.40449730379,-3.49934,0.116218
41,409600,0.0402959,8192,0.0,50.0,-0.0174847,350.468181848526,0.960498899221,-8.64832323675,-3.49419,0.0710982
40,411600,0.0438535,8232,0.0,50.0,-0.011257,352.1940641403198,0.96073969081,-8.82425652044,-3.5073,0.158531
41,413650,0.0353986,8273,0.0,50.0,-0.0148972,353.96087074279785,0.943584080786,-8.88198325916,-3.51427,0.21676
41,415700,0.0342385,8314,0.0,50.0,-0.0127614,355.7095866203308,0.938635025173,-8.98667238471,-3.51883,0.159204
41,417750,0.0312811,8355,0.0,50.0,-0.0181283,357.46062183380127,0.954910427332,-8.77135773875,-3.52094,0.0919035
41,419800,0.0356676,8396,0.0,50.0,-0.0197154,359.2029254436493,0.948690623045,-8.95758193608,-3.48825,0.137499
41,421850,0.0322227,8437,0.0,50.0,-0.0316228,360.95292472839355,0.941647540778,-9.04754007411,-3.49477,0.192109
41,423900,0.050714,8478,0.0,50.0,-0.00709768,362.6871085166931,0.941986218095,-9.15457461517,-3.5125,0.173281
41,425950,0.0448196,8519,0.0,50.0,-0.0111457,364.43696808815,0.959836408496,-9.29684344786,-3.5357,0.134913
41,428000,0.0371191,8560,0.0,50.0,-0.0151675,366.17948389053345,0.891873769462,-8.4992331362,-3.53474,0.182842
41,430050,0.0333582,8601,0.0,50.0,-0.0144208,367.92995834350586,0.96236955747,-8.48109144942,-3.54951,0.110158
41,432100,0.0241935,8642,0.0,50.0,-0.0179269,369.65375661849976,0.941527053714,-8.22779130017,-3.5551,0.186744
41,434150,0.038129,8683,0.0,50.0,-0.0168388,371.40606665611267,0.944129925221,-8.53450215308,-3.55093,0.127637
41,436200,0.0307297,8724,0.0,50.0,-0.0281463,373.1402027606964,0.919559001923,-9.60290206891,-3.52907,0.14752
41,438250,0.0399289,8765,0.0,50.0,-0.004022,374.8750305175781,0.914529830217,-9.30639703318,-3.55633,0.22186
41,440300,0.0438773,8806,0.0,50.0,-0.008264,376.61245346069336,0.968927046284,-9.0302996743,-3.55791,0.141789
41,442350,0.0386396,8847,0.0,50.0,-0.0281164,378.35952949523926,0.897140450776,-9.08153327588,-3.54986,0.140907
41,444400,0.0377301,8888,0.0,50.0,-0.015339,380.0733015537262,0.96235236153,-9.16548130452,-3.58423,0.146201
41,446450,0.064885,8929,0.0,50.0,0.00957932,381.8277690410614,0.951357364655,-8.69378602426,-3.60879,0.111254
41,448500,0.0336659,8970,0.0,50.0,-0.0183407,383.5667977333069,0.970669602975,-8.48448320815,-3.59717,0.0945382
41,450550,0.0412881,9011,0.0,50.0,-0.0110162,385.3125250339508,0.973223492503,-8.96776585957,-3.59101,0.0893843
41,452600,0.035501,9052,0.0,50.0,-0.0169078,387.0204358100891,0.910115398467,-8.89240806986,-3.5754,0.12049
41,454650,0.0454111,9093,0.0,50.0,-0.0120949,388.7736027240753,0.929944694042,-8.18323517164,-3.59845,0.15619
41,456700,0.0395309,9134,0.0,50.0,-0.0192357,390.4922184944153,0.934009596705,-8.1163634672,-3.57998,0.111378
41,458750,0.0461285,9175,0.0,50.0,-0.00895487,392.23429226875305,0.959475755692,-8.49627845753,-3.57904,0.10201
41,460800,0.167235,9216,0.0,50.0,-0.0212423,394.01569724082947,0.871849790215,-9.43998417264,-3.56965,0.127956
40,462800,0.0372679,9256,0.0,50.0,-0.0120183,395.75237369537354,0.913268648088,-9.32665711106,-3.58797,0.175608
41,464850,0.0345839,9297,0.0,50.0,-0.0185545,397.539431810379,0.959459830076,-9.48670500671,-3.58885,0.136536
41,466900,0.0361711,9338,0.0,50.0,-0.0146417,399.26858401298523,0.957550119609,-8.87278592911,-3.56363,0.112505
41,468950,0.0348676,9379,0.0,50.0,-0.0204738,401.054927110672,0.941372558475,-8.26647664762,-3.53938,0.152372
41,471000,0.0517046,9420,0.0,50.0,-0.0119699,402.7905261516571,0.955891348422,-8.43934261447,-3.5334,0.093665
41,473050,0.0423253,9461,0.0,50.0,-0.0187738,404.54623532295227,0.968565307558,-9.09747462454,-3.55302,0.0841273
41,475100,0.043192,9502,0.0,50.0,-0.012815,406.2876937389374,0.903751410544,-9.26092575651,-3.57938,0.223925
41,477150,0.0351917,9543,0.0,50.0,-0.0190049,408.05423188209534,0.925555698574,-8.84000832643,-3.61074,0.187789
41,479200,0.0577919,9584,0.0,50.0,-0.0148338,409.80507493019104,0.966914854944,-9.02430566516,-3.61774,0.13987
41,481250,0.0265482,9625,0.0,50.0,-0.0241369,411.56214690208435,0.923390299082,-8.51181985231,-3.62835,0.194113
41,483300,0.0245707,9666,0.0,50.0,-0.0207481,413.3046317100525,0.912135846913,-7.95185259439,-3.63064,0.193029
41,485350,0.0287737,9707,0.0,50.0,-0.0218349,415.07038736343384,0.9256214872,-7.83998086805,-3.62743,0.200171
41,487400,0.0370711,9748,0.0,50.0,-0.0147586,416.8209602832794,0.947571467608,-8.31489468832,-3.61417,0.103471
41,489450,0.056469,9789,0.0,50.0,-0.00369277,418.5618748664856,0.967995453626,-8.71117762507,-3.59544,0.0911098
41,491500,0.0638808,9830,0.0,50.0,-0.00358204,420.2893741130829,0.961450509727,-8.74015575395,-3.5946,0.101691
41,493550,0.0474391,9871,0.0,50.0,-0.00657399,422.0548222064972,0.952210765332,-8.46981158516,-3.59207,0.115419
41,495600,0.0446126,9912,0.0,50.0,-0.0183097,423.78900170326233,0.970759157091,-8.72366531989,-3.59607,0.0765651
41,497650,0.0368414,9953,0.0,50.0,-0.00959146,425.53894329071045,0.960324194282,-8.33597298782,-3.60977,0.103826
41,499700,0.0334307,9994,0.0,50.0,-0.0216327,427.28077125549316,0.964526582509,-8.7334792793,-3.61739,0.0950981
41,501750,0.0449708,10035,0.0,50.0,-0.0104204,429.0471613407135,0.970290886238,-9.0524306492,-3.62838,0.103595
41,503800,0.0325269,10076,0.0,50.0,-0.0126374,430.78446316719055,0.959780726582,-8.74476756698,-3.62732,0.0946186
41,505850,0.0281544,10117,0.0,50.0,-0.0220907,432.53961849212646,0.973276956007,-8.52856488714,-3.62575,0.0943368
41,507900,0.0363616,10158,0.0,50.0,-0.0202931,434.284348487854,0.974294586107,-8.97121426034,-3.64391,0.085085
41,509950,0.0517151,10199,0.0,50.0,0.0092484,436.03824186325073,0.96971033141,-8.64161663682,-3.65198,0.0914117
41,512000,0.0288975,10240,0.0,50.0,-0.0194613,437.7736346721649,0.967002760619,-8.39707272035,-3.62176,0.110729
40,514000,0.047201,10280,0.0,50.0,-0.0177107,439.5235059261322,0.96579669416,-8.13368771656,-3.60513,0.0794301
41,516050,0.0401168,10321,0.0,50.0,-0.0232775,441.2565085887909,0.944915808737,-8.33782099608,-3.62026,0.129976
41,518100,0.048167,10362,0.0,50.0,-0.00842299,443.00792121887207,0.964000415057,-8.36245922359,-3.61562,0.0978302
41,520150,0.0337981,10403,0.0,50.0,-0.0212697,444.7497191429138,0.959855534136,-8.90805969629,-3.5946,0.105416
41,522200,0.0295739,10444,0.0,50.0,-0.0232467,446.5058889389038,0.96550411731,-8.95963535719,-3.59999,0.115706
41,524250,0.0405342,10485,0.0,50.0,-0.0150731,448.2269790172577,0.969496537,-8.81629383241,-3.60843,0.0851244
41,526300,0.0412192,10526,0.0,50.0,-0.026468,449.9844915866852,0.9758692123,-8.63887949643,-3.60353,0.0811142
41,528350,0.0392001,10567,0.0,50.0,-0.0289482,451.7211239337921,0.985401378945,-9.11267070614,-3.61056,0.054175
41,530400,0.035232,10608,0.0,50.0,-0.0282179,453.4613583087921,0.959361869842,-8.85162706621,-3.63355,0.0873405
41,532450,0.0486201,10649,0.0,50.0,-0.00798769,455.19026494026184,0.968204002827,-8.23997155761,-3.65635,0.0777044
41,534500,0.0710271,10690,0.0,50.0,0.0109054,456.945431470871,0.95289240405,-7.78408691762,-3.65717,0.0841064
41,536550,0.0264167,10731,0.0,50.0,-0.0197306,458.6789331436157,0.955190796405,-7.46921331092,-3.64658,0.0866325
41,538600,0.0406532,10772,0.0,50.0,-0.0111366,460.421977519989,0.964318472892,-7.99851537106,-3.65859,0.0846043
41,540650,0.0412747,10813,0.0,50.0,-0.00857559,462.26493668556213,0.955138746649,-8.03203498828,-3.66903,0.105609
41,542700,0.0534829,10854,0.0,50.0,-0.00345432,464.0025854110718,0.960360340774,-8.1328018032,-3.68199,0.0960378
41,544750,0.141681,10895,0.0,50.0,-0.026083,465.74079942703247,0.937443777919,-8.06472733608,-3.6759,0.0897508
41,546800,0.028939,10936,0.0,50.0,-0.0206885,467.4754421710968,0.955638471991,-7.90093604348,-3.67777,0.0897433
41,548850,0.0759594,10977,0.0,50.0,0.00585292,469.20251512527466,0.954354427755,-7.99415857657,-3.68642,0.0573666
41,550900,0.0439474,11018,0.0,50.0,-0.0229559,470.9533312320709,0.969346931204,-8.6448227927,-3.67639,0.0854964
41,552950,0.037322,11059,0.0,50.0,-0.020739,472.6909370422363,0.972212720662,-9.14888921554,-3.68241,0.0653656
41,555000,0.0338347,11100,0.0,50.0,-0.0207436,474.46895384788513,0.950586572289,-8.67415130808,-3.67673,0.102127
41,557050,0.0569274,11141,0.0,50.0,-0.00600988,476.1988730430603,0.960269190371,-8.70120441712,-3.68553,0.0707786
41,559100,0.0387804,11182,0.0,50.0,-0.025792,477.93695425987244,0.93466539681,-8.38197468304,-3.69769,0.0999249
41,561150,0.0487798,11223,0.0,50.0,-0.0203339,479.65604543685913,0.957559227943,-8.82829336333,-3.70935,0.0939863
41,563200,0.0401378,11264,0.0,50.0,-0.00598738,481.40735030174255,0.95915170759,-8.75030815693,-3.69514,0.133572
40,565200,0.0358639,11304,0.0,50.0,-0.0246688,483.1249129772186,0.974900323898,-8.18713894542,-3.69022,0.0843952
41,567250,0.0428671,11345,0.0,50.0,-0.0252164,484.86806774139404,0.961936697364,-8.91125539444,-3.70011,0.0683546
41,569300,0.0362868,11386,0.0,50.0,-0.0319652,486.6261923313141,0.967642515898,-9.14203183831,-3.70802,0.0722877
41,571350,0.0367211,11427,0.0,50.0,-0.0109591,488.3760998249054,0.947921779007,-9.04971726151,-3.71629,0.0969967
41,573400,0.0394668,11468,0.0,50.0,-0.0209196,490.1399519443512,0.965193405747,-9.03916750693,-3.72166,0.0972629
41,575450,0.0306423,11509,0.0,50.0,-0.0242857,491.89028882980347,0.960518214852,-9.11664904715,-3.70884,0.0836701
41,577500,0.0618621,11550,0.0,50.0,-0.00201589,493.6724286079407,0.932944558561,-8.96846187965,-3.72311,0.110132
41,579550,0.0378502,11591,0.0,50.0,-0.0222139,495.4215507507324,0.974722320214,-8.58981941638,-3.7055,0.079193
41,581600,0.0381271,11632,0.0,50.0,-0.0249814,497.1796736717224,0.97092393972,-8.41429252198,-3.72025,0.0764041
41,583650,0.0518703,11673,0.0,50.0,-0.0188127,498.9141061306,0.97482147254,-8.50648639258,-3.72051,0.0781223
41,585700,0.0573193,11714,0.0,50.0,-0.0158747,500.679899930954,0.978113099933,-9.36296346648,-3.72805,0.0622427
41,587750,0.0331131,11755,0.0,50.0,-0.0142926,502.42158102989197,0.9708696343,-8.86189038699,-3.73149,0.0700903
41,589800,0.0410408,11796,0.0,50.0,-0.0126084,504.19436502456665,0.961062446237,-8.17228232719,-3.7606,0.0819702
41,591850,0.0566918,11837,0.0,50.0,0.000705092,505.92979288101196,0.957710385323,-8.2191665285,-3.78205,0.102644
41,593900,0.0255439,11878,0.0,50.0,-0.0171968,507.6640748977661,0.958281483501,-8.16438825506,-3.80093,0.097267
41,595950,0.0499526,11919,0.0,50.0,-0.0154762,509.405898809433,0.965816237032,-8.0400753382,-3.81491,0.095177
41,598000,0.0301393,11960,0.0,50.0,-0.0234738,511.1714208126068,0.9639483504,-7.76424139476,-3.81789,0.0593946
41,600050,0.0499563,12001,0.0,50.0,-0.0121993,512.9060275554657,0.931582190096,-7.78414475678,-3.80246,0.076584
41,602100,0.0383557,12042,0.0,50.0,-0.0285608,514.671480178833,0.967742998153,-7.64364838323,-3.80505,0.0808203
41,604150,0.0444226,12083,0.0,50.0,-0.0117445,516.4057681560516,0.963078599423,-7.89468828664,-3.81502,0.0761219
41,606200,0.0680354,12124,0.0,50.0,-0.0153694,518.1638796329498,0.96958488971,-8.05364710631,-3.82345,0.10094
41,608250,0.0599678,12165,0.0,50.0,-0.00835069,519.9127626419067,0.971473295242,-8.63577276294,-3.83688,0.0704715
41,610300,0.0387637,12206,0.0,50.0,-0.0186902,521.6802649497986,0.971465915442,-8.67400911087,-3.83675,0.0697831
41,612350,0.0261961,12247,0.0,50.0,-0.019978,523.4211299419403,0.974589746445,-8.53649180377,-3.82388,0.070165
41,614400,0.0670927,12288,0.0,50.0,-0.00135084,525.1740782260895,0.971741108224,-8.31315044857,-3.81933,0.113156
40,616400,0.0547594,12328,0.0,50.0,-0.0226035,526.9146239757538,0.954257588834,-8.39236103717,-3.81899,0.0985327
41,618450,0.0426167,12369,0.0,50.0,-0.0184693,528.6730906963348,0.973491627723,-8.38396878928,-3.83549,0.0638054
41,620500,0.0358798,12410,0.0,50.0,-0.0203137,530.4061534404755,0.972764238715,-8.47147771697,-3.85951,0.0787239
41,622550,0.0586924,12451,0.0,50.0,-0.0126532,532.17209815979,0.957712698728,-8.31678804917,-3.8771,0.0851989
41,624600,0.0361569,12492,0.0,50.0,-0.0124269,533.9242541790009,0.965619232506,-7.46647485046,-3.86698,0.0553579
41,626650,0.0370296,12533,0.0,50.0,-0.00736112,535.6635134220123,0.966465529054,-7.81170391383,-3.8501,0.0891829
41,628700,0.0459717,12574,0.0,50.0,-0.000794495,537.4213869571686,0.954257257283,-7.67406638771,-3.87384,0.0879279
41,630750,0.0557981,12615,0.0,50.0,-0.0177403,539.1714174747467,0.970318023115,-7.47938244171,-3.87515,0.0691134
41,632800,0.0513011,12656,0.0,50.0,-0.0144141,540.9082639217377,0.965684060007,-7.83976692717,-3.86752,0.0602845
41,634850,0.0353626,12697,0.0,50.0,-0.0200103,542.6634271144867,0.960575912148,-7.74539253476,-3.87817,0.0866712
41,636900,0.0264129,12738,0.0,50.0,-0.0252487,544.4064426422119,0.966754294932,-7.49713503666,-3.87586,0.0901913
41,638950,0.0355121,12779,0.0,50.0,-0.0192906,546.1430945396423,0.975232644007,-7.83612136496,-3.87509,0.0687333
41,641000,0.0480954,12820,0.0,50.0,-0.0116681,547.8832559585571,0.972755568102,-7.95144311807,-3.88137,0.0553039
41,643050,0.0379996,12861,0.0,50.0,-0.0184964,549.6262323856354,0.974362390116,-8.34340668321,-3.89772,0.0578853
41,645100,0.0425824,12902,0.0,50.0,-0.0241715,551.3586890697479,0.967582654208,-7.67877843701,-3.90964,0.0660727
41,647150,0.0467889,12943,0.0,50.0,-0.0251992,553.1118257045746,0.97317654267,-8.12483770342,-3.897,0.080943
41,649200,0.0417035,12984,0.0,50.0,-0.0232688,554.834858417511,0.970666501671,-8.2604573181,-3.89745,0.0646494
41,651250,0.0336231,13025,0.0,50.0,-0.0217802,556.5860860347748,0.936501644552,-8.10063510428,-3.89438,0.0903271
41,653300,0.0611129,13066,0.0,50.0,-0.00598465,558.3125324249268,0.955067772418,-7.53673664611,-3.90328,0.0762626
41,655350,0.0464346,13107,0.0,50.0,-0.0124863,560.062730550766,0.950490817428,-7.10400372487,-3.91578,0.0721042
41,657400,0.17423,13148,0.0,50.0,-0.00791452,561.7962503433228,0.979279901832,-7.67608271047,-3.89764,0.0513504
41,659450,0.0392338,13189,0.0,50.0,-0.0167882,563.5372655391693,0.972554747015,-7.83842350229,-3.89733,0.0578822
41,661500,0.0568243,13230,0.0,50.0,-0.00789217,565.2653107643127,0.96147833392,-7.79636842566,-3.90717,0.0896254
41,663550,0.0988214,13271,0.0,50.0,-0.0243823,567.019300699234,0.935506507754,-7.96346774529,-3.901,0.0740743
41,665600,0.0346778,13312,0.0,50.0,-0.0281268,568.7422020435333,0.962663743645,-8.24710991663,-3.91196,0.105972
40,667600,0.0347846,13352,0.0,50.0,-0.0189473,570.4914309978485,0.967002257705,-8.18158214723,-3.93082,0.0970767
41,669650,0.0834388,13393,0.0,50.0,0.00753043,572.218834400177,0.947351004928,-7.81938110308,-3.94984,0.125639
41,671700,0.0386878,13434,0.0,50.0,-0.0218546,573.9605414867401,0.954801768064,-7.4209004556,-3.97827,0.0737139
41,673750,0.0541331,13475,0.0,50.0,-0.0176002,575.7266154289246,0.970786286518,-7.54824709319,-3.97971,0.0542851
41,675800,0.0496755,13516,0.0,50.0,-0.0185855,577.4837033748627,0.95578783378,-7.7424075952,-4.00185,0.0804648
41,677850,0.0562017,13557,0.0,50.0,-0.0117479,579.2106177806854,0.9475752078,-7.52402882207,-4.0006,0.0922117
41,679900,0.06853,13598,0.0,50.0,-0.00750388,580.945130109787,0.953296307474,-7.48548778225,-4.00698,0.0835217
41,681950,0.0415617,13639,0.0,50.0,-0.0203461,582.6481935977936,0.950573638082,-7.3016605727,-4.00429,0.0910781
41,684000,0.074533,13680,0.0,50.0,-0.0105768,584.3902509212494,0.98244664818,-8.10301436568,-4.03758,0.0595124
41,686050,0.0675761,13721,0.0,50.0,-0.0110456,586.1091511249542,0.95804143697,-8.13899716287,-4.06449,0.0726129
41,688100,0.0581413,13762,0.0,50.0,-0.00865133,587.8437511920929,0.967009980232,-7.81166168215,-4.06034,0.0732871
41,690150,0.0779262,13803,0.0,50.0,-0.03703,589.5810091495514,0.968051165342,-7.59790825698,-4.02919,0.0595354
41,692200,0.033419,13844,0.0,50.0,-0.0231067,591.3278033733368,0.95696053654,-7.67513690316,-4.05151,0.0905379
41,694250,0.0581716,13885,0.0,50.0,-0.0193586,593.0777785778046,0.968542333692,-8.0236485887,-4.00962,0.0856704
41,696300,0.138865,13926,0.0,50.0,-0.0220089,594.8276097774506,0.942935869098,-8.14422789059,-4.01989,0.0894042
41,698350,0.0568053,13967,0.0,50.0,-0.0130547,596.5943987369537,0.971780171618,-8.08105393356,-4.03322,0.0720814
41,700400,0.0571367,14008,0.0,50.0,-0.016683,598.3368945121765,0.934367544949,-7.45141060206,-4.02615,0.0677635
41,702450,0.0533035,14049,0.0,50.0,-0.0212575,600.1001591682434,0.942218668759,-7.37990527808,-4.04793,0.104114
41,704500,0.0589393,14090,0.0,50.0,-0.0201308,601.8307135105133,0.964428119361,-7.62072786992,-4.01531,0.123474
41,706550,0.042677,14131,0.0,50.0,-0.0198768,603.5707421302795,0.948846153915,-7.55462197698,-4.02016,0.0811557
41,708600,0.0352253,14172,0.0,50.0,-0.0230125,605.3057577610016,0.954702157527,-7.47152399525,-3.99894,0.0953566
41,710650,0.0544067,14213,0.0,50.0,-0.00152078,607.0623369216919,0.970960678533,-6.97537006881,-4.01331,0.062191
41,712700,0.0544459,14254,0.0,50.0,-0.0194,608.8122918605804,0.980159150437,-7.73178518083,-3.98643,0.0727783
41,714750,0.0368011,14295,0.0,50.0,-0.0085065,610.5627117156982,0.960407096893,-7.88431930508,-3.97691,0.0821525
41,716800,0.0327461,14336,0.0,50.0,-0.0184255,612.3051955699921,0.949585836381,-7.58030181723,-3.98888,0.0734975
40,718800,0.0309715,14376,0.0,50.0,-0.0218849,614.0622763633728,0.970744099468,-6.80823894885,-3.98567,0.0575994
41,720850,0.0332464,14417,0.0,50.0,-0.00868235,615.8007023334503,0.944304034114,-6.77810465028,-3.98612,0.0816239
41,722900,0.0320016,14458,0.0,50.0,-0.0228637,617.5544848442078,0.952396366745,-7.01399330195,-3.97238,0.0806722
41,724950,0.0468783,14499,0.0,50.0,-0.025364,619.2963638305664,0.967435982078,-7.10806449633,-3.98934,0.0877931
41,727000,0.0474908,14540,0.0,50.0,-0.0153728,621.0469589233398,0.969314601272,-7.29778911961,-4.00464,0.0756842
41,729050,0.0580382,14581,0.0,50.0,-0.0258645,622.7811093330383,0.959693919867,-7.443716034,-4.02769,0.0630562
41,731100,0.057608,14622,0.0,50.0,-0.0161374,624.5387351512909,0.970933862031,-7.49024526224,-4.05054,0.0453964
41,733150,0.0602711,14663,0.0,50.0,-0.0113499,626.3589022159576,0.974429551512,-7.77791379143,-4.04677,0.060059
41,735200,0.0575441,14704,0.0,50.0,0.0114051,628.1122062206268,0.955372277647,-7.52812080387,-4.04625,0.0771518
41,737250,0.0399711,14745,0.0,50.0,-0.014263,629.8513309955597,0.965402685106,-6.95726610422,-4.03886,0.0610567
41,739300,0.0375458,14786,0.0,50.0,-0.0150555,631.6117875576019,0.965767972171,-6.65206374372,-4.06144,0.0500176
41,741350,0.0482818,14827,0.0,50.0,-0.0210092,633.3434932231903,0.970288168639,-6.90162864077,-4.07557,0.0553137
41,743400,0.0447548,14868,0.0,50.0,-0.0176978,635.0932800769806,0.968047257513,-7.0195362894,-4.04054,0.0421204
41,745450,0.0423034,14909,0.0,50.0,-0.0219632,636.8275356292725,0.977271420881,-7.37902728457,-4.05543,0.0394401
41,747500,0.0389505,14950,0.0,50.0,-0.0213883,638.578263759613,0.966273829341,-7.08755965732,-4.07114,0.0474908
41,749550,0.0440283,14991,0.0,50.0,-0.00921065,640.305095911026,0.959907706827,-6.87018003975,-4.07149,0.0583812
41,751600,0.0521804,15032,0.0,50.0,-0.0344318,642.0467064380646,0.975081201643,-6.98254698359,-4.07289,0.0538559
41,753650,0.0679161,15073,0.0,50.0,-0.00437548,643.7812631130219,0.942570082843,-6.76889371975,-4.0611,0.0777548
41,755700,0.0691881,15114,0.0,50.0,-0.0107995,645.5157279968262,0.945109780878,-6.92383161433,-4.04643,0.0828155
41,757750,0.862896,15155,0.0,50.0,0.00591119,647.2572281360626,0.978894151747,-7.12795126149,-4.03107,0.0495342
41,759800,0.042547,15196,0.0,50.0,-0.0255774,648.9927089214325,0.927638292313,-7.36818461135,-4.02701,0.0985645
41,761850,0.044715,15237,0.0,50.0,-0.0288084,650.718878030777,0.969163421541,-8.27267884891,-4.02073,0.0523889
41,763900,0.03739,15278,0.0,50.0,-0.0236715,652.4687049388885,0.967189028859,-8.17119565946,-4.03344,0.0573806
41,765950,0.05724,15319,0.0,50.0,-0.00910451,654.1956076622009,0.958440981805,-7.17128538005,-4.04852,0.0440305
41,768000,0.0579379,15360,0.0,50.0,-0.0223932,655.9450941085815,0.972362939268,-6.88591482557,-4.05536,0.0490238
40,770000,0.0341851,15400,0.0,50.0,-0.0197461,657.6645314693451,0.961238354445,-7.2542784182,-4.05565,0.0650694
41,772050,0.0535221,15441,0.0,50.0,-0.00961082,659.4055180549622,0.964383814484,-6.89930496829,-4.05757,0.0525786
41,774100,0.0470995,15482,0.0,50.0,-0.0154816,661.1282911300659,0.981285840273,-7.52281005605,-4.06815,0.0583202
41,776150,0.038671,15523,0.0,50.0,-0.0209735,662.8658246994019,0.979820594192,-7.22116811584,-4.06044,0.0424106
41,778200,0.0530652,15564,0.0,50.0,-0.0078881,664.6315789222717,0.972118230537,-7.87127567085,-4.0488,0.0455343
41,780250,0.0308597,15605,0.0,50.0,-0.0300588,666.3746781349182,0.982601663098,-7.95057480137,-4.03594,0.053761
41,782300,0.0597679,15646,0.0,50.0,-0.00819652,668.156037569046,0.972665892914,-8.10546568505,-4.04119,0.059311
41,784350,0.116136,15687,0.0,50.0,-0.00374093,669.8906965255737,0.947595998645,-7.54290011524,-4.04604,0.0819925
41,786400,0.0768958,15728,0.0,50.0,0.0178208,671.6742630004883,0.943632703274,-7.94884366596,-4.05714,0.0886572
41,788450,0.0355416,15769,0.0,50.0,-0.0176521,673.4054968357086,0.96412204206,-7.75540924311,-4.06387,0.0732276
41,790500,0.0424745,15810,0.0,50.0,-0.0122001,675.1615543365479,0.980238251388,-7.76330574369,-4.05738,0.0546361
41,792550,0.0485064,15851,0.0,50.0,-0.0168076,676.9055335521698,0.966271623969,-7.17825555814,-4.067,0.0473905
41,794600,0.0545847,15892,0.0,50.0,-0.0147029,678.6644239425659,0.978230819106,-7.46861760583,-4.07257,0.0451768
41,796650,0.076575,15933,0.0,50.0,0.00942469,680.404109954834,0.972180848941,-7.31578027618,-4.07327,0.0584917
41,798700,0.0338134,15974,0.0,50.0,-0.0299071,682.1562235355377,0.970403078943,-7.85665029833,-4.04688,0.0745465
41,800750,0.0673687,16015,0.0,50.0,-0.00376892,683.9049706459045,0.977434525266,-7.64838152383,-4.0652,0.0505145
41,802800,0.0608324,16056,0.0,50.0,-0.0136128,685.6559262275696,0.981162495911,-8.14189165111,-4.06765,0.0464889
41,804850,0.0386095,16097,0.0,50.0,-0.00422981,687.4058291912079,0.966696210206,-7.62870572091,-4.06756,0.0644306
41,806900,0.0498883,16138,0.0,50.0,-0.0150531,689.1563456058502,0.96217148751,-7.48637823603,-4.08444,0.0528657
41,808950,0.0322069,16179,0.0,50.0,-0.0230268,690.8936734199524,0.977387737483,-7.56475198813,-4.0816,0.060466
41,811000,0.0597474,16220,0.0,50.0,-0.00585911,692.6644308567047,0.963576879352,-7.46543045076,-4.07985,0.0740624
41,813050,0.0386545,16261,0.0,50.0,-0.0137192,694.4061772823334,0.967935916036,-7.39411644658,-4.09022,0.0810924
41,815100,0.0426067,16302,0.0,50.0,-0.0221427,696.1642777919769,0.979747749865,-7.8391167708,-4.10167,0.071231
41,817150,0.0545105,16343,0.0,50.0,-0.0248594,697.8991420269012,0.971897285432,-8.19083334995,-4.10954,0.0491303
41,819200,0.054803,16384,0.0,50.0,-0.0112849,699.6555190086365,0.962466929108,-7.98292135351,-4.10046,0.0638166
40,821200,0.0525208,16424,0.0,50.0,-0.0137858,701.3907356262207,0.9689355921,-7.50525790119,-4.11672,0.048194
41,823250,0.042762,16465,0.0,50.0,-0.0187969,703.1488394737244,0.966129560024,-7.29100549332,-4.09821,0.0485762
41,825300,0.0353579,16506,0.0,50.0,-0.0254708,704.8902802467346,0.969005256891,-7.16063689253,-4.12493,0.0622503
41,827350,0.0523648,16547,0.0,50.0,-0.00593855,706.6245758533478,0.965849906206,-7.43799285147,-4.14443,0.075832
41,829400,0.0490143,16588,0.0,50.0,-0.0220531,708.3743169307709,0.982571795583,-7.82376346873,-4.15182,0.0551055
41,831450,0.0338242,16629,0.0,50.0,-0.012216,710.1314392089844,0.973754579201,-8.02004816045,-4.16672,0.0779573
41,833500,0.0553338,16670,0.0,50.0,-0.00931238,711.8832676410675,0.975276809186,-8.26572235897,-4.17532,0.105424
41,835550,0.0733995,16711,0.0,50.0,-0.0116305,713.6562361717224,0.972256073728,-8.37858135282,-4.20394,0.0561611
41,837600,0.0500781,16752,0.0,50.0,-0.00380119,715.4063305854797,0.949542149901,-7.63708252173,-4.21827,0.10534
41,839650,0.0591083,16793,0.0,50.0,-0.0162653,717.1488444805145,0.957508482039,-6.95294887271,-4.22423,0.0571377
41,841700,0.0583051,16834,0.0,50.0,-0.00392732,718.9056098461151,0.960296347737,-6.57981140092,-4.21757,0.0603965
41,843750,0.0506003,16875,0.0,50.0,-0.0240215,720.6558609008789,0.977546459064,-6.88214142612,-4.23617,0.0592318
41,845800,0.0596721,16916,0.0,50.0,-0.00136744,722.3900170326233,0.967602390796,-7.31620499092,-4.22697,0.0521578
41,847850,0.0477648,16957,0.0,50.0,-0.00865807,724.1325843334198,0.963314000517,-7.30666991762,-4.2208,0.0718488
41,849900,0.065364,16998,0.0,50.0,-0.00865605,725.8676691055298,0.963521700352,-7.72351378074,-4.20261,0.0618553
41,851950,0.0590839,17039,0.0,50.0,-0.00736337,727.6251697540283,0.958830412477,-7.5721342371,-4.22667,0.0732952
41,854000,0.0467767,17080,0.0,50.0,-0.0127318,729.3587155342102,0.975594565272,-7.48390856931,-4.26504,0.0711154
41,856050,0.0523543,17121,0.0,50.0,-0.00780161,731.0939176082611,0.954954814166,-7.58531151159,-4.30113,0.101191
41,858100,0.107022,17162,0.0,50.0,0.0228029,732.8280780315399,0.972867105156,-8.08325589306,-4.29552,0.0784016
41,860150,0.0574106,17203,0.0,50.0,-0.0114515,734.5778586864471,0.942028593272,-8.32474632245,-4.28953,0.0710132
41,862200,0.0449538,17244,0.0,50.0,-0.0096595,736.3203363418579,0.917237326503,-7.92028204134,-4.31377,0.0959235
41,864250,0.103876,17285,0.0,50.0,0.00309196,738.0552041530609,0.946532864124,-7.700448882,-4.30691,0.11798
41,866300,0.0787586,17326,0.0,50.0,-0.0190696,739.7814011573792,0.950632270426,-7.83387275583,-4.31993,0.0999667
41,868350,0.0877219,17367,0.0,50.0,0.0124913,741.5337114334106,0.926054015756,-8.09159412823,-4.30893,0.149047
41,870400,0.0366017,17408,0.0,50.0,-0.0226671,743.2500231266022,0.956119097769,-8.38791244443,-4.2949,0.162233
40,872400,0.0557452,17448,0.0,50.0,-0.0186754,744.991132736206,0.96175128594,-8.24427615328,-4.30132,0.075515
41,874450,0.0395345,17489,0.0,50.0,-0.00166149,746.7268099784851,0.926363117993,-7.69415813581,-4.32533,0.187935
41,876500,0.0439224,17530,0.0,50.0,-0.0131701,748.4623255729675,0.953735589981,-7.17225282666,-4.33115,0.142312
41,878550,0.04116,17571,0.0,50.0,-0.00299942,750.1898622512817,0.940922357142,-6.92996232454,-4.31437,0.123049
41,880600,0.0524422,17612,0.0,50.0,-0.00488377,751.9395041465759,0.941969975829,-7.21990490913,-4.28821,0.124779
41,882650,0.0335315,17653,0.0,50.0,-0.0248105,753.6687154769897,0.96432922408,-7.43010625853,-4.30327,0.089404
41,884700,0.0719058,17694,0.0,50.0,-0.0170454,755.4086384773254,0.962383907288,-7.60203577031,-4.307,0.0957458
41,886750,0.0502005,17735,0.0,50.0,-0.0116824,757.1247284412384,0.971855260432,-7.48391481925,-4.28528,0.064142
41,888800,0.0530418,17776,0.0,50.0,-0.0226216,758.8745205402374,0.966227300465,-7.38848265316,-4.27849,0.0578357
41,890850,0.0336416,17817,0.0,50.0,-0.0181497,760.5930533409119,0.948183286935,-7.43866399235,-4.27863,0.131859
41,892900,0.0667318,17858,0.0,50.0,-0.0137407,762.3345193862915,0.961559124291,-7.31114087796,-4.29275,0.0726068
41,894950,0.0373522,17899,0.0,50.0,-0.0215883,764.0532846450806,0.935177899897,-6.99492104338,-4.29326,0.104104
41,897000,0.0517088,17940,0.0,50.0,-0.0091873,765.7813198566437,0.954426988959,-7.43152715837,-4.2726,0.0835108
41,899050,0.071766,17981,0.0,50.0,0.00631413,767.5682146549225,0.932493396103,-7.34185923129,-4.2897,0.114508
41,901100,0.0556089,18022,0.0,50.0,-0.029209,769.2972114086151,0.958086490631,-7.56468103814,-4.29133,0.0918009
41,903150,0.0984997,18063,0.0,50.0,0.014254,771.0813176631927,0.95697247237,-7.70936834002,-4.32709,0.0712606
41,905200,0.051097,18104,0.0,50.0,-0.00916001,772.8207972049713,0.952349595726,-7.37807558732,-4.33121,0.0876575
41,907250,0.0609045,18145,0.0,50.0,-0.00935661,774.5906200408936,0.947493497282,-6.86984982985,-4.33407,0.127736
41,909300,0.0354473,18186,0.0,50.0,-0.0196,776.3333780765533,0.93641821295,-6.46565286491,-4.32913,0.126996
41,911350,0.0483189,18227,0.0,50.0,-0.00730438,778.1014347076416,0.966153528541,-7.01330655854,-4.33363,0.0861243
41,913400,0.0666422,18268,0.0,50.0,-0.00255492,779.8345746994019,0.968787165359,-7.35912234446,-4.34309,0.0776074
41,915450,0.0889284,18309,0.0,50.0,-0.00705922,781.5919244289398,0.971061928198,-7.77778708621,-4.34886,0.0858402
41,917500,0.0520932,18350,0.0,50.0,-0.0131649,783.3561630249023,0.962831988931,-8.34916414174,-4.36761,0.0830353
41,919550,0.0442295,18391,0.0,50.0,-0.00454465,785.1017525196075,0.965359374881,-8.49688207251,-4.37759,0.107403
41,921600,0.0653521,18432,0.0,50.0,-0.0232395,786.8362805843353,0.949389263988,-7.96518588344,-4.38834,0.0635155
40,923600,0.0565642,18472,0.0,50.0,-0.0197263,788.5781404972076,0.964789927006,-7.34953793892,-4.36171,0.0858889
41,925650,0.0511341,18513,0.0,50.0,-0.00613673,790.3043568134308,0.96841565147,-7.59940111444,-4.36763,0.0941537
41,927700,0.0384275,18554,0.0,50.0,-0.0264704,792.0705089569092,0.96381951496,-7.41848197573,-4.38291,0.0447691
41,929750,0.0685683,18595,0.0,50.0,-0.00383459,793.8204140663147,0.973564496264,-7.49362752604,-4.38738,0.069639
41,931800,0.0512726,18636,0.0,50.0,-0.000582744,795.5546598434448,0.947033137083,-7.12811416546,-4.36993,0.0965724
41,933850,0.0764868,18677,0.0,50.0,-0.000599727,797.296391248703,0.936361551285,-6.98469790371,-4.3627,0.0863637
41,935900,0.0801289,18718,0.0,50.0,0.000199011,799.0654323101044,0.968048863113,-7.10715788988,-4.34564,0.0750362
41,937950,0.100903,18759,0.0,50.0,-0.0206296,800.789363861084,0.971905209124,-7.75737030461,-4.34112,0.0559345
41,940000,0.0301874,18800,0.0,50.0,-0.0241198,802.5384986400604,0.965926345438,-8.16196431435,-4.36056,0.0731526
41,942050,0.0509985,18841,0.0,50.0,-0.0150192,804.2684938907623,0.980296829715,-7.9967543044,-4.35051,0.0638144
41,944100,0.0664119,18882,0.0,50.0,-0.018215,806.0231878757477,0.96676890552,-7.9122786573,-4.34815,0.0675155
41,946150,0.100283,18923,0.0,50.0,0.00290066,807.7739193439484,0.965940114111,-8.01773214785,-4.35407,0.0731958
41,948200,0.0351079,18964,0.0,50.0,-0.0213593,809.5311162471771,0.969038465992,-8.18299690048,-4.33319,0.0701515
41,950250,0.0814779,19005,0.0,50.0,-0.0139938,811.2569732666016,0.981341252103,-8.35464596128,-4.32475,0.0492372
41,952300,0.0595533,19046,0.0,50.0,-0.0100433,813.0071058273315,0.968160845339,-8.60737143756,-4.31561,0.0695343
41,954350,0.0530934,19087,0.0,50.0,-0.0152781,814.7427031993866,0.967548280954,-7.7343420625,-4.31297,0.0779523
41,956400,0.0849124,19128,0.0,50.0,0.00213697,816.4994316101074,0.965277984738,-7.27866739718,-4.30585,0.0727333
41,958450,0.10295,19169,0.0,50.0,-0.0129759,818.2263007164001,0.964518722147,-7.13882807512,-4.3012,0.0755251
41,960500,0.0523121,19210,0.0,50.0,-0.00599392,819.9751751422882,0.977309143171,-7.25328637757,-4.30908,0.0878204
41,962550,0.0639599,19251,0.0,50.0,-0.0194001,821.7107870578766,0.970390558243,-7.2372483579,-4.31333,0.0808055
41,964600,0.0866828,19292,0.0,50.0,-0.00101463,823.4595711231232,0.955924104899,-7.69960565056,-4.31786,0.0982862
41,966650,0.0594591,19333,0.0,50.0,-0.017214,825.1873326301575,0.961435854435,-7.34505099233,-4.30605,0.0833191
41,968700,0.0836616,19374,0.0,50.0,-0.0145346,826.9371511936188,0.971223087981,-7.10204065949,-4.29569,0.066495
41,970750,0.0593128,19415,0.0,50.0,-0.0135657,828.6555452346802,0.964392777532,-7.31642844649,-4.31685,0.0847798
41,972800,0.0694349,19456,0.0,50.0,-0.00896968,830.4064242839813,0.975997261703,-7.86423880614,-4.32854,0.0538202
40,974800,0.0586897,19496,0.0,50.0,-0.00749221,832.1243269443512,0.98144119978,-8.21693668695,-4.32974,0.0582291
41,976850,0.0444794,19537,0.0,50.0,-0.0117371,833.8744738101959,0.964856117964,-7.69367251064,-4.32925,0.079217
41,978900,0.060956,19578,0.0,50.0,-0.000172936,835.6091415882111,0.967298984528,-7.5452759524,-4.32758,0.0555309
41,980950,0.0449783,19619,0.0,50.0,-0.0132649,837.3552815914154,0.984425215051,-7.52417355043,-4.29229,0.0422229
41,983000,0.0623148,19660,0.0,50.0,-0.00114905,839.0706136226654,0.967397425324,-7.63511678023,-4.28954,0.0606505
41,985050,0.0441345,19701,0.0,50.0,-0.0157168,840.8196287155151,0.987237078138,-7.91354385147,-4.28328,0.0255324
41,987100,0.0467955,19742,0.0,50.0,-0.0243398,842.540158033371,0.971974231303,-8.0995231762,-4.27488,0.0765797
41,989150,0.0662748,19783,0.0,50.0,0.00580788,844.2845542430878,0.975036006421,-7.81322944117,-4.27313,0.0810822
41,991200,0.0580339,19824,0.0,50.0,-0.00591011,846.0068075656891,0.967382948846,-7.61586580749,-4.27119,0.0761191
41,993250,0.0951839,19865,0.0,50.0,-0.0137409,847.7420008182526,0.977763643488,-7.23718345971,-4.2587,0.054274
41,995300,0.0552376,19906,0.0,50.0,-0.00460658,849.4611692428589,0.960075229406,-7.09868850651,-4.24758,0.104417
41,997350,0.0544947,19947,0.0,50.0,-0.00729504,851.21852684021,0.961201660335,-7.41530453954,-4.26322,0.0883611
41,999400,0.0756009,19988,0.0,50.0,-0.0175687,852.9839291572571,0.961119994521,-7.60626783844,-4.27136,0.0665902
41,1001450,0.243587,20029,0.0,50.0,-0.0228587,854.7180662155151,0.93802357465,-8.09561701251,-4.27219,0.109466
