loss_vf_loss,loss_kl,EpThisIter,EpisodesSoFar,EpLenMean,TimeElapsed,loss_ent,loss_pol_surr,loss_pol_entpen,ev_tdlam_before,EpRewMean,TimestepsSoFar
85.2878,0.0116227,2,2,1000.0,2.065325975418091,8.43991,-0.0282969,0.0,-0.0050745010376,-647.332031212,2000
25.8717,0.0128517,2,4,1000.0,3.859759569168091,8.35252,-0.0330999,0.0,0.0493858456612,-682.276423299,4000
36.2156,0.0137626,2,6,1000.0,5.984448432922363,8.30143,-0.0352632,0.0,0.0802329182625,-659.500978437,6000
35.0485,0.0134915,2,8,1000.0,7.780958890914917,8.20033,-0.0361025,0.0,0.088964164257,-651.478788197,8000
24.4338,0.0133483,2,10,1000.0,9.578851461410522,8.12997,-0.0357884,0.0,0.110231995583,-629.540938109,10000
24.2846,0.0165173,2,12,1000.0,11.390745162963867,8.01833,-0.043998,0.0,0.16259598732,-614.766266814,12000
24.5251,0.0133749,2,14,1000.0,13.188021898269653,7.92215,-0.0380135,0.0,0.228860855103,-601.291272552,14000
23.8808,0.0135429,2,16,1000.0,14.984542608261108,7.86224,-0.0370455,0.0,0.238458812237,-591.32064476,16000
21.1865,0.0155467,2,18,1000.0,16.796959161758423,7.79784,-0.0382379,0.0,0.178760111332,-579.803945757,18000
34.509,0.0145047,2,20,1000.0,18.59354519844055,7.72464,-0.0407434,0.0,0.322841584682,-565.840876364,20000
38.7471,0.0161248,2,22,1000.0,20.390223264694214,7.64833,-0.0401375,0.0,0.214796662331,-553.08466186,22000
42.8872,0.0163818,2,24,1000.0,22.20347285270691,7.56345,-0.0452783,0.0,0.175807535648,-543.429753337,24000
29.7321,0.0149907,2,26,1000.0,23.9996178150177,7.50415,-0.0444865,0.0,0.251233696938,-535.999294572,26000
29.5198,0.0159888,2,28,1000.0,25.79717993736267,7.42544,-0.0425925,0.0,0.128532528877,-525.541280418,28000
44.7406,0.0142986,2,30,1000.0,27.594037771224976,7.37459,-0.0429298,0.0,0.291529417038,-515.775818185,30000
33.2821,0.0151445,2,32,1000.0,29.390696048736572,7.29786,-0.0460291,0.0,0.373974382877,-510.605731036,32000
30.8857,0.0163919,2,34,1000.0,31.187964916229248,7.27794,-0.0421369,0.0,0.173550307751,-501.72880988,34000
32.0455,0.0142585,2,36,1000.0,32.98572397232056,7.205,-0.0487688,0.0,0.352960884571,-495.826804198,36000
19.4344,0.011774,2,38,1000.0,34.79700469970703,7.15591,-0.0387388,0.0,0.312010288239,-487.911251945,38000
27.7871,0.0149338,2,40,1000.0,36.60917091369629,7.07497,-0.0465362,0.0,0.227694153786,-483.171121521,40000
35.9427,0.0178297,3,43,1000.0,38.422290325164795,6.9902,-0.0489317,0.0,0.35925090313,-474.193047348,43000
30.6817,0.0169019,2,45,1000.0,40.218799114227295,6.89226,-0.049739,0.0,0.303886175156,-467.203800812,45000
24.5169,0.0176686,2,47,1000.0,42.03193783760071,6.83441,-0.0493951,0.0,0.126767337322,-461.655187252,47000
17.713,0.0139385,2,49,1000.0,43.827678203582764,6.73915,-0.0485634,0.0,0.35512149334,-455.646382771,49000
35.7022,0.0131064,2,51,1000.0,45.64081954956055,6.71772,-0.0524129,0.0,0.430483400822,-447.570836386,51000
18.7123,0.0153598,2,53,1000.0,47.438684940338135,6.66335,-0.0468223,0.0,0.39478302002,-440.30397662,53000
53.2741,0.0145133,2,55,1000.0,49.234580278396606,6.65332,-0.0486955,0.0,0.337124109268,-435.898573733,55000
22.1671,0.0134868,2,57,1000.0,51.04729771614075,6.58973,-0.0494655,0.0,0.567678540945,-428.769740223,57000
27.1484,0.0143179,2,59,1000.0,52.859604835510254,6.54609,-0.0485624,0.0,0.410567522049,-419.612173633,59000
25.7842,0.0169761,2,61,1000.0,54.6575129032135,6.46338,-0.0503522,0.0,0.475313425064,-414.682467525,61000
20.4675,0.0154151,2,63,1000.0,56.468838930130005,6.39728,-0.0498173,0.0,0.506386905909,-409.212557925,63000
26.7203,0.0142655,2,65,1000.0,58.265421867370605,6.32746,-0.0519809,0.0,0.474589169025,-402.047525629,65000
17.7172,0.015758,2,67,1000.0,60.07875084877014,6.26445,-0.0554165,0.0,0.37678694725,-392.538277787,67000
35.2809,0.014189,2,69,1000.0,61.89051866531372,6.18718,-0.0574378,0.0,0.424715518951,-386.681289054,69000
26.0505,0.0136983,2,71,1000.0,63.68834638595581,6.12875,-0.0520171,0.0,0.587625920773,-381.968963468,71000
37.5474,0.0159017,2,73,1000.0,65.48419427871704,6.09693,-0.0538687,0.0,0.502817004919,-377.235223144,73000
18.9509,0.0140189,2,75,1000.0,67.29650115966797,6.11839,-0.0541797,0.0,0.546658247709,-370.891772027,75000
24.06,0.015295,2,77,1000.0,69.11080718040466,6.04804,-0.0562574,0.0,0.616080313921,-365.575395225,77000
27.1982,0.0146057,2,79,1000.0,70.92161011695862,6.0134,-0.0562181,0.0,0.629166841507,-359.509102036,79000
20.1647,0.0153423,2,81,1000.0,72.7036063671112,6.01819,-0.0590767,0.0,0.734010666609,-354.272315302,81000
35.71,0.0142282,2,83,1000.0,74.51583480834961,5.96266,-0.0588161,0.0,0.48870998621,-348.870204671,83000
27.3307,0.0143196,3,86,1000.0,76.31255412101746,5.93346,-0.0598439,0.0,0.419627308846,-335.927498147,86000
24.4374,0.0143282,2,88,1000.0,78.10989880561829,5.89718,-0.0594778,0.0,0.39568156004,-328.388615245,88000
30.1846,0.0169523,2,90,1000.0,79.9129798412323,5.85847,-0.059661,0.0,0.465792775154,-320.100025102,90000
42.3626,0.0135769,2,92,1000.0,81.71938014030457,5.84865,-0.0558803,0.0,0.419528722763,-312.162024522,92000
21.0684,0.0150612,2,94,1000.0,83.51532030105591,5.78703,-0.0656597,0.0,0.776270166039,-303.83672799,94000
26.5692,0.0130875,2,96,1000.0,85.3120768070221,5.75218,-0.0579866,0.0,0.816016986966,-299.407977546,96000
49.9282,0.0151117,2,98,1000.0,87.10913038253784,5.70113,-0.0595435,0.0,0.430397748947,-292.017355444,98000
61.7566,0.0157995,2,100,1000.0,88.92239427566528,5.64993,-0.0599323,0.0,0.462319135666,-282.691033465,100000
54.862,0.0184743,2,102,1000.0,90.70396327972412,5.599,-0.0640507,0.0,0.456790566444,-266.100091515,102000
45.8692,0.014439,2,104,1000.0,92.51541018486023,5.57799,-0.0594087,0.0,0.82896193862,-252.989302879,104000
34.9614,0.0161942,2,106,1000.0,94.29648852348328,5.53171,-0.0630333,0.0,0.849406436086,-238.846666872,106000
47.6661,0.0158637,2,108,1000.0,96.10968112945557,5.48419,-0.0612729,0.0,0.442756652832,-221.758309517,108000
43.0625,0.0179643,2,110,1000.0,97.89124155044556,5.45271,-0.0658707,0.0,0.850726827979,-204.590503626,110000
38.9643,0.0149752,2,112,1000.0,99.7034478187561,5.3915,-0.0642084,0.0,0.889995254576,-194.102136349,112000
41.6019,0.0159062,2,114,1000.0,101.4846727848053,5.34911,-0.0596078,0.0,0.868722766638,-182.587037472,114000
37.1652,0.017042,2,116,1000.0,103.28118538856506,5.32917,-0.0661181,0.0,0.886638596654,-164.743642822,116000
27.5934,0.0153398,2,118,1000.0,105.07884407043457,5.27603,-0.0649078,0.0,0.95117521286,-157.851721845,118000
39.278,0.0139697,2,120,1000.0,106.87517285346985,5.23787,-0.0634008,0.0,0.288474142551,-142.205722044,120000
28.1779,0.0165504,2,122,1000.0,108.67216420173645,5.17672,-0.0673048,0.0,0.940042782575,-131.678215585,122000
38.2306,0.0183568,2,124,1000.0,110.46892762184143,5.12506,-0.064676,0.0,0.947191033512,-115.963141078,124000
57.409,0.0154353,2,126,1000.0,112.2928295135498,5.06071,-0.0646721,0.0,0.679244637489,-103.246030351,126000
71.2133,0.0178328,3,129,1000.0,114.12214469909668,5.01118,-0.062472,0.0,0.407594740391,-75.4958245926,129000
74.7555,0.0174867,2,131,1000.0,115.92171859741211,4.95624,-0.069893,0.0,0.51252925396,-63.3909717194,131000
90.8392,0.0152462,2,133,1000.0,117.71963000297546,4.92011,-0.0651079,0.0,0.461268365383,-46.3673737106,133000
75.8329,0.01486,2,135,1000.0,119.51109147071838,4.8788,-0.0666603,0.0,0.455562233925,-26.6274053084,135000
53.5997,0.0192733,2,137,1000.0,121.31266021728516,4.85382,-0.0630706,0.0,0.885367922485,-10.1298445255,137000
63.731,0.0179674,2,139,1000.0,123.10943388938904,4.84243,-0.0640389,0.0,0.347558259964,10.1286130428,139000
55.0199,0.017157,2,141,1000.0,124.90610122680664,4.8143,-0.061183,0.0,0.95884713158,22.6002845481,141000
64.4904,0.0155743,2,143,1000.0,126.70285725593567,4.823,-0.0609891,0.0,0.391720950603,42.2336580504,143000
61.8845,0.0153056,2,145,1000.0,128.48485898971558,4.79491,-0.0661634,0.0,0.89111032337,58.8587118438,145000
81.3749,0.017288,2,147,1000.0,130.2667076587677,4.72934,-0.0656694,0.0,0.881915293634,74.412419026,147000
49.2166,0.0142173,2,149,1000.0,132.0782392024994,4.68632,-0.063437,0.0,0.955245587975,87.8711582933,149000
71.192,0.0152322,2,151,1000.0,133.87456941604614,4.67252,-0.0639934,0.0,0.34597992897,108.050079213,151000
89.4417,0.016585,2,153,1000.0,135.67246747016907,4.61625,-0.0645456,0.0,0.416881501675,124.899747114,153000
79.2875,0.0178107,2,155,1000.0,137.46836495399475,4.54715,-0.0658088,0.0,0.334551334381,144.499182875,155000
54.2043,0.019201,2,157,1000.0,139.26550006866455,4.53437,-0.0638136,0.0,0.963005196303,157.241202186,157000
78.6516,0.0192304,2,159,1000.0,141.06206464767456,4.49736,-0.0633185,0.0,0.896594330668,173.602350713,159000
73.6269,0.0173649,2,161,1000.0,142.859121799469,4.45506,-0.0607504,0.0,0.284470021725,194.603709601,161000
100.991,0.015326,2,163,1000.0,144.65593695640564,4.46881,-0.0694703,0.0,0.774431675673,216.202143369,163000
74.2855,0.0170007,2,165,1000.0,146.4528365135193,4.44511,-0.0662853,0.0,0.771825924516,224.736780019,165000
103.292,0.0165794,2,167,1000.0,148.2505238056183,4.40251,-0.0643613,0.0,0.396670818329,241.190005987,167000
103.241,0.0156683,2,169,1000.0,150.04713249206543,4.38319,-0.0606583,0.0,0.36337518692,259.498696397,169000
92.1268,0.0183563,3,172,1000.0,151.84348034858704,4.37265,-0.0625975,0.0,0.927755914629,285.780573684,172000
104.39,0.0189967,2,174,1000.0,153.64106369018555,4.33449,-0.0625363,0.0,0.405100464821,308.961004014,174000
85.9015,0.0171793,2,176,1000.0,155.43789672851562,4.30144,-0.068454,0.0,0.799264699221,323.294113147,176000
103.525,0.0182215,2,178,1000.0,157.21900033950806,4.31216,-0.0638527,0.0,0.321319878101,341.191147063,178000
86.4381,0.0195118,2,180,1000.0,159.00086188316345,4.25372,-0.0617028,0.0,0.323426663876,362.907472661,180000
59.9489,0.0174858,2,182,1000.0,160.8122103214264,4.20247,-0.0646149,0.0,0.970749616623,375.622002093,182000
90.4038,0.0185384,2,184,1000.0,162.59412670135498,4.2086,-0.0588559,0.0,0.30656182766,392.71469575,184000
74.4604,0.0192723,2,186,1000.0,164.4072937965393,4.18751,-0.061159,0.0,0.967349726707,403.035878698,186000
102.718,0.0185598,2,188,1000.0,166.18720269203186,4.15701,-0.0598143,0.0,0.314397752285,421.937889012,188000
97.1921,0.0176667,2,190,1000.0,167.98517727851868,4.13365,-0.05907,0.0,0.2044018507,440.106083141,190000
103.417,0.021222,2,192,1000.0,169.7813458442688,4.14594,-0.0582862,0.0,0.307408034801,459.724895905,192000
108.153,0.0190712,2,194,1000.0,171.61700892448425,4.0983,-0.0627106,0.0,0.300760746002,477.77546505,194000
118.214,0.0216785,2,196,1000.0,173.39207482337952,4.08274,-0.0612051,0.0,0.343219459057,499.372481718,196000
120.615,0.0196389,2,198,1000.0,175.18724608421326,4.05744,-0.0616728,0.0,0.484823763371,516.654819287,198000
124.637,0.0187241,2,200,1000.0,176.98484086990356,4.01598,-0.0665255,0.0,0.418447494507,532.490180999,200000
133.585,0.0219155,2,202,1000.0,178.78151845932007,3.99152,-0.0663008,0.0,0.396461129189,550.049962257,202000
126.241,0.0188259,2,204,1000.0,180.57765674591064,3.963,-0.0609194,0.0,0.204761564732,573.47596751,204000
124.73,0.0218511,2,206,1000.0,182.3605980873108,3.99571,-0.0569513,0.0,0.388030648232,593.540352002,206000
135.801,0.0206643,2,208,1000.0,184.1569540500641,3.97508,-0.0611911,0.0,0.300107419491,611.234793827,208000
105.179,0.0185436,2,210,1000.0,185.96982717514038,3.93774,-0.0628567,0.0,0.964000273496,619.490728497,210000
140.236,0.0198659,2,212,1000.0,187.75035095214844,3.90261,-0.0598023,0.0,0.339879453182,643.19744743,212000
170.329,0.0197519,3,215,1000.0,189.54738569259644,3.88054,-0.0612098,0.0,0.228995740414,673.790632736,215000
152.156,0.0192044,2,217,1000.0,191.34395217895508,3.85177,-0.0585275,0.0,0.325173318386,694.516645233,217000
154.924,0.0185379,2,219,1000.0,193.14065551757812,3.8078,-0.0586412,0.0,0.303878724575,715.199386247,219000
104.217,0.0224856,2,221,1000.0,194.93809056282043,3.76469,-0.0602294,0.0,0.972295781597,719.771183609,221000
97.0785,0.0202216,2,223,1000.0,196.73543787002563,3.70602,-0.0764201,0.0,0.949803750962,733.313861298,223000
127.889,0.0209779,2,225,1000.0,198.516366481781,3.67518,-0.0617845,0.0,0.961291499436,745.396637281,225000
139.537,0.0227379,2,227,1000.0,200.32852482795715,3.62872,-0.0643782,0.0,0.441848278046,759.806716309,227000
172.642,0.0201678,2,229,1000.0,202.10965061187744,3.60725,-0.060976,0.0,0.348182201385,774.724550091,229000
148.24,0.0187649,2,231,1000.0,203.9064586162567,3.54518,-0.0615082,0.0,0.388243019581,794.905926414,231000
138.416,0.0208405,2,233,1000.0,205.70291590690613,3.52009,-0.0701983,0.0,0.926840938628,798.026225897,233000
153.861,0.0222449,2,235,1000.0,207.50071382522583,3.51193,-0.0639715,0.0,0.281019508839,807.810553795,235000
169.898,0.0212305,2,237,1000.0,209.2973244190216,3.50609,-0.0597435,0.0,0.880585357547,822.138325991,237000
108.818,0.0209884,2,239,1000.0,211.1095495223999,3.45009,-0.0651112,0.0,0.961873114109,826.533257688,239000
157.087,0.0249,2,241,1000.0,212.89104914665222,3.42288,-0.0593508,0.0,0.310548067093,849.010100795,241000
174.952,0.0212057,2,243,1000.0,214.68746781349182,3.37512,-0.0645592,0.0,0.378524184227,863.391909479,243000
113.078,0.0240529,2,245,1000.0,216.48557209968567,3.35079,-0.0653145,0.0,0.953157264739,864.531777176,245000
159.239,0.0241635,2,247,1000.0,218.2822027206421,3.30355,-0.0594389,0.0,0.294584214687,883.732892457,247000
177.326,0.0195279,2,249,1000.0,220.07777094841003,3.24398,-0.062661,0.0,0.218438863754,903.113646886,249000
144.057,0.0223781,2,251,1000.0,221.8750958442688,3.24454,-0.0653591,0.0,0.933278925717,915.605936677,251000
123.053,0.0196446,2,253,1000.0,223.65604281425476,3.2404,-0.0630436,0.0,0.872195377946,924.780483325,253000
265.893,0.0249715,3,256,1000.0,225.4530062675476,3.20599,-0.0570492,0.0,0.305030167103,945.047553541,256000
184.941,0.0234318,2,258,1000.0,227.23408889770508,3.1965,-0.0585125,0.0,0.390389502048,963.850510277,258000
167.138,0.0266151,2,260,1000.0,229.03086280822754,3.16873,-0.0563341,0.0,0.328929007053,978.287468078,260000
139.181,0.0237584,2,262,1000.0,230.81302404403687,3.14229,-0.0659507,0.0,0.956247847527,976.64051768,262000
194.726,0.0173696,2,264,1000.0,232.6309142112732,3.13571,-0.0551288,0.0,0.274480044842,1000.48191774,264000
202.311,0.0261675,2,266,1000.0,234.406831741333,3.13425,-0.0609708,0.0,0.384283661842,1013.95124238,266000
213.672,0.0201309,2,268,1000.0,236.2189919948578,3.08246,-0.060755,0.0,0.380231022835,1026.96882776,268000
193.201,0.0222721,2,270,1000.0,237.9840066432953,3.0444,-0.0574009,0.0,0.320499956608,1037.95021158,270000
216.684,0.0298139,2,272,1000.0,239.78345394134521,3.01181,-0.0604227,0.0,0.314852952957,1054.4661671,272000
131.919,0.0233901,2,274,1000.0,241.5783257484436,2.97748,-0.0607336,0.0,0.966796696186,1052.66174148,274000
192.756,0.0226997,2,276,1000.0,243.39052820205688,2.96604,-0.054135,0.0,0.171597242355,1070.4468061,276000
171.524,0.0204238,2,278,1000.0,245.16218852996826,2.94498,-0.0615652,0.0,0.93901976198,1076.8276466,278000
215.654,0.0259815,2,280,1000.0,246.95350432395935,2.91256,-0.0637016,0.0,0.457349479198,1090.72801251,280000
189.507,0.0230009,2,282,1000.0,248.75034379959106,2.88307,-0.0567966,0.0,0.317399978638,1109.02197016,282000
218.876,0.0304894,2,284,1000.0,250.54697799682617,2.89212,-0.0523666,0.0,0.240309536457,1123.45720024,284000
231.476,0.0227517,2,286,1000.0,252.32806086540222,2.846,-0.0624473,0.0,0.344851613045,1140.18657494,286000
214.686,0.0202684,2,288,1000.0,254.12586331367493,2.81139,-0.0624401,0.0,0.383941173553,1152.71543544,288000
231.769,0.0253325,2,290,1000.0,255.92339158058167,2.80253,-0.0602155,0.0,0.27755010128,1164.26030875,290000
238.738,0.0229212,2,292,1000.0,257.71913957595825,2.78751,-0.0637751,0.0,0.345432519913,1172.00788335,292000
209.99,0.0204698,2,294,1000.0,259.5013792514801,2.77021,-0.0626689,0.0,0.444260001183,1181.90953178,294000
254.424,0.0235431,2,296,1000.0,261.31399059295654,2.77271,-0.0576181,0.0,0.278859913349,1191.92765407,296000
314.286,0.02946,3,299,1000.0,263.09497261047363,2.7156,-0.0559896,0.0,0.242437303066,1212.42570048,299000
255.803,0.0237898,2,301,1000.0,264.89168190956116,2.67595,-0.0639146,0.0,0.294655799866,1223.65689343,301000
226.998,0.0271513,2,303,1000.0,266.68780303001404,2.61759,-0.064816,0.0,0.389182507992,1233.51393908,303000
160.033,0.0236013,2,305,1000.0,268.4846291542053,2.61779,-0.0648023,0.0,0.963772494346,1220.77627691,305000
233.773,0.0250592,2,307,1000.0,270.2814824581146,2.60392,-0.0577891,0.0,0.274343490601,1231.58166093,307000
225.596,0.0223989,2,309,1000.0,272.07806181907654,2.56758,-0.0604322,0.0,0.276332259178,1240.31790617,309000
235.929,0.02755,2,311,1000.0,273.85916662216187,2.57312,-0.0636567,0.0,0.430844187737,1257.24707246,311000
243.321,0.0257965,2,313,1000.0,275.65675950050354,2.51083,-0.0617633,0.0,0.426642775536,1265.52606378,313000
170.508,0.0283656,2,315,1000.0,277.4536557197571,2.51134,-0.0685142,0.0,0.962528344244,1259.88785351,315000
229.061,0.023838,2,317,1000.0,279.2658751010895,2.46184,-0.0601596,0.0,0.277840852737,1268.57428415,317000
196.177,0.0291456,2,319,1000.0,281.0634367465973,2.4364,-0.0619326,0.0,0.948385823518,1273.65596468,319000
268.672,0.0254891,2,321,1000.0,282.8441174030304,2.40978,-0.0686609,0.0,0.425836741924,1291.32905311,321000
273.753,0.0318055,2,323,1000.0,284.64204621315,2.38812,-0.0601198,0.0,0.291130363941,1307.66613262,323000
140.073,0.0199499,2,325,1000.0,286.4375550746918,2.37617,-0.0606679,0.0,0.968505974859,1309.17134614,325000
234.397,0.0263011,2,327,1000.0,288.21947836875916,2.3607,-0.0666852,0.0,0.422300934792,1315.27446355,327000
280.092,0.0264416,2,329,1000.0,290.01575088500977,2.33913,-0.054984,0.0,0.219755530357,1327.33405256,329000
240.45,0.0246993,2,331,1000.0,291.81341218948364,2.27305,-0.058508,0.0,0.190063416958,1337.03165009,331000
238.637,0.0309122,2,333,1000.0,293.6102831363678,2.27081,-0.0482508,0.0,0.279720127583,1359.07348654,333000
245.166,0.0281218,2,335,1000.0,295.3915820121765,2.25453,-0.0647026,0.0,0.415663957596,1369.79091335,335000
260.224,0.027017,2,337,1000.0,297.18776082992554,2.22191,-0.0602722,0.0,0.246931970119,1380.23116641,337000
249.77,0.0242776,2,339,1000.0,298.98559284210205,2.14268,-0.061972,0.0,0.956170372665,1397.86738858,339000
270.334,0.0288396,3,342,1000.0,300.78210043907166,2.0976,-0.0614848,0.0,0.634918749332,1394.40575606,342000
261.451,0.0248108,2,344,1000.0,302.57810163497925,2.08442,-0.0558219,0.0,0.263311505318,1405.50484863,344000
261.78,0.0226652,2,346,1000.0,304.3756773471832,2.04953,-0.06002,0.0,0.221521437168,1425.10178626,346000
260.124,0.0253838,2,348,1000.0,306.1720383167267,2.02476,-0.0568599,0.0,0.218706905842,1431.51437786,348000
271.562,0.0260494,2,350,1000.0,307.9690763950348,1.98376,-0.0572852,0.0,0.258127450943,1440.00592613,350000
182.072,0.024577,2,352,1000.0,309.76692962646484,1.93463,-0.0639625,0.0,0.970390673727,1440.05990884,352000
273.83,0.0306589,2,354,1000.0,311.5624783039093,1.87137,-0.0544559,0.0,0.0806655883789,1448.46988872,354000
242.698,0.0263846,2,356,1000.0,313.3436782360077,1.84676,-0.0526367,0.0,0.221254229546,1455.91456044,356000
264.099,0.0304422,2,358,1000.0,315.1566710472107,1.8145,-0.0535821,0.0,0.146435439587,1464.43485645,358000
255.82,0.0279092,2,360,1000.0,316.9378616809845,1.80489,-0.0493905,0.0,0.181844234467,1471.54115205,360000
275.968,0.0258694,2,362,1000.0,318.7355351448059,1.77955,-0.0536964,0.0,0.167368590832,1493.00565006,362000
247.6,0.0305549,2,364,1000.0,320.515816450119,1.77543,-0.0477237,0.0,0.234372437,1500.02203398,364000
257.231,0.0278394,2,366,1000.0,322.3456873893738,1.76844,-0.0562093,0.0,0.253216803074,1509.68764161,366000
222.462,0.0297736,2,368,1000.0,324.1415753364563,1.73362,-0.0674986,0.0,0.865695953369,1512.42672457,368000
271.171,0.0231342,2,370,1000.0,325.9311833381653,1.69478,-0.0539721,0.0,0.256923854351,1524.26470973,370000
304.383,0.0261081,2,372,1000.0,327.71929121017456,1.66788,-0.0604362,0.0,0.163621246815,1531.7664686,372000
293.593,0.0249429,2,374,1000.0,329.5161204338074,1.6427,-0.0558071,0.0,0.216980099678,1550.34233068,374000
279.802,0.0285834,2,376,1000.0,331.31259202957153,1.63271,-0.0583139,0.0,0.954225417227,1554.81301342,376000
169.786,0.0289322,2,378,1000.0,333.1102886199951,1.62294,-0.0616599,0.0,0.932978637516,1555.08337818,378000
286.773,0.0306474,2,380,1000.0,334.9068717956543,1.6151,-0.054508,0.0,0.273552775383,1562.50697154,380000
293.963,0.0387068,2,382,1000.0,336.7037703990936,1.56835,-0.0553229,0.0,0.197050750256,1571.81827413,382000
384.628,0.0286237,3,385,1000.0,338.5002963542938,1.51615,-0.0632187,0.0,0.319113433361,1577.22319857,385000
323.726,0.0280522,2,387,1000.0,340.2969763278961,1.46554,-0.062277,0.0,0.246894836426,1585.06651576,387000
282.931,0.029302,2,389,1000.0,342.0791449546814,1.44216,-0.0622158,0.0,0.235731959343,1590.38012173,389000
202.226,0.027116,2,391,1000.0,343.9062738418579,1.39829,-0.0558812,0.0,0.963550101966,1590.98203964,391000
307.47,0.0339337,2,393,1000.0,345.70464420318604,1.37781,-0.0544258,0.0,0.132221102715,1603.46039442,393000
290.902,0.0326798,2,395,1000.0,347.5004782676697,1.35226,-0.0556358,0.0,0.311376214027,1611.57969071,395000
304.083,0.0244167,2,397,1000.0,349.2819905281067,1.32378,-0.0599921,0.0,0.311783730984,1614.63833892,397000
180.91,0.0296155,2,399,1000.0,351.09459257125854,1.31484,-0.0663053,0.0,0.970911957324,1593.56945187,399000
285.379,0.0299373,2,401,1000.0,352.8919050693512,1.28347,-0.065611,0.0,0.394184470177,1599.42378506,401000
329.946,0.0280682,2,403,1000.0,354.7033178806305,1.2544,-0.0618308,0.0,0.245943784714,1609.9363913,403000
239.204,0.0282943,2,405,1000.0,356.4847662448883,1.2249,-0.0587987,0.0,0.942321762443,1630.14537233,405000
308.399,0.0316146,2,407,1000.0,358.297123670578,1.19624,-0.0646657,0.0,0.944214556366,1638.58167586,407000
155.545,0.0292593,2,409,1000.0,360.0940179824829,1.13115,-0.0630888,0.0,0.971805753186,1622.79092134,409000
329.438,0.0323113,2,411,1000.0,361.92171931266785,1.11183,-0.0692827,0.0,0.919893793762,1622.85520625,411000
362.948,0.0423003,2,413,1000.0,363.71985721588135,1.1161,-0.0567876,0.0,0.250104248524,1628.13867999,413000
390.456,0.0273141,2,415,1000.0,365.63169026374817,1.08183,-0.0612099,0.0,0.369542658329,1648.37770496,415000
312.508,0.028784,2,417,1000.0,367.4076232910156,1.06803,-0.0562592,0.0,0.279093444347,1658.42087929,417000
314.168,0.0295152,2,419,1000.0,369.2033727169037,1.06091,-0.0559943,0.0,0.282766699791,1670.25363039,419000
384.253,0.0309808,2,421,1000.0,371.00019335746765,1.06423,-0.0574606,0.0,0.951868511736,1680.86100204,421000
190.372,0.0330192,2,423,1000.0,372.81247758865356,1.01389,-0.0564221,0.0,0.917802125216,1673.96647958,423000
343.297,0.0408102,2,425,1000.0,374.6090350151062,0.998945,-0.0557961,0.0,0.211200833321,1695.54462083,425000
471.495,0.024538,3,428,1000.0,376.405885219574,0.999088,-0.0529542,0.0,0.183091044426,1710.94587126,428000
348.292,0.0290943,2,430,1000.0,378.2034077644348,0.983397,-0.0580429,0.0,0.194803118706,1713.49643847,430000
343.124,0.0297854,2,432,1000.0,379.9997742176056,0.982975,-0.0551431,0.0,0.17348086834,1719.82314359,432000
344.456,0.0350875,2,434,1000.0,381.7977600097656,0.978653,-0.0565535,0.0,0.205397367477,1721.02331245,434000
293.888,0.0272275,2,436,1000.0,383.58000087738037,0.968714,-0.0598663,0.0,0.261098921299,1723.7904557,436000
325.919,0.0299528,2,438,1000.0,385.3756194114685,0.903664,-0.0566013,0.0,0.144608736038,1731.63303649,438000
303.597,0.0415662,2,440,1000.0,387.17324924468994,0.883725,-0.0541135,0.0,0.322640120983,1750.03571834,440000
329.531,0.0250946,2,442,1000.0,388.9697940349579,0.84559,-0.059929,0.0,0.214955925941,1757.13251817,442000
349.469,0.0359795,2,444,1000.0,390.76594829559326,0.842365,-0.0547702,0.0,0.325536847115,1761.79681481,444000
354.01,0.0273782,2,446,1000.0,392.5531075000763,0.822529,-0.0589928,0.0,0.224099338055,1771.68223021,446000
339.735,0.0512192,2,448,1000.0,394.36043071746826,0.804219,-0.045104,0.0,0.190477848053,1780.16238294,448000
347.155,0.0305147,2,450,1000.0,396.1414420604706,0.771181,-0.0490836,0.0,0.227472782135,1786.24416442,450000
350.099,0.0308978,2,452,1000.0,397.95416808128357,0.760979,-0.0483844,0.0,0.138101875782,1808.07667208,452000
235.231,0.0342187,2,454,1000.0,399.7352876663208,0.745188,-0.056941,0.0,0.965897385031,1807.11560009,454000
371.435,0.0285238,2,456,1000.0,401.53130054473877,0.711245,-0.0501753,0.0,0.124077916145,1813.86470145,456000
379.917,0.0381172,2,458,1000.0,403.31227111816406,0.682674,-0.0498711,0.0,0.223492562771,1821.18034224,458000
332.643,0.0347624,2,460,1000.0,405.10976815223694,0.617977,-0.0543032,0.0,0.266599595547,1830.35865611,460000
381.781,0.0410095,2,462,1000.0,406.9059638977051,0.56764,-0.0491203,0.0,0.150665640831,1838.51132031,462000
249.004,0.0334728,2,464,1000.0,408.70345878601074,0.536405,-0.0554588,0.0,0.966877054423,1828.9701614,464000
380.489,0.0308098,2,466,1000.0,410.51606822013855,0.536982,-0.0531849,0.0,0.266735374928,1837.34487141,466000
394.789,0.0384037,2,468,1000.0,412.3425099849701,0.512404,-0.0488243,0.0,0.216089904308,1846.45738131,468000
508.506,0.03351,3,471,1000.0,414.1330909729004,0.47991,-0.0497916,0.0,0.126249492168,1858.32359137,471000
397.22,0.0383568,2,473,1000.0,415.92933416366577,0.448315,-0.0531983,0.0,0.256277024746,1863.98013665,473000
420.382,0.0309721,2,475,1000.0,417.71894240379333,0.457477,-0.0522582,0.0,0.247311592102,1874.58872783,475000
397.061,0.0280336,2,477,1000.0,419.51654624938965,0.459625,-0.0563671,0.0,0.315775156021,1899.67451535,477000
424.658,0.0352415,2,479,1000.0,421.29777669906616,0.427226,-0.0641629,0.0,0.486317038536,1901.02431779,479000
413.86,0.0317637,2,481,1000.0,423.11054396629333,0.42373,-0.0544452,0.0,0.279306530952,1905.377033,481000
411.625,0.0373135,2,483,1000.0,424.89047050476074,0.412098,-0.0530156,0.0,0.286867320538,1913.23796508,483000
462.497,0.0307055,2,485,1000.0,426.68773794174194,0.390132,-0.0608789,0.0,0.339629769325,1922.69438366,485000
423.732,0.0328076,2,487,1000.0,428.5148959159851,0.344425,-0.0630317,0.0,0.29567104578,1928.13973653,487000
350.818,0.0434426,2,489,1000.0,430.3135483264923,0.298822,-0.0540189,0.0,0.281855642796,1936.93091286,489000
407.103,0.0321784,2,491,1000.0,432.094678401947,0.253997,-0.0612078,0.0,0.293224513531,1956.00664821,491000
434.169,0.0399433,2,493,1000.0,433.8904073238373,0.22923,-0.0551402,0.0,0.271995186806,1957.4074964,493000
442.461,0.038194,2,495,1000.0,435.6877701282501,0.223258,-0.0505621,0.0,0.285932540894,1965.67895056,495000
413.337,0.0333849,2,497,1000.0,437.48534989356995,0.176786,-0.0488819,0.0,0.201133787632,1973.8487638,497000
450.679,0.0311145,2,499,1000.0,439.26528000831604,0.1959,-0.0500491,0.0,0.136501014233,2011.80018892,499000
430.473,0.0415967,2,501,1000.0,441.06285667419434,0.192825,-0.0421693,0.0,0.198310613632,2024.92895642,501000
444.502,0.0456969,2,503,1000.0,442.856703042984,0.160098,-0.0429937,0.0,0.173821270466,2031.09055083,503000
387.618,0.0397584,2,505,1000.0,444.65676259994507,0.151445,-0.0477822,0.0,0.273792922497,2046.42033336,505000
464.346,0.0430412,2,507,1000.0,446.4384009838104,0.135065,-0.0511311,0.0,0.234110116959,2055.84810968,507000
350.272,0.0324769,2,509,1000.0,448.23434925079346,0.109814,-0.0589138,0.0,0.324006259441,2085.85114587,509000
604.348,0.0329263,3,512,1000.0,450.03144550323486,0.0851879,-0.0522741,0.0,0.222452580929,2108.1127951,512000
452.088,0.0389088,2,514,1000.0,451.844703912735,0.0340391,-0.0521614,0.0,0.273441791534,2121.18813729,514000
331.525,0.0385836,2,516,1000.0,453.64203572273254,-0.000901341,-0.0637573,0.0,0.836531147361,2127.46195239,516000
462.209,0.0355304,2,518,1000.0,455.4378468990326,-0.00125587,-0.0541696,0.0,0.257611036301,2134.30975265,518000
292.675,0.0414126,2,520,1000.0,457.23469829559326,0.0101068,-0.059132,0.0,0.966097779572,2121.18479176,520000
520.849,0.0342822,2,522,1000.0,459.0318558216095,-0.00068593,-0.0576261,0.0,0.142183899879,2147.79435198,522000
444.691,0.0415732,2,524,1000.0,460.8285620212555,-0.0030582,-0.0491962,0.0,0.275054693222,2154.30678903,524000
388.372,0.0379719,2,526,1000.0,462.610356092453,-0.0472876,-0.0568451,0.0,0.852788150311,2157.404248,526000
450.336,0.039061,2,528,1000.0,464.4061508178711,-0.0642107,-0.0480711,0.0,0.240447103977,2164.12544003,528000
471.773,0.0326009,2,530,1000.0,466.2026948928833,-0.0535893,-0.0546184,0.0,0.20096039772,2175.59519874,530000
501.234,0.0337094,2,532,1000.0,468.0002419948578,-0.0566814,-0.0537515,0.0,0.320184707642,2187.72190658,532000
499.82,0.0307032,2,534,1000.0,469.78155064582825,-0.0747548,-0.0497507,0.0,0.205561220646,2199.15673655,534000
537.401,0.0316963,2,536,1000.0,471.57803106307983,-0.106944,-0.0525809,0.0,0.293048620224,2211.93955127,536000
437.665,0.030731,2,538,1000.0,473.3746449947357,-0.121677,-0.0496217,0.0,0.259721040726,2222.15538172,538000
515.235,0.0343023,2,540,1000.0,475.1718039512634,-0.121124,-0.0556449,0.0,0.136669158936,2234.39316991,540000
495.465,0.0362352,2,542,1000.0,476.96003580093384,-0.150237,-0.0410906,0.0,0.0934660434723,2243.88075668,542000
487.562,0.0367982,2,544,1000.0,478.7503445148468,-0.190755,-0.0432434,0.0,0.157689630985,2252.06688112,544000
504.533,0.0554841,2,546,1000.0,480.5523500442505,-0.216884,-0.0401001,0.0,0.204503178596,2258.86895404,546000
502.849,0.0456194,2,548,1000.0,482.3451976776123,-0.239542,-0.0527045,0.0,0.243661165237,2266.1158826,548000
510.724,0.036433,2,550,1000.0,484.1251151561737,-0.27194,-0.0496936,0.0,0.230646133423,2274.27075772,550000
497.097,0.0419104,2,552,1000.0,485.9224417209625,-0.282291,-0.0453298,0.0,0.287504255772,2281.8760225,552000
724.395,0.033192,3,555,1000.0,487.7190101146698,-0.262886,-0.0551536,0.0,0.277929127216,2305.86143066,555000
521.294,0.0345023,2,557,1000.0,489.5168399810791,-0.263667,-0.0543669,0.0,0.313897788525,2312.63082469,557000
547.352,0.04552,2,559,1000.0,491.2967948913574,-0.269655,-0.0488045,0.0,0.254087209702,2322.54584418,559000
499.827,0.0383904,2,561,1000.0,493.0934839248657,-0.262707,-0.0477567,0.0,0.127175986767,2328.79466106,561000
490.006,0.0405918,2,563,1000.0,494.892032623291,-0.28354,-0.0488985,0.0,0.28380382061,2334.77461794,563000
522.146,0.046262,2,565,1000.0,496.67181611061096,-0.312333,-0.0479616,0.0,0.253120541573,2358.3182735,565000
538.532,0.0371128,2,567,1000.0,498.45397996902466,-0.318754,-0.0491558,0.0,0.209629416466,2364.77869883,567000
508.668,0.0496309,2,569,1000.0,500.2505576610565,-0.335335,-0.0530241,0.0,0.3551466465,2374.412487,569000
501.775,0.033174,2,571,1000.0,502.03223156929016,-0.321139,-0.0557618,0.0,0.335705459118,2373.28849749,571000
572.679,0.0418417,2,573,1000.0,503.81284260749817,-0.305964,-0.0487223,0.0,0.216472685337,2385.39434324,573000
564.25,0.0330348,2,575,1000.0,505.59559631347656,-0.326495,-0.0551172,0.0,0.273778498173,2391.17527507,575000
553.769,0.0380408,2,577,1000.0,507.3907821178436,-0.366951,-0.0491361,0.0,0.160012900829,2394.70193599,577000
381.4,0.0407007,2,579,1000.0,509.18822741508484,-0.367273,-0.0565469,0.0,0.335759580135,2407.54390514,579000
522.27,0.0352682,2,581,1000.0,510.96889758110046,-0.374999,-0.0598544,0.0,0.290007770061,2415.75050548,581000
546.038,0.0365876,2,583,1000.0,512.7499051094055,-0.400699,-0.0575902,0.0,0.301169633865,2424.25343077,583000
551.574,0.036908,2,585,1000.0,514.5471377372742,-0.439211,-0.0553911,0.0,0.222177326679,2430.86376364,585000
567.656,0.0485782,2,587,1000.0,516.3291895389557,-0.470855,-0.0428238,0.0,0.204557418823,2440.58398722,587000
553.743,0.0419566,2,589,1000.0,518.1246950626373,-0.476234,-0.0472533,0.0,0.276430785656,2448.05514997,589000
510.278,0.0360079,2,591,1000.0,519.9066371917725,-0.49114,-0.047818,0.0,0.217501759529,2450.6238262,591000
534.961,0.0450074,2,593,1000.0,521.7032809257507,-0.511234,-0.0507858,0.0,0.22590047121,2460.23079168,593000
517.572,0.0314462,2,595,1000.0,523.4845361709595,-0.541151,-0.0539988,0.0,0.202687263489,2466.0565419,595000
763.121,0.0375187,3,598,1000.0,525.2807989120483,-0.532708,-0.0510919,0.0,0.189768016338,2474.91571772,598000
520.39,0.0377218,2,600,1000.0,527.0785548686981,-0.532219,-0.0527676,0.0,0.282974600792,2477.1224541,600000
552.251,0.0360033,2,602,1000.0,528.8618986606598,-0.55179,-0.0481365,0.0,0.175240516663,2481.12673143,602000
533.765,0.0344059,2,604,1000.0,530.6560280323029,-0.556833,-0.0496332,0.0,0.238340556622,2487.24689306,604000
596.427,0.0470657,2,606,1000.0,532.4535744190216,-0.568085,-0.046199,0.0,0.212750911713,2494.82006572,606000
544.839,0.0359883,2,608,1000.0,534.2451424598694,-0.592198,-0.049768,0.0,0.236931860447,2499.54911374,608000
423.092,0.0389846,2,610,1000.0,536.0312132835388,-0.633799,-0.059813,0.0,0.842706277966,2510.31714491,610000
602.924,0.0438606,2,612,1000.0,537.8290636539459,-0.677668,-0.0505268,0.0,0.141571342945,2515.91858355,612000
556.324,0.0479378,2,614,1000.0,539.6261930465698,-0.6998,-0.0465926,0.0,0.201044023037,2521.3999911,614000
568.891,0.0370568,2,616,1000.0,541.4063947200775,-0.702946,-0.0494336,0.0,0.244494318962,2526.90634745,616000
620.586,0.0446772,2,618,1000.0,543.2032198905945,-0.709794,-0.0470078,0.0,0.206606268883,2533.13522264,618000
575.513,0.0431552,2,620,1000.0,544.9843420982361,-0.679168,-0.0486798,0.0,0.283455431461,2556.13800618,620000
475.547,0.0403358,2,622,1000.0,546.7814455032349,-0.697731,-0.0578947,0.0,0.386641144753,2559.85206563,622000
555.024,0.0383436,2,624,1000.0,548.5579254627228,-0.700937,-0.0554819,0.0,0.32178068161,2569.61859215,624000
418.121,0.0441056,2,626,1000.0,550.359512090683,-0.686199,-0.0491827,0.0,0.967861033976,2561.55349622,626000
597.27,0.0395433,2,628,1000.0,552.1571190357208,-0.690157,-0.0446532,0.0,0.186497151852,2566.33885199,628000
583.471,0.044897,2,630,1000.0,553.9527983665466,-0.72489,-0.0519716,0.0,0.268108427525,2573.603401,630000
589.011,0.0595378,2,632,1000.0,555.7354364395142,-0.701704,-0.0416368,0.0,0.179378628731,2572.11897929,632000
600.251,0.0429728,2,634,1000.0,557.5313234329224,-0.693741,-0.0442228,0.0,0.232537508011,2581.30991222,634000
630.663,0.0380704,2,636,1000.0,559.3125114440918,-0.70165,-0.0513464,0.0,0.253177821636,2584.07617212,636000
608.064,0.0463864,2,638,1000.0,561.110107421875,-0.74483,-0.0473889,0.0,0.20894408226,2588.52221132,638000
812.232,0.0564918,3,641,1000.0,562.8908512592316,-0.746374,-0.0413057,0.0,0.185501754284,2594.00265256,641000
542.909,0.0371879,2,643,1000.0,564.7041983604431,-0.751487,-0.0512937,0.0,0.288585245609,2597.36762516,643000
541.904,0.0428764,2,645,1000.0,566.4854774475098,-0.7616,-0.0509811,0.0,0.332160353661,2602.07956836,645000
635.64,0.0499534,2,647,1000.0,568.2830231189728,-0.769241,-0.0535275,0.0,0.152231156826,2606.70036721,647000
619.803,0.0369852,2,649,1000.0,570.0777966976166,-0.811154,-0.0581633,0.0,0.326515257359,2611.96371569,649000
561.064,0.0400226,2,651,1000.0,571.8753638267517,-0.829365,-0.0513272,0.0,0.301389813423,2616.54409655,651000
635.424,0.0463493,2,653,1000.0,573.6561605930328,-0.844136,-0.0488189,0.0,0.176661670208,2621.13245121,653000
615.827,0.0413322,2,655,1000.0,575.4526884555817,-0.88204,-0.0489495,0.0,0.192029178143,2625.14026504,655000
553.048,0.0360188,2,657,1000.0,577.2357873916626,-0.887785,-0.0476876,0.0,0.329549252987,2630.61144521,657000
644.674,0.0501081,2,659,1000.0,579.0313746929169,-0.886358,-0.0468145,0.0,0.333592414856,2634.4691479,659000
618.386,0.0434898,2,661,1000.0,580.8291203975677,-0.912306,-0.051376,0.0,0.339356720448,2639.63421993,661000
652.199,0.0989352,2,663,1000.0,582.6286401748657,-0.900669,-0.0314431,0.0,0.270954549313,2644.70660903,663000
419.979,0.0419906,2,665,1000.0,584.4059896469116,-0.913985,-0.057977,0.0,0.492797076702,2651.13856645,665000
716.003,0.0441613,2,667,1000.0,586.2037823200226,-0.966537,-0.0523688,0.0,0.324554502964,2660.56448324,667000
604.568,0.0416346,2,669,1000.0,588.0003037452698,-0.986038,-0.0524914,0.0,0.3088504076,2660.41193019,669000
613.695,0.0421276,2,671,1000.0,589.7965176105499,-0.998564,-0.0556481,0.0,0.278445959091,2668.47175856,671000
622.373,0.0426382,2,673,1000.0,591.5777883529663,-1.01483,-0.0559159,0.0,0.242304503918,2670.87556829,673000
595.966,0.04111,2,675,1000.0,593.3919322490692,-1.05712,-0.049415,0.0,0.31700104475,2676.32317996,675000
608.754,0.0443764,2,677,1000.0,595.1719346046448,-1.09074,-0.0537545,0.0,0.251802742481,2682.81039701,677000
637.807,0.0393643,2,679,1000.0,596.9689934253693,-1.08304,-0.0539613,0.0,0.316233754158,2682.91254471,679000
627.228,0.043335,2,681,1000.0,598.7580440044403,-1.07424,-0.0460691,0.0,0.132384598255,2687.58734043,681000
831.591,0.0388104,3,684,1000.0,600.5633041858673,-1.12664,-0.0522008,0.0,0.134591519833,2698.88118782,684000
631.907,0.0385533,2,686,1000.0,602.3597896099091,-1.13602,-0.0487815,0.0,0.155582904816,2705.15560802,686000
598.987,0.0347915,2,688,1000.0,604.156352519989,-1.15295,-0.0513275,0.0,0.228044688702,2709.80189671,688000
628.037,0.0540128,2,690,1000.0,605.952644109726,-1.1529,-0.0387802,0.0,0.153692960739,2711.40568017,690000
614.174,0.0378687,2,692,1000.0,607.7504513263702,-1.19875,-0.0472465,0.0,0.265187680721,2714.97051107,692000
626.335,0.0434106,2,694,1000.0,609.5465488433838,-1.20438,-0.0525917,0.0,0.308646023273,2717.76534272,694000
642.317,0.0377546,2,696,1000.0,611.3435530662537,-1.23407,-0.0511966,0.0,0.244184792042,2723.2007501,696000
605.292,0.0357752,2,698,1000.0,613.1257076263428,-1.2165,-0.0506838,0.0,0.206540048122,2727.39178011,698000
664.158,0.0389954,2,700,1000.0,614.9217255115509,-1.22567,-0.0647206,0.0,0.690966695547,2729.08886263,700000
283.933,0.0531737,2,702,1000.0,616.7202525138855,-1.22525,-0.053425,0.0,0.980031723157,2709.78788879,702000
618.237,0.0567178,2,704,1000.0,618.5159142017365,-1.24074,-0.0554592,0.0,0.345483899117,2711.07210783,704000
641.75,0.043249,2,706,1000.0,620.2976281642914,-1.26667,-0.0459759,0.0,0.201080024242,2714.71195337,706000
643.012,0.0399512,2,708,1000.0,622.1097438335419,-1.25859,-0.0585225,0.0,0.302120268345,2718.31430586,708000
644.149,0.0503698,2,710,1000.0,623.8917770385742,-1.27404,-0.0530768,0.0,0.267410933971,2716.23705879,710000
518.87,0.0436136,2,712,1000.0,625.6878156661987,-1.28804,-0.0496565,0.0,0.367576062679,2720.11481062,712000
649.859,0.0581797,2,714,1000.0,627.4697947502136,-1.3068,-0.0494149,0.0,0.271240115166,2725.30885978,714000
643.161,0.0436836,2,716,1000.0,629.2653839588165,-1.33121,-0.0535139,0.0,0.267556011677,2730.81814018,716000
689.472,0.0488965,2,718,1000.0,631.0627355575562,-1.33185,-0.046705,0.0,0.204733014107,2736.46766023,718000
685.765,0.0408859,2,720,1000.0,632.8436708450317,-1.33505,-0.052448,0.0,0.348763525486,2741.93394872,720000
641.115,0.0367868,2,722,1000.0,634.6408715248108,-1.3346,-0.0504191,0.0,0.25379627943,2745.88231637,722000
690.459,0.0431001,2,724,1000.0,636.4843602180481,-1.33794,-0.0531365,0.0,0.332564949989,2747.56161993,724000
868.231,0.0474403,3,727,1000.0,638.2654714584351,-1.29708,-0.0468285,0.0,0.248828589916,2775.80879428,727000
696.099,0.0443625,2,729,1000.0,640.0627899169922,-1.31852,-0.0430758,0.0,0.140917420387,2781.19639045,729000
709.293,0.0440152,2,731,1000.0,641.858984708786,-1.31383,-0.0470572,0.0,0.240054607391,2790.70160525,731000
718.474,0.0449211,2,733,1000.0,643.640969991684,-1.29931,-0.0459496,0.0,0.199843347073,2796.80067483,733000
661.178,0.0459764,2,735,1000.0,645.4388027191162,-1.32098,-0.0536901,0.0,0.274672031403,2800.22926342,735000
424.795,0.0328372,2,737,1000.0,647.2343280315399,-1.35196,-0.0575844,0.0,0.969654411077,2780.39066076,737000
683.923,0.0441971,2,739,1000.0,649.0154633522034,-1.38594,-0.0522258,0.0,0.298891544342,2787.53979521,739000
673.179,0.0568426,2,741,1000.0,650.81290102005,-1.43566,-0.0449246,0.0,0.307426869869,2796.91113689,741000
706.547,0.0510707,2,743,1000.0,652.6095967292786,-1.42808,-0.0455403,0.0,0.411035776138,2804.89902461,743000
766.594,0.056744,2,745,1000.0,654.3909006118774,-1.46544,-0.0540682,0.0,0.33727657795,2807.17570978,745000
721.478,0.0449205,2,747,1000.0,656.1873753070831,-1.47824,-0.0584803,0.0,0.365732192993,2814.80549912,747000
771.651,0.0438228,2,749,1000.0,657.9853847026825,-1.4679,-0.0548001,0.0,0.265469074249,2819.93350844,749000
673.72,0.0424257,2,751,1000.0,659.7730720043182,-1.46751,-0.0497744,0.0,0.290314495564,2824.53378763,751000
741.76,0.0556184,2,753,1000.0,661.5639429092407,-1.48483,-0.0523378,0.0,0.16086101532,2825.66089931,753000
810.955,0.0500479,2,755,1000.0,663.3754093647003,-1.49001,-0.0490909,0.0,0.93384937197,2830.09994478,755000
391.444,0.0409814,2,757,1000.0,665.156364440918,-1.53924,-0.0535338,0.0,0.960455343127,2811.97756249,757000
664.726,0.0368005,2,759,1000.0,666.9530477523804,-1.55079,-0.0482881,0.0,0.20720243454,2813.32359117,759000
712.529,0.0415276,2,761,1000.0,668.7508382797241,-1.55851,-0.0467102,0.0,0.145021259785,2819.57999693,761000
711.122,0.0456954,2,763,1000.0,670.530853509903,-1.56789,-0.0433453,0.0,0.113887667656,2825.77258219,763000
687.546,0.0369226,2,765,1000.0,672.3450000286102,-1.56896,-0.051995,0.0,0.233746528625,2831.11855114,765000
1015.79,0.0511678,3,768,1000.0,674.156242609024,-1.54424,-0.0388352,0.0,0.0826212763786,2838.5688961,768000
674.834,0.0401547,2,770,1000.0,675.9376466274261,-1.55433,-0.0422188,0.0,0.204979419708,2849.21388289,770000
684.923,0.0494681,2,772,1000.0,677.7344958782196,-1.56969,-0.0478867,0.0,0.212760448456,2853.46216643,772000
736.648,0.0392398,2,774,1000.0,679.516713142395,-1.58175,-0.0505398,0.0,0.103066980839,2859.27428239,774000
735.765,0.0469032,2,776,1000.0,681.2972962856293,-1.57702,-0.0423856,0.0,0.135998368263,2865.11681985,776000
741.857,0.0430856,2,778,1000.0,683.0789532661438,-1.54549,-0.0489434,0.0,0.231630504131,2868.8965204,778000
701.103,0.0475063,2,780,1000.0,684.8753943443298,-1.52947,-0.0467115,0.0,0.213484048843,2874.58196709,780000
703.799,0.0511343,2,782,1000.0,686.6717417240143,-1.51258,-0.0434534,0.0,0.194723844528,2877.75474244,782000
748.117,0.0435523,2,784,1000.0,688.4689917564392,-1.5152,-0.0511587,0.0,0.936030901968,2878.7988478,784000
371.987,0.0424523,2,786,1000.0,690.2661066055298,-1.55643,-0.0528085,0.0,0.980022234842,2846.6633405,786000
704.756,0.0562613,2,788,1000.0,692.0628023147583,-1.60933,-0.0496835,0.0,0.189676880836,2852.8751649,788000
711.855,0.0403469,2,790,1000.0,693.8444283008575,-1.62066,-0.0526786,0.0,0.287526071072,2857.70787971,790000
804.007,0.0503363,2,792,1000.0,695.6419503688812,-1.6032,-0.0484375,0.0,0.226521670818,2865.64660402,792000
740.301,0.0560575,2,794,1000.0,697.4221351146698,-1.63749,-0.0487233,0.0,0.345183551311,2871.90768317,794000
690.571,0.048254,2,796,1000.0,699.2190849781036,-1.6365,-0.0562471,0.0,0.343270540237,2872.72605012,796000
769.872,0.0417008,2,798,1000.0,701.0003626346588,-1.63621,-0.0502241,0.0,0.189846098423,2879.77047611,798000
736.112,0.0544535,2,800,1000.0,702.7964589595795,-1.66381,-0.0460382,0.0,0.317484140396,2890.27534265,800000
807.921,0.0457925,2,802,1000.0,704.5793902873993,-1.66634,-0.0507552,0.0,0.345633327961,2920.5651638,802000
723.449,0.0436519,2,804,1000.0,706.37477684021,-1.65904,-0.0525346,0.0,0.333750903606,2931.48939607,804000
793.357,0.0469783,2,806,1000.0,708.157644033432,-1.69056,-0.0540119,0.0,0.420549452305,2929.95947186,806000
676.344,0.0358172,2,808,1000.0,709.953978061676,-1.71626,-0.0556653,0.0,0.439513802528,2938.4812325,808000
1124.83,0.0477891,3,811,1000.0,711.7507719993591,-1.71029,-0.0578387,0.0,0.289669513702,2945.87732798,811000
477.409,0.0382806,2,813,1000.0,713.60325050354,-1.71451,-0.0491383,0.0,0.978873131797,2912.52864254,813000
839.793,0.0416626,2,815,1000.0,715.4555399417877,-1.72556,-0.0549737,0.0,0.291420519352,2915.44627683,815000
778.479,0.0444283,2,817,1000.0,717.266838312149,-1.74464,-0.0565832,0.0,0.382913589478,2917.23756194,817000
784.382,0.0364973,2,819,1000.0,719.0467698574066,-1.75631,-0.0556117,0.0,0.302652657032,2924.46229041,819000
819.897,0.0449122,2,821,1000.0,720.8517823219299,-1.7839,-0.0551667,0.0,0.177709162235,2931.66268031,821000
798.407,0.227786,2,823,1000.0,722.6417772769928,-1.77649,-0.0215029,0.0,0.381410181522,2931.01037595,823000
756.629,0.0400401,2,825,1000.0,724.4373240470886,-1.8162,-0.0519855,0.0,0.374460637569,2936.82912099,825000
715.834,0.0502271,2,827,1000.0,726.2188186645508,-1.83693,-0.0461789,0.0,0.364119470119,2937.89896019,827000
497.598,0.0497009,2,829,1000.0,728.0310277938843,-1.85044,-0.0560697,0.0,0.967951204628,2911.09347624,829000
810.108,0.0504319,2,831,1000.0,729.8139882087708,-1.84687,-0.0547769,0.0,0.13181000948,2907.05401423,831000
729.686,0.0379721,2,833,1000.0,731.6262986660004,-1.85722,-0.0477902,0.0,0.223348379135,2913.83467776,833000
684.57,0.0530274,2,835,1000.0,733.4075300693512,-1.86588,-0.0472762,0.0,0.403941333294,2918.23806459,835000
809.08,0.0356176,2,837,1000.0,735.2028315067291,-1.884,-0.0531408,0.0,0.268668651581,2950.42226789,837000
804.281,0.0470984,2,839,1000.0,736.9848082065582,-1.8939,-0.0521614,0.0,0.204607486725,2951.73773674,839000
817.486,0.0473721,2,841,1000.0,738.7979438304901,-1.92712,-0.0495615,0.0,0.195871114731,2954.37474905,841000
822.297,0.0496609,2,843,1000.0,740.5787999629974,-1.95874,-0.0493416,0.0,0.230759084225,2952.06016368,843000
800.534,0.0704517,2,845,1000.0,742.3753888607025,-1.99563,-0.0418097,0.0,0.256341397762,2956.49739786,845000
799.958,0.064018,2,847,1000.0,744.1564445495605,-2.01404,-0.0428624,0.0,0.300395548344,2960.76182802,847000
857.006,0.0502123,2,849,1000.0,745.9529628753662,-2.01364,-0.0497592,0.0,0.238790392876,2963.78040154,849000
717.857,0.0371817,2,851,1000.0,747.7655787467957,-2.03655,-0.0563987,0.0,0.373710870743,2965.51664231,851000
1189.17,0.0757771,3,854,1000.0,749.547328710556,-2.06268,-0.0387894,0.0,0.154840111732,2978.00754499,854000
832.376,0.0518503,2,856,1000.0,751.3437914848328,-2.07286,-0.0461222,0.0,0.32070851326,3004.83618941,856000
718.622,0.0581606,2,858,1000.0,753.1430141925812,-2.10597,-0.0523653,0.0,0.390485346317,3008.63730603,858000
858.565,0.0495454,2,860,1000.0,754.9382412433624,-2.12301,-0.0490987,0.0,0.279852747917,3014.78268201,860000
823.897,0.589598,2,862,1000.0,756.7191395759583,-2.12469,-0.0196692,0.0,0.280972003937,3015.32182335,862000
673.182,0.0388661,2,864,1000.0,758.5159323215485,-2.15146,-0.0573087,0.0,0.386249125004,3018.49023086,864000
831.758,0.0427051,2,866,1000.0,760.3126664161682,-2.17571,-0.0553095,0.0,0.26194357872,3016.46763825,866000
844.149,0.0816539,2,868,1000.0,762.0946846008301,-2.18894,-0.0467709,0.0,0.242783665657,3015.72766185,868000
666.53,0.0459335,2,870,1000.0,763.8902456760406,-2.21199,-0.052618,0.0,0.35967862606,3014.60862491,870000
854.896,0.0574299,2,872,1000.0,765.672131061554,-2.2105,-0.0462907,0.0,0.208312392235,3022.07500847,872000
768.285,0.068382,2,874,1000.0,767.454363822937,-2.17649,-0.0401033,0.0,0.317531406879,3024.53379821,874000
887.024,0.0416177,2,876,1000.0,769.2510139942169,-2.18715,-0.0598952,0.0,0.328125655651,3030.30151347,876000
796.152,0.0394756,2,878,1000.0,771.0474789142609,-2.2016,-0.0503042,0.0,0.42726200819,3038.61814763,878000
898.504,0.0600661,2,880,1000.0,772.8284358978271,-2.21063,-0.0493934,0.0,0.182072877884,3042.9518407,880000
803.353,0.0471163,2,882,1000.0,774.6347148418427,-2.23622,-0.0599678,0.0,0.477303147316,3043.3346847,882000
892.907,0.0461878,2,884,1000.0,776.4070680141449,-2.25165,-0.0555497,0.0,0.365033447742,3049.67673243,884000
897.271,0.0613202,2,886,1000.0,778.2033205032349,-2.27456,-0.0444022,0.0,0.394641697407,3090.23802981,886000
891.61,0.043074,2,888,1000.0,780.0010242462158,-2.24357,-0.0467554,0.0,0.255105912685,3096.28590986,888000
856.712,0.0622158,2,890,1000.0,781.7964270114899,-2.30891,-0.0482576,0.0,0.964182209224,3105.54388172,890000
491.686,0.0673545,2,892,1000.0,783.5957775115967,-2.32361,-0.0486179,0.0,0.929262422025,3070.08229427,892000
908.169,0.0581927,2,894,1000.0,785.3904232978821,-2.33686,-0.0422065,0.0,0.949302721769,3071.98642031,894000
803.217,0.0509146,3,897,1000.0,787.1897752285004,-2.335,-0.0534189,0.0,0.611020028591,3056.78342071,897000
830.878,0.0494769,2,899,1000.0,788.9846165180206,-2.34813,-0.0434571,0.0,0.175270199776,3060.24986496,899000
864.174,0.0524906,2,901,1000.0,790.7668128013611,-2.37911,-0.0449631,0.0,0.325909435749,3065.9323596,901000
868.287,0.0402898,2,903,1000.0,792.5625975131989,-2.3682,-0.0508074,0.0,0.257723212242,3065.99723218,903000
735.63,0.0521933,2,905,1000.0,794.3439249992371,-2.36643,-0.0556379,0.0,0.338507413864,3072.32957261,905000
886.251,0.0611161,2,907,1000.0,796.143551826477,-2.34561,-0.0361116,0.0,0.204097390175,3079.04803844,907000
762.094,0.0449756,2,909,1000.0,797.9377360343933,-2.34757,-0.0510422,0.0,0.364156663418,3082.35198725,909000
919.12,0.0511399,2,911,1000.0,799.7198312282562,-2.33727,-0.0428115,0.0,0.191191256046,3090.55020057,911000
899.062,0.0418832,2,913,1000.0,801.5033910274506,-2.32428,-0.044312,0.0,0.166808009148,3135.38482056,913000
846.293,0.0859174,2,915,1000.0,803.2824022769928,-2.32752,-0.0347088,0.0,0.234138548374,3141.56135621,915000
924.345,0.0725763,2,917,1000.0,805.0778365135193,-2.33535,-0.0461734,0.0,0.267018318176,3148.96282887,917000
867.618,0.0572041,2,919,1000.0,806.8597853183746,-2.34631,-0.0499087,0.0,0.37764519453,3150.76294017,919000
924.235,0.0523104,2,921,1000.0,808.6561448574066,-2.35653,-0.0463667,0.0,0.228557646275,3153.62317074,921000
762.8,0.0445163,2,923,1000.0,810.4374012947083,-2.40366,-0.0464745,0.0,0.360446155071,3165.68909518,923000
1039.54,0.0689627,2,925,1000.0,812.2349729537964,-2.36631,-0.0493093,0.0,0.236080825329,3171.12404529,925000
927.333,0.0664278,2,927,1000.0,814.0153906345367,-2.32781,-0.0422324,0.0,0.279095947742,3172.1160647,927000
882.253,0.0605302,2,929,1000.0,815.8126385211945,-2.30109,-0.0372885,0.0,0.192437410355,3203.32366474,929000
898.911,0.0528152,2,931,1000.0,817.5939316749573,-2.29026,-0.0390692,0.0,0.227109730244,3211.52897094,931000
834.489,0.0495221,2,933,1000.0,819.3906359672546,-2.30605,-0.0497069,0.0,0.242210328579,3209.03826086,933000
904.46,0.0480771,2,935,1000.0,821.1718680858612,-2.31192,-0.037311,0.0,0.0917375683784,3216.15309702,935000
832.466,0.0479024,2,937,1000.0,822.9700145721436,-2.29836,-0.0417028,0.0,0.178505003452,3220.31946916,937000
1130.45,0.0528817,3,940,1000.0,824.7656860351562,-2.29394,-0.0425455,0.0,0.20307123661,3225.65902485,940000
922.092,0.0669732,2,942,1000.0,826.5477483272552,-2.26253,-0.0419428,0.0,0.205101966858,3226.945237,942000
943.087,0.0660201,2,944,1000.0,828.3439502716064,-2.25637,-0.0372347,0.0,0.277059137821,3240.31856546,944000
912.456,0.0465223,2,946,1000.0,830.1401689052582,-2.25792,-0.0439924,0.0,0.231292963028,3242.64607685,946000
921.28,0.072714,2,948,1000.0,831.906215429306,-2.27173,-0.0329185,0.0,0.192117869854,3251.81952278,948000
846.765,0.0611314,2,950,1000.0,833.7038567066193,-2.24078,-0.0367144,0.0,0.268642425537,3259.7629822,950000
925.033,0.0632424,2,952,1000.0,835.4850964546204,-2.25575,-0.0453275,0.0,0.360465824604,3266.52654577,952000
947.841,0.0469406,2,954,1000.0,837.2653052806854,-2.20611,-0.0408024,0.0,0.197192072868,3269.36221427,954000
970.992,0.0540985,2,956,1000.0,839.0480225086212,-2.20138,-0.0425866,0.0,0.168884038925,3273.66139458,956000
958.634,0.0588244,2,958,1000.0,840.8440577983856,-2.21993,-0.0373338,0.0,0.186728596687,3279.40242104,958000
879.281,0.0394413,2,960,1000.0,842.6418421268463,-2.21136,-0.0476214,0.0,0.259916186333,3279.38989279,960000
886.703,0.037086,2,962,1000.0,844.4376540184021,-2.219,-0.0466478,0.0,0.248842597008,3287.48011182,962000
933.013,0.0456878,2,964,1000.0,846.2112281322479,-2.20838,-0.0447514,0.0,0.184770226479,3295.27654308,964000
733.281,0.0424479,2,966,1000.0,848.0155200958252,-2.23865,-0.0509808,0.0,0.267795741558,3306.73493926,966000
992.995,0.0698778,2,968,1000.0,849.7974262237549,-2.23743,-0.0415257,0.0,0.293683409691,3312.09444578,968000
1026.07,0.0511004,2,970,1000.0,851.5932960510254,-2.22135,-0.0464638,0.0,0.319234669209,3318.87511918,970000
948.811,0.053531,2,972,1000.0,853.3753650188446,-2.24325,-0.0405136,0.0,0.209958076477,3317.76360949,972000
931.96,0.0549916,2,974,1000.0,855.1726868152618,-2.24026,-0.0442125,0.0,0.260893940926,3325.56069481,974000
937.878,0.0438425,2,976,1000.0,856.9527885913849,-2.25597,-0.0441482,0.0,0.180718302727,3328.45068457,976000
941.646,0.0487262,2,978,1000.0,858.7495720386505,-2.24699,-0.0419994,0.0,0.155667722225,3329.03768808,978000
660.76,0.0505638,2,980,1000.0,860.5397937297821,-2.25096,-0.0467808,0.0,0.362680733204,3333.54953504,980000
1227.12,0.0470609,3,983,1000.0,862.3439328670502,-2.26255,-0.0410102,0.0,0.166419744492,3344.57314756,983000
849.205,0.0509074,2,985,1000.0,864.1268813610077,-2.26946,-0.0476639,0.0,0.25651037693,3350.38387653,985000
946.195,0.0776536,2,987,1000.0,865.9215095043182,-2.27688,-0.036409,0.0,0.1868968606,3354.15848606,987000
868.133,0.0461214,2,989,1000.0,867.7038331031799,-2.28666,-0.0484946,0.0,0.23457545042,3351.27272712,989000
949.225,0.0567611,2,991,1000.0,869.4996898174286,-2.30168,-0.0430386,0.0,0.251980364323,3397.98031016,991000
946.912,0.0457847,2,993,1000.0,871.2811441421509,-2.30987,-0.0432037,0.0,0.210349082947,3403.41545366,993000
884.071,0.0557155,2,995,1000.0,873.0780000686646,-2.32201,-0.0479328,0.0,0.410108566284,3429.63521884,995000
973.44,0.0540257,2,997,1000.0,874.8761904239655,-2.31835,-0.0452018,0.0,0.233735144138,3437.88081644,997000
861.392,0.0578717,2,999,1000.0,876.671769618988,-2.33204,-0.049675,0.0,0.439003705978,3439.7931328,999000
803.321,0.0363437,2,1001,1000.0,878.4528381824493,-2.3463,-0.0496152,0.0,0.371770322323,3441.82302171,1001000
