loss_ent,EpisodesSoFar,TimeElapsed,EpThisIter,loss_vf_loss,ev_tdlam_before,loss_kl,EpLenMean,loss_pol_surr,EpRewMean,TimestepsSoFar,loss_pol_entpen
8.51105,112,2.3321752548217773,112,6.57592,-0.0131466388702,0.0153795,18.28,-0.0427891,-1.0066171099,2035,0.0
8.49324,214,4.413772106170654,102,8.55363,0.237896740437,0.0211243,20.22,-0.0469955,1.85039960358,4091,0.0
8.44683,288,6.478161334991455,74,15.6885,0.248357117176,0.0204548,25.44,-0.04956,5.89196867482,6142,0.0
8.40286,336,8.53083610534668,48,28.6266,0.395075380802,0.019966,33.26,-0.0476726,10.2926085134,8134,0.0
8.37358,368,10.562366724014282,32,65.9826,0.502572804689,0.0162527,45.2,-0.0448844,20.8418531707,10196,0.0
8.323,392,12.609302997589111,24,59.0297,0.631363481283,0.0167386,59.75,-0.0456578,31.5269812729,12266,0.0
8.35555,405,14.656275510787964,13,89.3374,0.635276973248,0.0150521,75.05,-0.0430188,48.2283253458,14315,0.0
8.36229,418,16.712461233139038,13,111.721,0.682753354311,0.012115,86.52,-0.0397145,66.2050869342,16249,0.0
8.35539,428,18.75994372367859,10,117.025,0.774502500892,0.0132399,104.99,-0.0383808,81.7190511124,18364,0.0
8.34116,439,20.807135581970215,11,82.5445,0.794522836804,0.0147192,121.37,-0.0412954,104.005134597,20422,0.0
8.30235,450,22.8509521484375,11,106.134,0.749731838703,0.0131404,131.89,-0.0388416,120.915113179,22353,0.0
8.33634,462,24.88264560699463,12,100.037,0.858803853393,0.0113395,147.78,-0.0366875,143.653737029,24568,0.0
8.31767,471,26.916690826416016,9,88.1744,0.851930901408,0.011453,160.33,-0.0384549,161.328142329,26529,0.0
8.26365,480,28.954046964645386,9,67.1068,0.825752168894,0.0114303,174.7,-0.0387021,186.835153592,28561,0.0
8.2428,492,30.991716623306274,12,83.406,0.854604765773,0.0144592,184.38,-0.043726,206.015442863,30704,0.0
8.22913,502,33.05459713935852,10,52.1131,0.851539373398,0.0123495,185.69,-0.0409067,217.965347418,32676,0.0
8.22644,515,35.100698709487915,13,44.2237,0.914740309119,0.011503,190.38,-0.0404186,232.711290754,34808,0.0
8.23585,526,37.147353410720825,11,53.2122,0.918433077633,0.0140209,189.4,-0.0393049,244.23901452,36785,0.0
8.20653,538,39.17898869514465,12,62.1516,0.929963007569,0.0123924,186.8,-0.0344261,246.000915176,38836,0.0
8.19751,550,41.26117777824402,12,56.7619,0.935147479177,0.0164412,184.13,-0.0405008,245.458727908,40766,0.0
8.15192,563,43.29691457748413,13,63.9074,0.917885109782,0.0146073,182.49,-0.0393884,249.771921508,42937,0.0
8.12712,576,45.33555269241333,13,41.9289,0.947098255157,0.0129255,173.72,-0.0376954,246.788112098,45006,0.0
8.14819,588,47.3822124004364,12,29.408,0.940706055611,0.0124328,170.15,-0.0357117,252.324288802,47073,0.0
8.13207,601,49.4292209148407,13,25.1843,0.951038822532,0.012561,165.55,-0.0408882,251.656289022,49104,0.0
8.08922,612,51.49197959899902,11,43.8828,0.929076164961,0.0139098,166.55,-0.0404471,256.217876331,51024,0.0
8.09387,623,53.54120326042175,11,62.4119,0.940528515726,0.0163831,168.99,-0.0370266,256.142985712,53115,0.0
8.11912,635,55.60375213623047,12,45.0655,0.928459845483,0.0136668,167.01,-0.0431572,260.810052082,55070,0.0
8.03804,646,57.625101804733276,11,29.5802,0.95658326894,0.0150963,171.53,-0.0413803,272.827732856,57205,0.0
8.02037,657,59.67941474914551,11,46.68,0.949823334813,0.0139092,172.62,-0.037518,279.285911456,59318,0.0
8.03149,670,61.72858643531799,13,46.344,0.947891965508,0.0136045,173.63,-0.043645,285.978146243,61426,0.0
8.0247,680,63.78119945526123,10,39.9901,0.923699229956,0.0153977,178.13,-0.0384561,292.382428802,63398,0.0
8.01562,693,65.85107421875,13,29.6572,0.962397024035,0.0124567,174.87,-0.0421783,290.98295989,65447,0.0
7.96178,705,67.898752450943,12,25.0764,0.964564342052,0.0122646,177.58,-0.0435652,296.970964714,67530,0.0
7.90197,716,69.96033072471619,11,13.4614,0.978043055162,0.0135529,174.58,-0.037206,305.934739349,69459,0.0
7.87367,729,72.00741481781006,13,21.924,0.969657536596,0.0125627,173.5,-0.0403637,310.155938423,71569,0.0
7.83253,741,74.05458521842957,12,17.6607,0.977322475985,0.0138702,173.37,-0.0390333,314.767759038,73629,0.0
7.81079,754,76.10371851921082,13,30.621,0.953648995608,0.0136299,169.37,-0.0438108,316.437419344,75752,0.0
7.77537,763,78.16333174705505,9,16.4018,0.971218110994,0.0123299,175.38,-0.0387559,327.466520006,77792,0.0
7.75929,774,80.24167943000793,11,18.4065,0.969421884045,0.0113153,176.84,-0.0373081,336.033390398,79817,0.0
7.75891,785,82.29598665237427,11,17.8318,0.977476691827,0.013431,175.85,-0.0393541,339.353953579,81758,0.0
7.72226,797,84.3585557937622,12,28.0684,0.971411461011,0.0164385,178.21,-0.0425637,346.547919064,83851,0.0
7.66386,807,86.420170545578,10,15.5508,0.981831165031,0.0145665,180.99,-0.0423878,354.912703822,86009,0.0
7.63925,819,88.49939489364624,12,25.4931,0.969955084845,0.0159606,179.99,-0.0409764,352.258034232,87969,0.0
7.61661,833,90.5362536907196,14,17.6461,0.982843574136,0.0120962,178.99,-0.0426245,354.349899399,90062,0.0
7.5807,844,92.6007285118103,11,27.2295,0.966712705791,0.0153491,180.29,-0.0445583,358.236164825,92069,0.0
7.5312,854,94.70981335639954,10,24.236,0.96022631228,0.0133668,183.18,-0.0396058,360.516086591,94070,0.0
7.48749,866,96.74190640449524,12,30.9718,0.963065050542,0.0136942,179.31,-0.0459251,356.709801418,96238,0.0
7.48122,876,98.7920069694519,10,16.5048,0.979705195874,0.0127689,180.44,-0.0468053,360.62532531,98211,0.0
7.4887,887,100.84194350242615,11,18.6636,0.977477153763,0.0147313,181.52,-0.0452012,362.129890519,100259,0.0
7.4944,898,102.90558910369873,11,15.5136,0.986858516,0.0117265,181.13,-0.0407669,363.717602883,102270,0.0
7.44498,909,104.95250940322876,11,13.3056,0.989726959728,0.0141854,179.12,-0.0485428,361.318155294,104264,0.0
7.44715,920,106.99844336509705,11,17.2445,0.980943916366,0.0152303,181.42,-0.0468886,368.297101386,106315,0.0
7.40163,931,109.04569172859192,11,17.6907,0.985170048662,0.0150707,186.43,-0.0418981,378.361613139,108432,0.0
7.37311,943,111.09313797950745,12,22.4748,0.978958398104,0.0166289,186.1,-0.04619,381.421691361,110472,0.0
7.32069,955,113.1633939743042,12,17.2668,0.984835090116,0.0160262,182.21,-0.0484067,382.220238193,112505,0.0
7.29576,966,115.21149802207947,11,18.1826,0.976617272943,0.0152403,184.14,-0.0465747,389.290671903,114652,0.0
7.27352,977,117.2584400177002,11,15.0329,0.97935285978,0.0143843,182.16,-0.0509434,390.366445276,116620,0.0
7.24316,989,119.2969765663147,12,27.0479,0.977319704369,0.0175823,180.56,-0.0450007,392.453936436,118673,0.0
7.20736,1001,121.35471391677856,12,36.1214,0.953653343022,0.014243,179.49,-0.0458797,392.775502249,120688,0.0
7.17663,1014,123.40568780899048,13,56.8713,0.945774465799,0.0145358,176.07,-0.0487659,391.386830994,122879,0.0
7.16266,1026,125.43567824363708,12,51.2853,0.949252933264,0.0141201,172.2,-0.0427676,390.202505508,124801,0.0
7.14526,1038,127.53124022483826,12,28.2362,0.9744077418,0.0170407,173.3,-0.0525487,395.893191977,126913,0.0
7.14665,1049,129.55430030822754,11,27.5523,0.980486592278,0.012652,174.71,-0.0503563,401.372793296,128914,0.0
7.09612,1062,131.60464429855347,13,32.2138,0.974462704733,0.019366,171.74,-0.0457903,401.009128122,130977,0.0
7.09216,1073,133.6406877040863,11,31.7507,0.970612967387,0.0147273,171.43,-0.0517028,403.661497926,133050,0.0
7.03041,1084,135.71067237854004,11,35.4703,0.960901845247,0.0165047,171.22,-0.0537974,403.393260827,134949,0.0
6.99253,1095,137.77544021606445,11,46.1285,0.97336631082,0.0144381,174.06,-0.0481686,413.541952256,137111,0.0
6.92186,1106,139.81319379806519,11,28.2855,0.978902950883,0.0158126,175.81,-0.0556817,419.014521676,139215,0.0
6.91278,1118,141.89540910720825,12,35.2749,0.975506324321,0.01597,177.3,-0.0540847,424.864040107,141223,0.0
6.95068,1130,143.94534611701965,12,39.5484,0.975892832503,0.0167253,176.93,-0.0461203,425.849072316,143217,0.0
6.93175,1140,146.02331066131592,10,25.7064,0.978735189885,0.0136889,180.58,-0.0494821,430.574640391,145336,0.0
6.90294,1151,148.0725359916687,11,30.3423,0.976821212098,0.0128211,181.77,-0.0426823,435.708263058,147401,0.0
6.89591,1163,150.10757517814636,12,46.7043,0.961181908846,0.0129334,181.16,-0.0512776,434.353893048,149311,0.0
6.89755,1175,152.16360998153687,12,45.6939,0.968008194119,0.0163747,180.31,-0.0518637,432.874605524,151525,0.0
6.80989,1185,154.22591400146484,10,27.2295,0.975594708696,0.0197031,181.98,-0.0488872,439.214692339,153387,0.0
6.76514,1196,156.2810184955597,11,44.0711,0.969196531922,0.0175786,181.99,-0.0543997,441.413569125,155507,0.0
6.77428,1208,158.31151223182678,12,44.7873,0.945609267801,0.0177122,181.44,-0.0516631,440.620170053,157597,0.0
6.78145,1221,160.36050033569336,13,47.0128,0.971263729036,0.0165221,179.49,-0.046594,442.139886193,159705,0.0
6.72811,1231,162.41691040992737,10,45.1543,0.97166736424,0.0261672,182.53,-0.054008,452.290412964,161662,0.0
6.65743,1242,164.46388292312622,11,77.452,0.96043163538,0.0193761,180.11,-0.0486075,455.458310707,163759,0.0
6.61866,1253,166.5451374053955,11,77.3074,0.962016493082,0.0180583,180.19,-0.053406,458.969085474,165724,0.0
6.6099,1266,168.59810400009155,13,78.6905,0.950503136963,0.019031,179.35,-0.053305,464.159479756,167919,0.0
6.53373,1276,170.66320991516113,10,84.3498,0.93510171026,0.0173614,181.17,-0.0520753,472.821753139,169919,0.0
6.53836,1287,172.694815158844,11,44.9937,0.971216954291,0.0200421,181.26,-0.0509698,481.008505356,171965,0.0
6.50507,1298,174.75712490081787,11,112.693,0.94858495146,0.0219287,181.72,-0.0549493,486.827464636,174032,0.0
6.4624,1308,176.8038330078125,10,45.7955,0.974855093285,0.0229048,184.67,-0.0523794,504.891971793,176064,0.0
6.43938,1317,178.8505244255066,9,42.6928,0.976701075211,0.0162874,189.45,-0.0521268,519.645058166,178026,0.0
6.4111,1327,180.91576647758484,10,60.0457,0.970840325579,0.0181109,191.87,-0.0611535,534.877105686,180119,0.0
6.35826,1336,182.9689884185791,9,41.6899,0.979677245021,0.0181215,194.86,-0.0601147,546.15075298,182113,0.0
6.32431,1347,185.0066683292389,11,41.5109,0.984786650166,0.0219682,195.66,-0.0554667,560.104847775,184318,0.0
6.31985,1356,187.03872156143188,9,43.9402,0.979687895626,0.0191516,199.98,-0.0540159,575.989804471,186254,0.0
6.31354,1365,189.10468339920044,9,51.5439,0.974254446104,0.0167534,204.79,-0.0519947,593.610512102,188265,0.0
6.26314,1374,191.16327595710754,9,53.3817,0.974859593436,0.0196085,210.24,-0.0558116,607.894044456,190449,0.0
6.21565,1383,193.19466614723206,9,67.6844,0.965621776879,0.0225922,211.69,-0.0614636,612.744955878,192369,0.0
6.19392,1394,195.25722408294678,11,78.4724,0.963366985321,0.0182852,212.17,-0.053453,618.512372401,194529,0.0
6.17473,1403,197.28868007659912,9,74.1911,0.964908760041,0.0258485,215.17,-0.0553948,632.169717893,196535,0.0
6.15204,1412,199.35227489471436,9,38.6571,0.983323387802,0.0184576,215.17,-0.0564955,633.324994199,198519,0.0
6.13882,1423,201.38473892211914,11,93.1544,0.914501436055,0.0206552,213.8,-0.0513499,628.936451918,200668,0.0
6.10785,1431,203.4159276485443,8,57.4009,0.968901949003,0.020462,215.11,-0.054434,640.347565423,202627,0.0
6.09657,1440,205.45222926139832,9,48.9385,0.977454731241,0.0220902,218.48,-0.0563845,648.086791899,204705,0.0
6.07795,1450,207.49993753433228,10,91.6445,0.967096835375,0.0188477,218.71,-0.0568408,649.30229058,206793,0.0
6.04709,1461,209.5542607307434,11,103.437,0.96579637751,0.0191006,214.2,-0.0582375,634.009936328,208795,0.0
6.00558,1469,211.58571338653564,8,51.4794,0.976696696132,0.0190768,214.41,-0.0602872,643.580494138,210817,0.0
5.96052,1478,213.6661901473999,9,89.4222,0.966396022588,0.0198855,215.0,-0.0589404,651.227779884,212849,0.0
5.93531,1487,215.71853351593018,9,57.0636,0.975030722097,0.0211249,217.24,-0.0597654,661.751847512,214957,0.0
5.9158,1496,217.75017476081848,9,53.1139,0.977991731837,0.0208071,220.62,-0.0554968,672.079566468,217074,0.0
5.87341,1504,219.78816318511963,8,70.9289,0.961829096079,0.0243692,222.72,-0.0616536,679.56551793,219028,0.0
5.85367,1512,221.8508915901184,8,63.911,0.970758659765,0.0209375,223.91,-0.0569596,683.792458373,220910,0.0
5.82495,1520,223.8979799747467,8,79.4627,0.969409318641,0.0187808,228.91,-0.0663895,701.586318376,223186,0.0
5.79022,1528,225.92973804473877,8,70.1843,0.973843308166,0.0197173,233.21,-0.0597988,717.406217215,225136,0.0
5.77926,1535,227.97573709487915,7,74.5321,0.967055119574,0.0201114,235.49,-0.0608193,730.711191255,227136,0.0
5.78476,1543,230.0204315185547,8,84.52,0.963955756277,0.0192223,239.57,-0.0582475,746.355550815,229328,0.0
5.78421,1550,232.05536127090454,7,97.6581,0.966622594744,0.020623,245.83,-0.0575956,768.143627232,231376,0.0
5.76739,1556,234.0980498790741,6,94.502,0.960977874696,0.0288525,253.69,-0.0548603,797.688311442,233191,0.0
5.73583,1564,236.14328956604004,8,73.5159,0.974190274253,0.0205151,258.82,-0.0634789,822.866783436,235439,0.0
5.70688,1571,238.179044008255,7,93.6982,0.940220251679,0.0206662,260.04,-0.0593246,820.975449169,237304,0.0
5.69041,1578,240.22577452659607,7,82.3913,0.971161670983,0.0188608,264.58,-0.0614021,839.660475548,239307,0.0
5.67605,1585,242.28807640075684,7,87.2209,0.972973147407,0.0197017,270.89,-0.0616981,867.292468071,241599,0.0
5.66035,1593,244.33531022071838,8,91.9082,0.97352617979,0.0199142,272.29,-0.0604167,874.240992984,243553,0.0
5.63904,1601,246.38196921348572,8,70.8078,0.980217818171,0.021391,271.58,-0.0617865,871.257420076,245557,0.0
5.60241,1609,248.41303157806396,8,73.7481,0.971211746335,0.0223724,275.76,-0.063669,890.928114631,247771,0.0
5.56094,1617,250.45997500419617,8,116.66,0.964986264706,0.0265828,274.67,-0.0632991,895.032023616,249773,0.0
5.55612,1625,252.4930100440979,8,72.0633,0.974951028824,0.0234165,272.07,-0.066582,883.968553311,251739,0.0
5.51156,1633,254.54180121421814,8,124.853,0.948932107538,0.0189703,272.82,-0.0607122,882.534705325,253856,0.0
5.49905,1640,256.57822823524475,7,89.5618,0.965694107115,0.0204288,275.77,-0.0654758,894.636151747,255981,0.0
5.50012,1645,258.6178777217865,5,75.7245,0.96328042075,0.021303,278.79,-0.0608389,905.087380359,257856,0.0
5.4943,1651,260.6502275466919,6,91.3539,0.975056467578,0.0192651,281.97,-0.0614935,921.408259193,259812,0.0
5.47943,1659,262.68599939346313,8,55.5133,0.974682515487,0.0209054,280.55,-0.0626518,916.38181825,262065,0.0
5.47963,1665,264.7339518070221,6,122.472,0.964941285551,0.0222506,281.6,-0.0615833,927.632231574,264129,0.0
5.44818,1671,266.781081199646,6,73.6525,0.976739987731,0.0255214,286.16,-0.0646132,948.997733316,265920,0.0
5.44011,1677,268.81944251060486,6,109.617,0.956742275506,0.0200954,288.94,-0.0573477,960.599665078,267886,0.0
5.43137,1682,270.8349642753601,5,67.4011,0.967833831906,0.0207385,295.4,-0.0583967,988.891956506,270109,0.0
5.40179,1688,272.88165974617004,6,123.46,0.961723193526,0.0215501,296.79,-0.0619901,996.912544044,272072,0.0
5.38428,1694,274.9596838951111,6,79.5038,0.977378036827,0.0216084,304.31,-0.0609632,1029.5853071,274211,0.0
5.35474,1701,276.9911103248596,7,115.88,0.970975352451,0.0210526,306.82,-0.0650393,1042.10069466,276239,0.0
5.34868,1706,279.03876280784607,5,85.3137,0.973962156102,0.0177335,312.09,-0.0578433,1068.86849725,278266,0.0
5.32864,1713,281.0728597640991,7,107.471,0.963100526482,0.0211203,319.28,-0.0588747,1098.02117373,280561,0.0
5.31705,1717,283.10927271842957,4,101.48,0.971589120105,0.0200299,325.79,-0.0573348,1125.14692524,282352,0.0
5.31651,1722,285.1408088207245,5,98.7898,0.966652952135,0.0231309,333.88,-0.0665236,1163.54032765,284433,0.0
5.33324,1728,287.17854595184326,6,104.707,0.97490279749,0.0210547,336.17,-0.0614959,1172.56253174,286340,0.0
5.32231,1734,289.21053171157837,6,74.1001,0.976806323975,0.0223031,344.45,-0.0595771,1206.81162523,288470,0.0
5.29997,1739,291.2573118209839,5,71.9253,0.98031135276,0.0213106,350.58,-0.0628912,1231.70783346,290791,0.0
5.29597,1746,293.3044230937958,7,83.3159,0.976562289521,0.0214187,347.0,-0.0659864,1221.83015415,292861,0.0
5.31053,1751,295.32223773002625,5,67.0981,0.97528247349,0.0258816,350.86,-0.0650002,1240.08125034,294898,0.0
5.29436,1755,297.3589301109314,4,91.2912,0.969874069095,0.0238829,359.32,-0.0590745,1277.03498446,296804,0.0
5.30519,1760,299.38987970352173,5,119.759,0.959767244756,0.0225845,363.7,-0.061383,1292.7491975,298791,0.0
5.28439,1766,301.42197132110596,6,92.0505,0.9714392405,0.0233396,362.06,-0.0634359,1284.72975891,300682,0.0
5.19605,1771,303.4954717159271,5,81.5691,0.977464951575,0.0222776,371.64,-0.0626007,1325.22347679,303084,0.0
5.16237,1775,305.5153865814209,4,118.357,0.96792043373,0.0249717,380.07,-0.0612572,1360.75476673,304960,0.0
5.13963,1779,307.5741174221039,4,86.9178,0.973178265616,0.0236805,378.37,-0.059367,1353.71285392,306798,0.0
5.10103,1783,309.6012842655182,4,120.166,0.958409309387,0.0254021,386.7,-0.0676265,1389.00164096,309068,0.0
5.08545,1787,311.63165187835693,4,95.6518,0.941010903567,0.0306365,389.57,-0.0673825,1395.41145202,310638,0.0
5.05772,1791,313.67860770225525,4,63.3451,0.982547374442,0.0241265,400.08,-0.059568,1439.30766451,313165,0.0
5.05662,1797,315.72556829452515,6,164.085,0.954577099532,0.0208152,403.42,-0.0609286,1452.6448415,315292,0.0
5.05813,1802,317.7725787162781,5,102.013,0.972252935171,0.0245609,407.73,-0.0666821,1470.35596827,317422,0.0
5.06612,1806,319.788503408432,4,85.5318,0.970406740904,0.0251806,411.11,-0.064853,1483.73796351,319377,0.0
5.07166,1810,321.84073972702026,4,90.2185,0.970335815102,0.025383,412.19,-0.0624403,1487.96548911,320835,0.0
5.06728,1815,323.8815281391144,5,121.756,0.970442000777,0.0215076,420.79,-0.0634361,1523.8066512,323578,0.0
5.01312,1819,325.91388392448425,4,80.3768,0.968196172267,0.0283922,421.09,-0.0627784,1523.17900724,325405,0.0
4.99927,1823,327.94726276397705,4,131.854,0.960012052208,0.023887,423.35,-0.0625299,1535.42016994,327081,0.0
4.98936,1828,329.9838271141052,5,112.009,0.947848238051,0.0256095,430.38,-0.0567546,1561.01384989,329378,0.0
4.98286,1832,332.01381373405457,4,92.4605,0.965149756521,0.0302945,433.62,-0.0644937,1578.61331426,331158,0.0
4.95046,1837,334.06246733665466,5,129.343,0.963324096054,0.0202446,440.62,-0.0605782,1610.58442953,333814,0.0
4.92407,1840,336.101021528244,3,66.4158,0.971037883312,0.0261535,444.62,-0.065516,1632.67931529,335508,0.0
4.89048,1844,338.1325993537903,4,135.333,0.948847070336,0.0267373,447.64,-0.0641685,1647.31434924,337118,0.0
4.90553,1849,340.1648814678192,5,147.897,0.943620815873,0.0256501,457.67,-0.0604438,1683.22492825,339920,0.0
4.91403,1851,342.17922163009644,2,614.27,0.808594956994,0.0267309,467.47,-0.0387316,1724.10263517,341645,0.0
4.92784,1855,344.21152782440186,4,98.5476,0.958503272384,0.024829,469.23,-0.06538,1731.04359792,343727,0.0
4.87687,1860,346.24186730384827,5,118.683,0.968139003962,0.0294874,470.44,-0.0665427,1736.34148632,345835,0.0
4.87521,1865,348.274049282074,5,126.745,0.970119317994,0.0290705,475.16,-0.0639373,1760.80182973,347904,0.0
4.87219,1870,350.3041105270386,5,112.89,0.968343451619,0.031488,474.96,-0.0705408,1763.40782216,350120,0.0
4.83176,1874,352.332236289978,4,96.8259,0.963609222323,0.0345041,476.17,-0.0647058,1771.45553712,352192,0.0
4.82068,1876,354.3825755119324,2,142.601,0.93488561362,0.0263961,484.25,-0.0610647,1801.7245844,354028,0.0
4.80244,1879,356.4010217189789,3,628.175,0.850259572268,0.0217448,495.12,-0.0411888,1848.75625459,356310,0.0
4.79861,1882,358.4516804218292,3,108.342,0.963525433093,0.0287088,488.72,-0.0655559,1824.16024771,357578,0.0
4.78338,1885,360.4673936367035,3,760.038,0.844196289778,0.0214429,499.96,-0.0420758,1883.38907229,359937,0.0
4.77126,1890,362.5153224468231,5,80.0613,0.979715945199,0.0312225,495.27,-0.0657164,1868.38266653,362292,0.0
4.73768,1894,364.5467007160187,4,386.737,0.91567889601,0.020921,499.93,-0.0430558,1892.56440794,364529,0.0
4.73601,1898,366.5778031349182,4,138.329,0.942235361785,0.0271887,505.56,-0.0663024,1914.25845244,366382,0.0
4.71254,1902,368.60935401916504,4,227.435,0.924714840949,0.0261663,510.64,-0.0549123,1940.41281663,368486,0.0
4.6762,1905,370.63229513168335,3,641.448,0.853002950549,0.0291423,513.35,-0.0441183,1951.76701997,370342,0.0
4.6466,1909,372.67856669425964,4,721.708,0.864341452718,0.0382169,523.18,-0.0484331,1996.09051453,372723,0.0
4.61205,1913,374.7098321914673,4,102.167,0.966702573001,0.0298452,516.59,-0.0594638,1972.35634783,374572,0.0
4.57993,1916,376.74189615249634,3,78.1259,0.967312090099,0.0304907,524.11,-0.0697276,2004.4890863,376542,0.0
4.55913,1920,378.7726454734802,4,104.121,0.948896545917,0.035486,528.35,-0.0595148,2025.06368551,378531,0.0
4.47523,1923,380.81953740119934,3,72.4588,0.976791482419,0.0342685,536.34,-0.0690798,2062.66889178,380715,0.0
4.44534,1927,382.8506073951721,4,68.0328,0.980439053848,0.0315938,539.06,-0.0667291,2086.52452158,382963,0.0
4.44228,1929,384.8690423965454,2,59.7103,0.964342024177,0.0277394,542.64,-0.0594023,2105.72173466,384156,0.0
4.42842,1933,386.885617017746,4,88.117,0.963759273291,0.0230835,549.62,-0.0574798,2136.65370646,386812,0.0
4.42709,1935,388.9219377040863,2,91.3762,0.958806518465,0.0348652,554.8,-0.0636842,2160.35810472,388368,0.0
4.40852,1938,390.9604666233063,3,118.497,0.946964763105,0.030518,562.51,-0.0575384,2193.57172613,390361,0.0
4.39493,1941,392.99134707450867,3,194.809,0.895473316312,0.031495,564.92,-0.0483683,2202.86630413,392546,0.0
4.36328,1944,395.03164196014404,3,735.884,0.85095988214,0.026193,574.89,-0.0398375,2250.84812873,394607,0.0
4.32859,1946,397.06991600990295,2,684.339,0.792223930359,0.0300954,581.46,-0.0319872,2290.93223244,396581,0.0
4.30764,1949,399.08937311172485,3,708.102,0.793494880199,0.0305443,592.81,-0.0453182,2343.85768091,399201,0.0
4.28354,1951,401.1246678829193,2,81.5896,0.956234227866,0.030019,589.79,-0.0643477,2334.20064707,400624,0.0
4.24886,1955,403.14038610458374,4,460.354,0.899432361126,0.028371,594.22,-0.0420634,2362.71330247,403149,0.0
4.26111,1957,405.17858242988586,2,1100.19,0.7596385777,0.0253025,605.58,-0.0403971,2417.71372501,405149,0.0
4.22543,1960,407.1949882507324,3,764.93,0.778770729899,0.0381021,613.92,-0.0412712,2457.6819179,407227,0.0
4.20803,1962,409.2261848449707,2,753.626,0.819011703134,0.0343025,621.09,-0.0467533,2490.65600323,408793,0.0
4.25628,1967,411.2578890323639,5,404.677,0.906768381596,0.032072,627.01,-0.0435393,2509.94489438,411237,0.0
4.24192,1971,413.29666209220886,4,118.335,0.965540334582,0.0335104,630.96,-0.0618464,2528.34524303,413547,0.0
4.28693,1974,415.32665395736694,3,772.495,0.851373016834,0.0294294,633.96,-0.0389137,2546.84279136,415588,0.0
4.26862,1977,417.3592131137848,3,777.905,0.874744638801,0.0245532,624.51,-0.0333629,2516.6112888,417479,0.0
4.21607,1980,419.39033007621765,3,164.522,0.948973476887,0.0288163,631.77,-0.0619513,2554.904414,419732,0.0
4.1792,1982,421.4213581085205,2,66.1649,0.977292124182,0.0346894,637.26,-0.0685259,2581.96548719,421304,0.0
4.16579,1985,423.4513282775879,3,37.2208,0.986491679214,0.0409759,636.84,-0.063029,2579.14501073,423621,0.0
4.14852,1988,425.48387336730957,3,56.9558,0.982931129634,0.0331901,642.49,-0.063644,2603.35964761,425565,0.0
4.13062,1990,427.53796792030334,2,734.598,0.84479123354,0.0358899,652.4,-0.0342893,2649.72241775,427532,0.0
4.11263,1994,429.56929898262024,4,520.464,0.881508514285,0.0311753,654.75,-0.0464428,2660.81313314,430004,0.0
4.10678,1996,431.60071325302124,2,764.741,0.796181619167,0.0393255,666.9,-0.0329982,2720.71692237,431746,0.0
4.09949,1999,433.6320114135742,3,605.412,0.861683174968,0.0347304,668.18,-0.0431891,2733.35521737,433717,0.0
4.07807,2002,435.7101893424988,3,762.036,0.838094636798,0.0340003,673.37,-0.0420372,2758.86306017,435823,0.0
4.04012,2005,437.7573137283325,3,768.156,0.870091304183,0.0634754,678.38,-0.0309932,2785.21495924,438180,0.0
3.98196,2008,439.7730393409729,3,73.9471,0.926464192569,0.0362333,683.71,-0.0608492,2806.04672835,440094,0.0
3.97204,2010,441.8044202327728,2,142.703,0.885145060718,0.0359099,686.96,-0.0493334,2824.8645818,441977,0.0
3.98714,2013,443.8490574359894,3,76.943,0.957492083311,0.198197,696.95,-0.0507007,2869.95294141,444267,0.0
3.98254,2015,445.8824121952057,2,573.149,0.842726409435,0.020398,700.69,-0.0361647,2892.14461344,446016,0.0
3.98442,2017,447.9443726539612,2,747.745,0.831679403782,0.0248944,705.48,-0.0385639,2915.77962937,447538,0.0
3.98055,2020,449.97655177116394,3,1424.31,0.439849793911,0.0273044,720.07,-0.036193,2983.48130787,450538,0.0
3.96889,2022,452.0372169017792,2,778.125,0.782235234976,0.0453558,725.2,-0.0407069,3008.70184351,452362,0.0
3.95211,2025,454.08531165122986,3,98.8044,0.95141697675,0.0353757,727.48,-0.070218,3019.28304578,454281,0.0
3.8861,2028,456.13230872154236,3,72.4102,0.977675639093,0.0307816,725.24,-0.0669032,3011.16417149,456035,0.0
3.88545,2031,458.1793508529663,3,530.897,0.763386160135,0.032065,728.6,-0.0453329,3030.45288826,458453,0.0
3.89423,2033,460.210440158844,2,1430.36,0.466049909592,0.0301957,736.41,-0.0493035,3064.00301006,460453,0.0
3.85998,2035,462.2645652294159,2,827.104,0.75610679388,0.0358264,738.4,-0.0437909,3077.16893996,462208,0.0
3.85223,2039,464.2950122356415,4,131.444,0.957759764045,0.0413294,732.26,-0.061727,3056.9223923,464587,0.0
3.84075,2042,466.32795310020447,3,771.888,0.830013975501,0.0401751,732.94,-0.0460878,3064.72801205,466840,0.0
3.82088,2044,468.3439803123474,2,522.432,0.528424948454,0.0411763,742.33,-0.0392145,3109.46808755,468840,0.0
3.83474,2047,470.3819282054901,3,81.9521,0.942437808961,0.0450899,731.03,-0.060338,3058.13080283,470684,0.0
3.84019,2050,472.4285650253296,3,90.6036,0.979447385296,0.0336151,729.27,-0.0603158,3057.0108756,472674,0.0
3.81515,2053,474.46004271507263,3,774.318,0.823242649436,0.0543908,726.8,-0.0523583,3046.1771151,474846,0.0
3.81285,2055,476.4759542942047,2,787.341,0.781529381871,0.0374073,736.64,-0.0281018,3094.18004516,476813,0.0
3.76441,2058,478.50701570510864,3,78.4807,0.966271683574,0.0427401,733.6,-0.0668883,3087.03159803,478865,0.0
3.75863,2062,480.53866243362427,4,646.015,0.887642495334,0.0296127,724.83,-0.0413313,3051.43178263,481276,0.0
3.75043,2064,482.6008176803589,2,717.006,0.794871464372,0.0267549,728.11,-0.0458124,3077.63958305,482742,0.0
3.73932,2067,484.6348295211792,3,648.903,0.838197425008,0.034063,739.58,-0.0571483,3133.48304612,485195,0.0
3.70474,2069,486.65626645088196,2,83.3788,0.973864058033,0.0374442,742.54,-0.0655606,3149.01064769,486849,0.0
3.71414,2074,488.6950783729553,5,86.0245,0.969645297155,0.0392103,738.62,-0.0671295,3133.76883376,489450,0.0
3.70142,2076,490.7260410785675,2,56.9223,0.983062747866,0.0363899,742.9,-0.0650515,3156.49067913,491214,0.0
3.73074,2078,492.7410340309143,2,114.124,0.951174750924,0.031842,746.06,-0.0597813,3172.81183864,493085,0.0
3.68231,2081,494.7730369567871,3,201.442,0.907888166606,0.0322093,750.32,-0.0588439,3190.86060565,495520,0.0
3.65228,2084,496.80420875549316,3,130.094,0.960898764431,0.0407486,746.7,-0.0715725,3178.77904328,497378,0.0
3.63723,2088,498.85082030296326,4,853.563,0.89904473722,0.0283626,740.81,-0.0412141,3156.5479187,499646,0.0
3.61458,2091,500.881715297699,3,73.0811,0.974023055285,0.0316379,734.34,-0.0655679,3131.89468894,501489,0.0
3.60109,2093,502.9137089252472,2,89.8906,0.935594409704,0.0326721,735.66,-0.0625317,3140.20394144,502820,0.0
3.61353,2097,504.93150448799133,4,184.564,0.896116346121,0.0302901,728.52,-0.0505874,3109.02955832,505598,0.0
3.58633,2100,506.95397329330444,3,146.169,0.913386687636,0.0415783,731.05,-0.0710041,3123.53276243,507462,0.0
3.56808,2102,508.97545409202576,2,502.504,0.83811584115,0.0300494,732.04,-0.048799,3130.90836314,509027,0.0
3.58515,2106,511.00745034217834,4,177.564,0.957111883909,0.038267,730.19,-0.0646813,3130.91135621,511724,0.0
3.56392,2109,513.0406475067139,3,444.786,0.778977870941,0.031757,725.46,-0.0491475,3113.42574568,513640,0.0
3.56,2111,515.0626294612885,2,179.156,0.888746738434,0.0382428,724.44,-0.0638078,3112.33110718,515249,0.0
3.51913,2114,517.101087808609,3,204.569,0.908678852022,0.0371555,725.05,-0.0716967,3116.92718499,517772,0.0
3.51273,2116,519.1476349830627,2,989.272,0.756813034415,0.0265656,728.74,-0.0479774,3134.2236297,519412,0.0
3.53197,2119,521.1798803806305,3,849.742,0.792078480124,0.0478224,721.45,-0.0471795,3106.69970686,521683,0.0
3.49018,2121,523.1942486763,2,129.17,0.937330104411,0.0302,720.65,-0.0667929,3103.48767088,523427,0.0
3.44869,2124,525.2266681194305,3,948.094,0.683216363192,0.030855,724.33,-0.053291,3120.77219831,526073,0.0
3.4375,2126,527.2616515159607,2,272.045,0.870911762118,0.0311999,728.94,-0.0540782,3142.83266741,527872,0.0
3.37633,2129,529.2722656726837,3,444.417,0.851673677564,0.0297265,728.39,-0.0474618,3142.24745698,529874,0.0
3.35575,2132,531.3349015712738,3,956.793,0.702832609415,0.0391932,725.25,-0.0577592,3128.92738639,531978,0.0
3.34158,2136,533.3550345897675,4,799.087,0.842652574182,0.0399128,710.65,-0.0531799,3062.93703974,534098,0.0
3.35941,2138,535.3973679542542,2,599.005,0.767039701343,0.105144,716.06,-0.0481353,3086.58851866,535687,0.0
3.34,2140,537.4286003112793,2,1490.0,0.573846310377,0.0369609,724.48,-0.0493959,3128.39781293,537687,0.0
3.31423,2144,539.4599487781525,4,86.6788,0.957090508193,0.0447788,714.88,-0.069716,3085.18655889,540328,0.0
3.32118,2148,541.4913897514343,4,205.094,0.913173861802,0.0399451,710.86,-0.0522719,3069.39892435,542551,0.0
3.31392,2151,543.5071744918823,3,85.7612,0.927570670843,0.0626981,708.54,-0.0550081,3061.79115888,544528,0.0
3.27329,2153,545.5541214942932,2,340.677,0.798190489411,0.0324407,716.64,-0.0623087,3094.31974109,546510,0.0
3.2565,2156,547.5698890686035,3,795.827,0.713122338057,0.0278556,715.51,-0.0551863,3084.16365981,548841,0.0
3.18369,2158,549.601197719574,2,220.208,0.813098952174,0.0388667,715.77,-0.0580398,3086.36351461,550442,0.0
3.17684,2161,551.6171815395355,3,309.111,0.823447465897,0.0385695,720.04,-0.0587807,3107.44330562,552812,0.0
3.16567,2163,553.6475448608398,2,862.417,0.774277582765,0.0474717,723.46,-0.0431407,3123.10781724,554622,0.0
3.1457,2166,555.6632385253906,3,112.504,0.943720508367,0.0451737,718.16,-0.0724188,3100.27082451,556318,0.0
3.14049,2168,557.6945350170135,2,504.778,0.651609152555,0.0275139,722.15,-0.04488,3114.20892276,558318,0.0
3.1468,2171,559.7258896827698,3,1208.28,0.713826835155,0.0393275,726.69,-0.0377781,3135.26284296,560777,0.0
3.13858,2173,561.757271528244,2,276.076,0.864097684622,0.0445348,733.87,-0.0728075,3169.80593665,562313,0.0
3.13565,2176,563.7885971069336,3,872.229,0.752573385835,0.0433564,735.95,-0.0622374,3177.07269137,564809,0.0
3.11363,2178,565.8349738121033,2,1337.54,0.429213523865,0.0355359,737.24,-0.0336518,3176.43825691,566809,0.0
3.07137,2180,567.8818275928497,2,934.781,0.307539582253,0.0360444,738.98,-0.0424171,3187.12541499,568809,0.0
3.11124,2183,569.8986847400665,3,113.4,0.923542670906,0.0410616,743.31,-0.0726992,3205.8236317,571250,0.0
3.09278,2185,571.9290742874146,2,482.028,0.569166630507,0.0247855,755.24,-0.0440457,3261.8914258,573250,0.0
3.11884,2188,573.9962627887726,3,135.269,0.942782819271,0.0387602,752.3,-0.0652947,3247.65819099,574876,0.0
3.08919,2191,576.0371198654175,3,847.426,0.800303012133,0.0411684,756.63,-0.0555269,3266.60331721,577152,0.0
3.07545,2194,578.0696430206299,3,151.397,0.936825871468,0.0522119,755.7,-0.0653202,3259.1681715,579390,0.0
3.11089,2196,580.1253106594086,2,1209.04,0.308416604996,0.032168,761.05,-0.0448586,3282.01721536,581390,0.0
3.05629,2198,582.1630275249481,2,221.275,0.755090326071,0.0498249,769.22,-0.0727589,3321.47771402,583165,0.0
3.04784,2201,584.1805062294006,3,127.546,0.948970258236,0.0368635,769.67,-0.0643152,3322.73212885,584994,0.0
3.03189,2205,586.209981918335,4,826.924,0.858134612441,0.0452016,765.42,-0.0469655,3303.97750482,587762,0.0
3.01991,2207,588.2422125339508,2,767.455,0.746847569942,0.0494551,773.28,-0.040397,3338.64342166,589667,0.0
3.01139,2209,590.3044879436493,2,119.998,0.805508509278,0.039675,773.44,-0.0438176,3340.10603195,590984,0.0
3.07751,2212,592.337564945221,3,840.694,0.71311751008,0.0525068,775.13,-0.0589844,3345.60991277,593762,0.0
3.05,2214,594.3550198078156,2,528.638,0.769312918186,0.0269904,774.91,-0.040964,3345.33554292,595263,0.0
3.03992,2216,596.3817827701569,2,1192.91,0.402307569981,0.0353064,778.51,-0.0410352,3361.4895998,597263,0.0
3.04701,2218,598.4041786193848,2,167.648,0.741604030132,0.231235,785.8,-0.0538645,3396.65193289,599263,0.0
3.05058,2221,600.4377217292786,3,1343.33,0.670693874359,0.0361382,781.21,-0.0406866,3376.46368315,601548,0.0
3.04336,2224,602.4765198230743,3,1433.34,0.650926858187,0.0395093,779.25,-0.0436094,3369.85943576,603998,0.0
3.05427,2226,604.5231699943542,2,676.958,0.743372619152,0.0576135,778.69,-0.0382701,3367.29133358,605741,0.0
3.06231,2228,606.5538170337677,2,189.194,0.849791094661,0.0565668,787.47,-0.0625897,3410.17596582,607621,0.0
3.04908,2231,608.600686788559,3,522.001,0.875590413809,0.0317713,787.64,-0.0461809,3409.14635917,610082,0.0
3.0199,2233,610.6321113109589,2,78.9415,0.91647862643,0.0517639,787.12,-0.0737292,3413.1077092,611690,0.0
3.0224,2238,612.6509621143341,5,206.889,0.893581874669,0.0401304,783.33,-0.0684253,3401.73634889,614020,0.0
2.97803,2240,614.6858949661255,2,59.0349,0.976478205994,0.0425272,779.98,-0.0632615,3390.30049754,615685,0.0
2.9728,2244,616.7025933265686,4,1586.46,0.749959230423,0.0375846,780.9,-0.0582383,3400.40525646,618418,0.0
2.9477,2246,618.7339358329773,2,408.421,0.8454567343,0.0319808,789.42,-0.0436818,3438.37565105,620103,0.0
2.92024,2249,620.765459060669,3,713.562,0.870709002018,0.0411525,792.37,-0.0481617,3452.72170767,622341,0.0
2.88395,2252,622.7968492507935,3,100.605,0.963375747204,0.0447765,786.11,-0.0714422,3426.46466622,624121,0.0
2.86784,2255,624.8356795310974,3,734.933,0.85814383626,0.031839,777.08,-0.0490298,3390.20559159,625767,0.0
2.85145,2258,626.8853046894073,3,848.959,0.757799372077,0.0407705,782.41,-0.0487827,3420.47613875,628683,0.0
2.82388,2261,628.9220762252808,3,438.158,0.841322481632,0.0570953,779.1,-0.0586438,3403.48859195,630722,0.0
2.80858,2264,630.9450640678406,3,156.11,0.936484187841,0.0390644,775.49,-0.0758261,3385.48070682,632614,0.0
2.80224,2266,632.979264497757,2,158.728,0.912213355303,0.0360692,780.97,-0.0649401,3414.47708201,634415,0.0
2.77313,2270,635.0000426769257,4,280.619,0.869098797441,0.0622768,759.16,-0.0734751,3320.96672112,636234,0.0
2.77107,2273,637.0381681919098,3,810.483,0.816883534193,0.0505412,760.26,-0.0576277,3323.496521,638339,0.0
2.7437,2276,639.0648601055145,3,835.238,0.783569917083,0.0461962,756.8,-0.0501851,3309.51653607,640489,0.0
2.79809,2279,641.0851414203644,3,904.267,0.844722956419,0.0420735,750.15,-0.0435325,3284.26005438,642824,0.0
2.78745,2282,643.1323363780975,3,370.01,0.876679845154,0.0438579,744.2,-0.0553528,3258.87585258,644818,0.0
2.74313,2285,645.1482424736023,3,917.596,0.837207555771,0.0458917,732.1,-0.0458278,3205.11365003,646460,0.0
2.72358,2288,647.1794729232788,3,1442.32,0.706536650658,0.0340174,742.15,-0.0458207,3254.68092429,649091,0.0
2.70636,2290,649.2097661495209,2,835.139,0.800289183855,0.0334931,739.68,-0.0433517,3242.85560265,650749,0.0
2.67501,2292,651.2254769802094,2,454.16,0.629021376371,0.0284212,749.95,-0.0465939,3294.78551105,652749,0.0
2.69823,2294,653.2642529010773,2,1570.85,0.41663402319,0.0436251,753.59,-0.0410263,3313.7369235,654749,0.0
2.69219,2298,655.2954428195953,4,853.472,0.850427851081,0.049559,741.35,-0.0516943,3261.07266945,657300,0.0
2.68584,2300,657.3121998310089,2,538.039,0.802917271852,0.0400302,741.32,-0.0430471,3258.45482473,658796,0.0
2.63517,2303,659.3587589263916,3,301.379,0.859884724021,0.062107,748.6,-0.0693027,3295.03005547,661406,0.0
2.59476,2305,661.404678106308,2,855.615,0.790439784527,0.0632575,754.57,-0.0342697,3322.11569294,663219,0.0
2.57123,2307,663.4201321601868,2,328.5,0.836616486311,0.0437764,751.05,-0.0350732,3307.47684799,664772,0.0
2.57082,2310,665.4447937011719,3,953.954,0.752568364143,0.0454395,753.55,-0.0498736,3320.28924793,667272,0.0
2.52476,2313,667.4827830791473,3,185.842,0.931378610432,0.0505665,745.56,-0.0693268,3287.17531581,668819,0.0
2.4884,2316,669.5149810314178,3,863.077,0.856121405959,0.033893,738.95,-0.0444502,3257.89509313,671158,0.0
2.4498,2320,671.5461664199829,4,318.637,0.867562875152,0.0544844,722.66,-0.0701044,3183.77459747,673529,0.0
2.46734,2322,673.5621485710144,2,1238.18,0.481542408466,0.029767,729.81,-0.0330091,3217.91490631,675529,0.0
2.47353,2324,675.5931689739227,2,168.707,0.824888810515,0.0349594,735.31,-0.0525984,3244.53288651,677529,0.0
2.46525,2327,677.6228153705597,3,431.645,0.871882468462,0.0580857,727.09,-0.0477475,3207.01741024,679450,0.0
2.43335,2330,679.6557998657227,3,167.878,0.927940383554,0.0581207,722.5,-0.0798706,3185.88732646,681332,0.0
2.38507,2333,681.6706938743591,3,789.794,0.858525678515,0.0435622,722.75,-0.05489,3188.27756079,683965,0.0
2.39037,2336,683.6870224475861,3,157.225,0.95287746191,0.0568523,732.05,-0.0753356,3232.76942292,686068,0.0
2.3554,2338,685.718022108078,2,83.7327,0.899069622159,0.0431879,739.2,-0.0522808,3264.20720051,687940,0.0
2.31824,2341,687.7344055175781,3,111.91,0.95805406943,0.0442905,731.78,-0.070063,3225.63873578,689863,0.0
2.29941,2343,689.7868320941925,2,620.513,0.854056805372,0.0429683,730.6,-0.04729,3211.72857624,691406,0.0
2.2686,2346,691.8349609375,3,392.686,0.897923819721,0.0279798,736.97,-0.0514126,3240.88078423,693800,0.0
2.21711,2349,693.8918681144714,3,121.825,0.947275031358,0.0497057,738.53,-0.0673859,3243.95875948,696194,0.0
2.20652,2352,695.9294493198395,3,578.356,0.808605656028,0.0466835,739.89,-0.0451258,3250.97170614,698110,0.0
2.14919,2355,697.9630856513977,3,158.528,0.940861377865,0.0578309,738.71,-0.0775158,3242.61813413,699638,0.0
2.14022,2357,699.9826204776764,2,1287.96,0.40784496069,0.034755,739.55,-0.0476159,3242.58839315,701638,0.0
2.11714,2361,702.0157961845398,4,623.333,0.861462563276,0.0480211,737.41,-0.0538723,3230.50098951,704463,0.0
2.09884,2363,704.0544722080231,2,701.658,0.727549254894,0.0642365,739.8,-0.0403845,3238.97237555,706107,0.0
2.09311,2365,706.0884273052216,2,712.647,0.804053649306,0.379307,741.64,-0.00557248,3246.90772367,707778,0.0
2.05491,2368,708.123462677002,3,805.638,0.798155590892,0.236814,744.61,-0.0395328,3257.8051805,710075,0.0
2.05448,2370,710.1398859024048,2,750.693,0.80001604557,0.0308089,757.5,-0.0380127,3317.03763494,711984,0.0
2.05077,2373,712.179425239563,3,800.096,0.858413144946,0.0357756,763.7,-0.0418901,3348.15691631,714709,0.0
2.01249,2376,714.2104134559631,3,722.608,0.851847752929,0.0320507,761.42,-0.0467483,3336.17239465,716631,0.0
2.00359,2378,716.2417593002319,2,797.464,0.456549823284,0.0822971,768.07,-0.0356042,3367.01641545,718631,0.0
1.96321,2381,718.2728641033173,3,846.289,0.793697908521,0.0910268,759.45,-0.0449968,3324.90210429,720594,0.0
1.94698,2384,720.2882335186005,3,484.737,0.728815495968,0.0569848,767.72,-0.059576,3361.20111411,722683,0.0
1.94,2386,722.3350942134857,2,896.894,0.531921178102,0.0429586,772.23,-0.0553273,3379.90416599,724683,0.0
1.9191,2389,724.3683993816376,3,102.974,0.945106405765,0.0554125,770.7,-0.0705238,3369.46227792,726819,0.0
1.9236,2391,726.4075372219086,2,1001.34,0.436134397984,0.0672491,770.7,-0.0322753,3365.56596847,728819,0.0
1.91251,2394,728.4286267757416,3,665.978,0.806027770042,0.0434766,762.4,-0.0509563,3323.96868109,730989,0.0
1.91242,2396,730.4606456756592,2,144.566,0.78825981915,0.0512993,769.87,-0.0655083,3356.07956679,732518,0.0
1.89062,2399,732.4949009418488,3,722.419,0.825356155634,0.041945,767.78,-0.0445721,3344.59761869,735078,0.0
1.88081,2401,734.5153117179871,2,800.628,0.741474568844,0.0455523,771.34,-0.0493995,3362.51840265,736930,0.0
1.82832,2403,736.5624947547913,2,794.559,0.579316139221,0.0365869,775.24,-0.0383573,3379.41175954,738930,0.0
1.81831,2405,738.5850768089294,2,355.788,0.818846493959,0.0478126,772.96,-0.0343837,3368.48159324,740515,0.0
1.7964,2408,740.6168060302734,3,850.792,0.845091596246,0.0441961,773.85,-0.0496574,3363.02436166,743157,0.0
1.81974,2410,742.6633522510529,2,834.041,0.802897691727,0.0363171,778.85,-0.0408245,3384.40832214,745157,0.0
1.79666,2412,744.6943988800049,2,1120.26,0.470391154289,0.0653372,788.55,-0.0440069,3429.19453218,747157,0.0
1.79004,2414,746.7186276912689,2,1184.77,0.398590445518,0.152409,794.26,-0.038634,3451.57454035,749157,0.0
1.78037,2416,748.7500336170197,2,568.942,0.77556553483,0.0570509,799.38,-0.056017,3477.70197336,751096,0.0
1.7455,2418,750.7809519767761,2,811.898,0.765389308333,0.749139,810.84,-0.0246705,3531.86728431,753067,0.0
1.72435,2420,752.7966477870941,2,59.7614,0.955131798983,0.0530346,813.75,-0.065756,3546.93477881,754904,0.0
1.74512,2422,754.8351430892944,2,1269.9,0.510133355856,0.0281205,813.75,-0.0351344,3546.44057637,756904,0.0
1.74987,2424,756.8833076953888,2,1007.17,0.344780862331,0.0333311,813.75,-0.0448982,3546.85566869,758904,0.0
1.72091,2426,758.9132344722748,2,524.369,0.767468973994,0.0319734,824.39,-0.0523088,3598.39492529,760889,0.0
1.6889,2429,760.928689956665,3,759.256,0.833950698376,0.0416493,829.39,-0.0460601,3621.21921283,763603,0.0
1.67307,2432,762.9608550071716,3,737.997,0.841436371207,0.0481265,822.58,-0.0510713,3589.1255932,765471,0.0
1.71461,2434,765.0093426704407,2,1191.54,0.541926294565,0.0734103,825.28,-0.0385255,3592.75547334,767471,0.0
1.70188,2436,767.0466935634613,2,996.31,0.442302942276,0.0494726,834.03,-0.0457591,3632.45436229,769471,0.0
1.6875,2438,769.0936424732208,2,1288.07,0.498794436455,0.0482137,835.31,-0.0450847,3639.97598904,771471,0.0
1.67059,2440,771.1093060970306,2,1235.77,0.376759290695,0.0372126,846.08,-0.0484634,3687.46652966,773471,0.0
1.66127,2443,773.1408069133759,3,1166.68,0.56644821167,0.0449787,845.72,-0.0466003,3692.37584126,775978,0.0
1.65205,2445,775.1794826984406,2,788.322,0.742958635092,0.0537274,845.32,-0.0494264,3691.84612338,777637,0.0
1.60869,2447,777.2107138633728,2,290.12,0.806268453598,0.0379999,849.99,-0.0468826,3715.43713402,779525,0.0
1.60953,2449,779.2410650253296,2,1184.13,0.429609656334,0.0639651,853.31,-0.0482563,3732.12110223,781525,0.0
1.61498,2452,781.2567882537842,3,1329.19,0.688988119364,0.0479795,859.29,-0.0521601,3758.38933558,784039,0.0
1.61129,2455,783.288120508194,3,608.374,0.881105422974,0.0432022,863.43,-0.0514356,3779.62728625,785981,0.0
1.5966,2457,785.3351757526398,2,684.471,0.816501781344,0.159888,862.28,-0.0309917,3775.81919282,787866,0.0
1.62159,2459,787.3508632183075,2,1380.09,0.471166431904,0.0489013,867.59,-0.0379676,3803.82730769,789866,0.0
1.58456,2462,789.3675277233124,3,677.667,0.822551414371,0.0369235,870.46,-0.0553421,3821.01759509,792509,0.0
1.56259,2464,791.3978836536407,2,85.0668,0.94043597579,0.0559182,871.97,-0.0718887,3829.21929422,793975,0.0
1.55179,2466,793.42919921875,2,1075.53,0.497534930706,0.0363343,872.25,-0.0387644,3830.13765004,795975,0.0
1.56174,2469,795.4607095718384,3,1271.67,0.728979855776,0.0452877,876.77,-0.0491821,3852.00226552,798661,0.0
1.57652,2471,797.5131151676178,2,1213.22,0.554820030928,0.038636,877.59,-0.0456548,3858.17213742,800661,0.0
1.52512,2473,799.5228877067566,2,1044.1,0.482155799866,0.081455,879.52,-0.0366234,3867.01279421,802661,0.0
1.52287,2475,801.5541300773621,2,1259.74,0.469977319241,0.0524199,882.71,-0.0458242,3885.28353796,804661,0.0
1.49799,2477,803.5880405902863,2,1126.11,0.374548852444,0.0623108,890.3,-0.0478841,3918.8580585,806661,0.0
1.44558,2480,805.6250302791595,3,784.651,0.601390630007,0.0670361,883.57,-0.069581,3881.83797691,808882,0.0
1.42306,2482,807.6635820865631,2,1368.06,0.325069010258,0.04431,898.39,-0.0433608,3952.69350666,810882,0.0
1.37483,2484,809.7110960483551,2,1018.5,0.452656984329,0.0432456,901.99,-0.0505931,3963.4685931,812882,0.0
1.36926,2486,811.7561995983124,2,1179.62,0.399428129196,0.0654968,901.99,-0.0402454,3965.96332334,814882,0.0
1.37333,2488,813.8042027950287,2,531.465,0.817841202021,0.0544069,900.13,-0.0545066,3959.84208352,816239,0.0
1.38084,2491,815.8198943138123,3,1277.74,0.688927590847,0.0404184,901.19,-0.0530716,3962.53050477,818938,0.0
1.37574,2493,817.8540298938751,2,790.077,0.752552181482,0.0618324,909.49,-0.0482461,4000.16323706,820938,0.0
1.38609,2495,819.8743584156036,2,241.815,0.860477879643,0.0616388,913.45,-0.060884,4021.50176108,822863,0.0
1.36847,2498,821.9296493530273,3,135.111,0.919500909746,0.0607113,902.88,-0.0665779,3970.89584795,824736,0.0
1.32419,2501,823.9632451534271,3,211.218,0.888251140714,0.0539522,904.31,-0.0751776,3971.59876929,827361,0.0
1.31164,2503,825.9825780391693,2,129.698,0.92729152739,0.0679464,898.47,-0.0730783,3942.8620718,828777,0.0
1.28497,2506,828.0151550769806,3,267.896,0.910692594945,0.0626928,899.29,-0.0745303,3950.51035575,831444,0.0
1.22435,2508,830.0305650234222,2,68.8965,0.965717036277,0.046887,897.93,-0.0626828,3950.23816432,832950,0.0
1.20047,2512,832.0625655651093,4,180.595,0.880318552256,0.0544252,884.16,-0.0785321,3891.23257104,835573,0.0
1.19256,2514,834.0856170654297,2,1339.08,0.548850148916,0.0418497,884.16,-0.0465428,3895.76529377,837573,0.0
1.17867,2516,836.1036310195923,2,876.255,0.687118947506,0.0451488,883.5,-0.0505228,3893.03256055,839446,0.0
1.20102,2518,838.1406123638153,2,134.441,0.934637211263,0.070456,879.44,-0.0757357,3871.15030484,841011,0.0
1.17903,2521,840.1949937343597,3,709.366,0.802996858954,0.0574041,870.65,-0.0530172,3827.43954507,842969,0.0
1.16354,2524,842.210373878479,3,521.657,0.797259882092,0.0585974,865.48,-0.0579767,3808.20497852,845452,0.0
1.15978,2527,844.2417607307434,3,857.773,0.888043388724,0.250159,855.91,-0.0240785,3757.62136065,847480,0.0
1.14799,2530,846.2653911113739,3,323.892,0.851990818977,0.040802,853.12,-0.0537069,3745.47465048,849915,0.0
1.14228,2533,848.2810759544373,3,200.309,0.885869659483,0.0642813,847.91,-0.0763399,3727.77565838,851262,0.0
1.15006,2535,850.3124611377716,2,576.239,0.803151279688,0.0573741,845.51,-0.0519627,3716.62638788,853022,0.0
1.1269,2538,852.3378241062164,3,987.577,0.608710229397,0.0389258,842.54,-0.054282,3700.69503324,855725,0.0
1.10901,2540,854.3748321533203,2,592.998,0.57345071435,0.232183,839.92,-0.0500805,3691.02526521,857463,0.0
1.10079,2544,856.3906300067902,4,968.429,0.764376506209,0.0618956,830.41,-0.0622084,3642.1705883,860019,0.0
1.11505,2546,858.4139378070831,2,767.951,0.757438108325,0.0600916,830.99,-0.0436869,3646.45808984,861624,0.0
1.08825,2551,860.4468595981598,5,220.746,0.939156048,0.0588284,808.93,-0.0679943,3539.97112587,863932,0.0
1.0623,2554,862.484215259552,3,176.342,0.891805887222,0.0788533,808.21,-0.065966,3540.4563695,865802,0.0
1.04438,2557,864.5156514644623,3,159.372,0.923758998513,0.0602213,795.18,-0.076017,3475.42230292,867384,0.0
1.01856,2560,866.538743019104,3,805.585,0.808839052916,0.0488769,789.16,-0.0497693,3444.20316754,869726,0.0
1.04404,2563,868.5785188674927,3,175.481,0.919231384993,0.0722758,784.38,-0.0753283,3422.60505656,871638,0.0
1.03238,2566,870.6005520820618,3,1310.76,0.565425008535,0.0479015,784.92,-0.0513697,3422.91300113,874467,0.0
1.05799,2569,872.6325957775116,3,820.302,0.828068673611,0.148029,775.37,-0.0349284,3378.57725835,876198,0.0
1.05193,2572,874.6874635219574,3,342.39,0.784421384335,0.0497989,767.65,-0.062713,3338.67986343,878426,0.0
1.04193,2574,876.7108023166656,2,583.038,0.746758073568,0.0779943,764.94,-0.0511642,3324.00836494,880155,0.0
1.03518,2576,878.7441833019257,2,1345.15,0.604168593884,0.0569676,764.94,-0.0485702,3318.58518747,882155,0.0
1.01991,2578,880.7650077342987,2,1181.21,0.509397774935,0.0483281,769.09,-0.0495151,3338.13392571,884155,0.0
0.993589,2581,882.7921245098114,3,667.685,0.84544737637,0.0568868,763.28,-0.0453549,3316.45080291,886210,0.0
0.987311,2583,884.8045327663422,2,518.605,0.770253092051,0.0472044,760.94,-0.0596129,3311.40590276,887976,0.0
0.950918,2586,886.8544025421143,3,139.481,0.903167366982,0.0468152,755.71,-0.0737141,3286.91590877,890453,0.0
0.954014,2589,888.8776030540466,3,769.402,0.851020872593,0.0999863,754.76,-0.0327383,3284.80511544,892715,0.0
0.955404,2591,890.9183547496796,2,400.868,0.757726356387,0.0516341,757.77,-0.0592112,3298.83026382,894715,0.0
0.952366,2594,892.9370422363281,3,914.205,0.7974819839,0.0481255,750.12,-0.0549013,3265.17441696,896950,0.0
0.913437,2597,894.9830906391144,3,703.253,0.819532752037,0.0517381,747.08,-0.0526976,3248.64881826,898883,0.0
0.887575,2599,897.0312530994415,2,490.023,0.75249619782,0.0518482,748.09,-0.0552481,3256.68630156,900545,0.0
0.913948,2602,899.0554966926575,3,168.252,0.940288558602,0.0898661,751.62,-0.0754405,3276.06115514,903143,0.0
0.913998,2604,901.094348192215,2,444.335,0.776530995965,0.0523367,750.37,-0.0517798,3270.46234131,904814,0.0
0.916984,2607,903.1166315078735,3,483.449,0.801218226552,0.0435605,746.79,-0.0564437,3252.77233166,906687,0.0
0.87946,2609,905.1301724910736,2,820.932,0.692179709673,0.0898432,746.62,-0.0467858,3251.41851741,908584,0.0
0.852683,2612,907.1638069152832,3,1293.91,0.630921453238,0.0584535,756.24,-0.0546089,3292.17200169,911197,0.0
0.837257,2615,909.1949377059937,3,173.991,0.911603219807,0.0674171,745.75,-0.0792344,3240.23194569,913148,0.0
0.800992,2617,911.2262654304504,2,819.501,0.768563941121,0.0453748,749.25,-0.0554576,3251.4032326,915131,0.0
0.787119,2620,913.2606816291809,3,488.423,0.837743252516,0.0527411,750.9,-0.0511945,3260.69984957,917430,0.0
0.791216,2622,915.2967839241028,2,756.635,0.75168325007,0.0484152,750.89,-0.0552991,3255.68581394,919058,0.0
0.7715,2625,917.3122539520264,3,827.84,0.856411367655,0.0481068,752.34,-0.0597313,3251.3906367,921065,0.0
0.763393,2627,919.343275308609,2,1213.51,0.638674259186,0.0695098,755.85,-0.0591204,3263.41399197,923065,0.0
0.773699,2630,921.3914678096771,3,814.17,0.835114359856,0.0515365,753.65,-0.0543738,3246.56367842,925280,0.0
0.763086,2633,923.4291787147522,3,184.022,0.869143113494,0.0580447,763.7,-0.0589326,3288.92955211,927632,0.0
0.753471,2635,925.4605796337128,2,902.575,0.481245815754,0.0558975,766.1,-0.0430795,3302.26122555,929632,0.0
0.757584,2637,927.4762859344482,2,550.88,0.764173999429,0.0807023,762.99,-0.0486008,3288.85670002,931024,0.0
0.751653,2639,929.5107338428497,2,1085.41,0.478333771229,0.043728,765.61,-0.0445632,3300.02184169,933024,0.0
0.761772,2642,931.5310559272766,3,1525.53,0.68370744586,0.0600855,766.04,-0.0432911,3300.25717372,935880,0.0
0.769468,2645,933.5770666599274,3,696.49,0.834354788065,0.078229,767.78,-0.0510468,3308.05307909,937797,0.0
0.755203,2647,935.6248614788055,2,1321.09,0.362573385239,0.0371152,774.74,-0.0452274,3338.32878659,939797,0.0
0.720557,2649,937.6567966938019,2,70.1113,0.930296093225,0.0703196,783.97,-0.0602289,3383.72664431,941612,0.0
0.694281,2652,939.6791467666626,3,760.094,0.866460740566,0.0802879,794.42,-0.0634738,3429.79146487,944032,0.0
0.666274,2654,941.7266297340393,2,1205.79,0.489120364189,0.0522778,802.3,-0.0443776,3463.0805883,946032,0.0
0.64289,2656,943.7587249279022,2,1258.85,0.390159606934,0.0609231,809.92,-0.0416812,3497.09927793,948032,0.0
0.626903,2660,945.791880607605,4,347.393,0.874025851488,0.0552047,805.07,-0.0581455,3475.47491599,950233,0.0
0.606986,2663,947.8434908390045,3,860.306,0.829251438379,0.0682602,805.62,-0.050417,3477.30705733,952200,0.0
0.591245,2665,949.858918428421,2,793.869,0.809381812811,0.0570858,806.22,-0.0501561,3474.10654701,954089,0.0
0.581765,2667,951.9055166244507,2,1405.39,0.427612602711,0.0675749,806.22,-0.0357349,3474.10090798,956089,0.0
0.617298,2670,953.9116141796112,3,80.7857,0.961595635861,0.0838703,807.79,-0.0683817,3483.47883105,957977,0.0
0.607098,2673,955.9252200126648,3,777.969,0.839041396976,0.0518366,810.27,-0.055707,3494.57377256,960453,0.0
0.581449,2675,957.9495253562927,2,787.005,0.736024051905,0.0757256,808.64,-0.0504586,3492.24238483,962019,0.0
0.532482,2677,959.9756577014923,2,214.625,0.80931904912,1.24925,807.21,-0.0114394,3486.26692271,963876,0.0
0.497256,2679,962.0168590545654,2,159.725,0.879511319101,0.0570591,806.42,-0.0655307,3481.65986031,965797,0.0
0.472838,2682,964.0368180274963,3,774.577,0.832452774048,0.0420741,809.7,-0.059671,3491.50115476,968180,0.0
0.452466,2685,966.0723764896393,3,61.1258,0.946740541607,0.0549742,806.02,-0.0687855,3475.82140609,970263,0.0
0.478829,2687,968.0937016010284,2,805.531,0.785196483135,0.0475112,806.37,-0.0464676,3476.65340856,971933,0.0
0.457986,2690,970.1166779994965,3,1492.87,0.65229460597,0.0369217,807.08,-0.0414559,3486.36330396,974423,0.0
0.468005,2693,972.1323432922363,3,104.494,0.944618429989,0.151389,799.89,-0.0719793,3452.05948631,976086,0.0
0.466586,2696,974.164311170578,3,257.477,0.87850368768,0.0521485,799.15,-0.0461518,3445.72928082,978258,0.0
0.460794,2699,976.210205078125,3,1101.41,0.600100129843,0.0495526,800.0,-0.0631032,3446.82307854,980545,0.0
0.421807,2701,978.2263157367706,2,342.773,0.765445068479,0.0608239,799.68,-0.0574986,3445.41325619,982153,0.0
0.447661,2703,980.2612805366516,2,1337.24,0.383419156075,0.475515,803.39,-0.0212854,3462.88958387,984153,0.0
0.412492,2706,982.2966244220734,3,1061.56,0.689547091722,0.0539537,810.4,-0.0452986,3494.31999472,986727,0.0
0.404849,2708,984.312518119812,2,887.295,0.581283569336,0.0590938,809.33,-0.0596003,3490.42030201,988620,0.0
0.375925,2710,986.3521554470062,2,406.091,0.784363329411,0.0472438,808.19,-0.0430537,3484.63032777,990403,0.0
0.368454,2713,988.3816924095154,3,1380.02,0.625759989023,0.195217,807.27,-0.0355407,3480.19854799,992841,0.0
0.354137,2716,990.3980956077576,3,132.937,0.896529875696,0.0733046,808.6,-0.0603091,3492.2086471,994991,0.0
0.329654,2718,992.4482998847961,2,1491.74,0.28838300705,0.0481575,812.37,-0.0458088,3510.69927119,996991,0.0
0.270921,2720,994.5310063362122,2,839.944,0.731196820736,0.0655422,813.52,-0.0486142,3518.94748235,998782,0.0
0.266885,2722,996.5466749668121,2,1325.31,0.395478129387,0.162879,817.24,-0.0261947,3536.57510651,1000782,0.0
